﻿date,policy,Restrict/Close,Opening (State),Deferring to County,Testing,Education,Health/Medical,Emergency Level,Transportation,Budget,Social Distancing,Other,Vaccine
2-Mar-20,"In response to new coronavirus cases, Governor Polis announced that the state has raised its emergency preparedness level to level 2, with 10 state agencies having a representative available for contact at all hours of the day.",,,,,,,Y,,,,Y,
10-Mar-20,"Governor Polis signed an executive order declaringa state of emergency and requesting certain actions: The Colorado Department of Labor and Employment (CDLE) is directed to engage in emergency rulemaking to ensure workers in food handling, hospitality, child care, health care, and education can get paid sick leave. For workers who test positive and lack access to paid leave, the Governor is directing CDLE to identify additional supports and wage replacement such as access to unemployment insurance. The Colorado Department of Personnel and Administration will engage in emergency rulemaking regarding state employees. The Department of Revenue is directed to temporarily allow Coloradans over the age of 65 to extend their drivers licenses online to avoid having to congregate at DMVs. The Colorado Department of Public Health and the Environment will be opening a drive-up lab at their facility in Lowry to test anyone who has a note from their doctor stating that they meet the criteria for testing. Governor Polis also encouraged the private sector to voluntarily offer paid sick leave.",,,,Y,,,Y,,,,Y,
11-Mar-20,"Governor Polis issued guidance to all K-12 schools recommending that if they have a student or faculty member who tests positive that they close for 72 hours, allowing for schools to be disinfected and for the epidemiologists to conduct an investigation and recommend next steps for those schools. More details on the guidance are available here.",,,,,,,,,,,Y,
11-Mar-20,"Governor Polis also instructedthe Colorado Department of Public Health and the Environment and the Colorado Department of Human Services to engage in emergency rulemaking to limit visitation to facilities that serve older Coloradans, to screen all employees and visitors to these facilities, and to take necessary steps to protect those in these facilities.",,,,,,,,,,,Y,
13-Mar-20,"The Governor issued guidance for large gatherings, recommending canceling or postponing any events with more than 250 people unless there are steps taken to ensure a distance of at least six feet between smaller parties at the event. The Governor's update also highlighted the following actions: The Division of Insurance has made allowances for seniors to get an extra months supply of prescription medications. The state activated the National Guard to provide additional testing capacity around the state and train other community medical providers on standing up their own mobile testing labs. The Governor instructed the Colorado Department of Regulatory Agencies to cut through red tape on licensing medical professionals so that medical professionals with licenses in other states can be licensed in Colorado as quickly as possible. The state has already contracted to have dozens of nurses from out-of-state arrive on Monday to help with Colorado communities that have been hit the hardest. CDPHE has also authorized every EMT and paramedic in the state to administer the test.",,,,,,,,,,,Y,
14-Mar-20,The Governor issued an executive order directing downhill ski resorts to suspend operations for one week to slow the spread of COVID-19 and conserve medical resources in the states mountain communities.,Y,,,,,,,,,,,
14-Mar-20,"The Governor and the Colorado Department of Public Health and Environment is restricted all visitors at skilled nursing, assisted living, and intermediate care facilities to protect the health of the residents and health care workers at those facilities.",Y,,,,,,,,,,,
16-Mar-20,"The Colorado Department of Public Health and Environment issued a public health order to close bars, restaurants, gyms, theaters, and casinos to slow the spread of COVID-19, effective at 8:00 AM on March 17 for the duration of 30 days.",Y,,,,,,,,,,,
16-Mar-20,The Governor announced Department of Motor Vehicles and all Department of Revenue facilities will be closed to the public for one month from March 18  April 18. All state driver license offices will be closed to the public but will continue to process online license and ID renewals and other DMV online services.,Y,,,,,,,,,,,
16-Mar-20,The Colorado Department of Education has received a waiver from the US Department of Agriculture to continue serving free and reduced meals to r students while schools are closed.,,,,,,,,,,,Y,
16-Mar-20,The State of Colorado welcomed 50 nurses dedicated to help with the states COVID-19 response. This was made possible with funding from the Disaster Emergency Fund freed up by The Governor's March 11 Executive Order.,,,,,,Y,,,,,Y,
16-Mar-20,"The Governor announced the launch of the Doing My Part CO digital campaign to encourage residents to practice proper hygiene and social distancing, as well as getting groceries or medicine for elderly neighbors.",,,,,,,,,,,Y,
17-Mar-20,The Governor signed an executive order and House Bill 20-1359 allowing Colorado's political parties to amend certain rules and procedures governing the conduct of their assemblies and conventions and to limit in-person contact during nominating assemblies and conventions.,,,,,,,,,,,Y,
18-Mar-20,"The Governor announced the launch of the Help Colorado Now effort where Coloradans can donate or volunteer, as well as the Colorado COVID Relief Fund, which has already raised nearly $3 million to help Coloradans impacted by COVID-19.",,,,,,,,,,,Y,
18-Mar-20,"The Governor issued an executive order suspending in-person learning in public and private schools across the state from March 23 to April 17. The executive order also directs the following actions: Colorado school districts and the Charter School Institute will make every effort to provide alternative learning opportunities while taking into account the needs of local communities. The Commissioner of Education will issue guidance to support P-12 school systems in developing and implementing plans to assist families and students in accessing alternative learning, providing free and reduced lunch and breakfast, and offering waivers for instructional time as appropriate.",Y,,,,Y,,,,,,,
18-Mar-20,The Governor issued an executive order extending the suspension of downhill ski area operations through April 6. The order extends his previous order suspending ski area operations until March 22.,Y,,,,,,,,,,,
18-Mar-20, The Colorado Department of Public Health issued a public health order prohibiting gatherings of more than 10 people.,Y,,,,,,,,,,,
18-Mar-20,"The Governor signed two bills: HB 20-1301: Allowing local school district boards of education to adopt policies allowing board members to participate in meetings electronically, as long as a quorum of board members is physically present. SB 20-091: Setting the minimum pay for a member of the Colorado National Guard to be equivalent to the pay rate of an enlisted person holding the rank of E-4 with over six years of service.",,,,,,,,,,,Y,
19-Mar-20,"The Governor signed an executive order temporarily suspending elective and nonessential surgeries and procedures to preserve important medical equipment, like personal protective equipment and ventilators.",,,,,,Y,,,,,Y,
19-Mar-20,The Governor issued an updated executive to limit in-person contact concerning elections operations of the Secretary of States Office.,Y,,,,,,,,,,,
19-Mar-20," The Colorado Department of Public Health and Environment issued an updated public health order closing bars, restaurants, theaters, gyms, and casinos to include nonessential personal services facilities, horse track, and off-track betting facilities statewide.",Y,,,,,,,,,,,
19-Mar-20,The Division of Insurance and Connect for Health Colorado announced Emergency Regulation 20-E-02 will establish a special enrollment period for uninsured Coloradans to get health insurance.,,,,,,,,,,,Y,
19-Mar-20,The Governor secured a federal loan valued at $2 Million for small businesses as part of the Small Business Administrations Economic Injury Disaster Loan program. ,,,,,,,,,Y,,Y,
20-Mar-20,"The Governor established the Colorado Emergency Childcare Collaborative, which will create a system of emergency childcare for essential workers, including healthcare and public safety workers.",,,,,,,,,,,Y,
20-Mar-20,The Governor announced the Department of Regulatory Agencies (DORA) is working with state-chartered financial institutions to address the threat of residential and commercial foreclosures and displacement.,,,,,,,,,,,Y,
20-Mar-20,The Governor announced the Colorado Department of Labor and Employments (CDLE) Unemployment Insurance Division to expedite claim payments during this state of emergency.,,,,,,,,,,,Y,
20-Mar-20,"The Governor announced an executive order extending the income tax payment deadline for all Colorado taxpayers by 90 days until July 15, 2020, without penalty or interest. The order includes the following provisions: Does not impose any caps on the amount of tax that can be deferred. Grants an extension for taxpayers who are required to make estimated income tax payments for the 2020 tax year. Directs the Department of Revenue (DOR) to coordinate with local governments that choose to extend tax payment deadlines for property, sales, and use taxes.",,,,,,,,,,,Y,
20-Mar-20,The Governor announced The Governor's Economic Stabilization and Growth Council.,,,,,,,,,,,Y,
20-Mar-20,"The Governor issued an executive order allowing retailers licensed for the sale of on-premises alcohol consumption to sell, deliver or provide takeout for sealed alcoholic beverages if the customer also purchases food. The order includes the following provisions: Suspends the requirement of a physical examination for a medical marijuana card to be issued; and Suspends the prohibition on online sales for retail marijuana stores.",,,,,,,,,,,Y,
22-Mar-20,The Governor signed an executive order directing all of Colorado's non-critical employers to reduce their in-person workforce by 50 percent. The order includes the following provisions: Directs all employers to implement telework options to the greatest extent possible.,,,,,,,,,,,Y,
22-Mar-20,The Governor launched the states Innovation Response Team (IRT) to bring together public and private sector resources and innovations.,,,,,,,,,,,Y,
25-Mar-20,"The Governor announced a statewide stay-at-home order beginning on Thursday, March 26 at 6:00 a.m. that will last until April 11, 2020.",Y,,,,,,,,,,,
26-Mar-20,The Governor released an updated public health order in accordance with his executive order implementing a statewide stay-at-home order to include other critical services.,,,,,,,,,,,Y,
26-Mar-20,The Governor issued an executive order authorizing certain state agencies to promulgate and issue emergency rules extending the expiration date for certain licenses and other documents to limit in-person renewals.,,,,,,,,,,,Y,
26-Mar-20,The Governor issued an executive order updating protocol for state prisons and community corrections facilities by providing flexibility to suspend certain requirements.,,,,,,,,,,,Y,
26-Mar-20," The Centers for Medicare & Medicaid Services (CMS) approved Colorado's request for a Section 1135 Medicaid waiver. The approved waiver enables Colorado to provide flexibilities in Medicaid provider screening and enrollment, forgo certain pre-admission screening and annual resident review assessments, lift prior authorization requirements, allow for reimbursement facility services in alternative settings, extend fair hearing timelines, and waive public comment and tribal consultation requirements for certain changes to the Medicaid state plan.",,,,,,,,,,,Y,
26-Mar-20,The Governor issued an executive order temporarily suspending the personal appearance requirement before notarial officers to perform notarizations. The order also authorizes the Secretary of State to promulgate and issue temporary emergency rules in order to facilitate remote notarization.,,,,,,,,,,,Y,
26-Mar-20,The Governor issued an executive order allowing Coloradans to get their marriage licenses without going in person.,,,,,,,,,,,Y,
27-Mar-20,The Governor issued an executive order allowing the state to access additional funds from the Disaster Emergency Fund.,,,,,,,,,Y,,Y,
27-Mar-20,"The Colorado Division of Insurance (DOI), part of the Department of Regulatory Agencies (DORA), took action to reduce insurance delays for restaurants and workers. The emergency regulation 20-E-03 removes restrictions on two different types of auto insurance for the duration of Public Health Order 20-22.",,,,,,,,,,,Y,
27-Mar-20,"The Governor announced an updated public health order corresponding with the stay-at-home executive order. The changes include: Critical businesses must comply with a stay at home and social distancing requirements and should minimize staff to those who are critical to the functioning of the business; Necessary travel now includes transporting children between separate households pursuant to a parenting plan or other agreement governing parental responsibilities and non-residents returning to their place of residence; Essential government services now include airports, activities related to the conduct of elections, and local governments; and Minimum basic operations now include filling online product orders and to process customer orders remotely.",,,,,,,,,,,Y,
29-Mar-20,The Governor announced that President Donald Trump has approved his request in declaring a Major Disaster for the State of Colorado.,,,,,,,Y,,,,Y,
31-Mar-20,The Governor urged the Acting Secretary of the Department of Homeland Security to request automatic extensions of work authorizations for all Deferred Action for Childhood Arrivals (DACA) recipients whose grants expire in 2020.,,,,,,,,,,,Y,
1-Apr-20,The Governor announced that he would extend the suspension of normal in-person learning at all public and private elementary and secondary schools until April 30.,Y,,,,,,,,,,,
1-Apr-20,The Governor issued an executive order expanding the use of telehealth services.,,,,,,Y,,,,,,
2-Apr-20,"The Governor announced the Special Enrollment Period for individual health insurance will be extended to run through April 30, 2020. The original period that was announced on March 19 was set to end on Friday, April 3.",,,,,,,,,,,Y,
3-Apr-20,"The Governor announced that he is asking all Coloradans to wear cloth face coverings when they go out of the house for essential functions like grocery shopping. The state has partnered with ColoradoMaskProject.com, where people can find patterns for making their own masks and ideas for how to help others, who cant make their own, get one.",,,,,,,,,,Y,,
6-Apr-20,The Governor announced an extension to the stay-at-home executive order until April 26.,Y,,,,,,,,,,,
6-Apr-20,The Governor issued an executive order allowing for a one-month extension for filing and remitting state and state-administered local sales tax. ,,,,,,,,,,,Y,
9-Apr-20,"The Governor issued an executive order today extending the disaster emergency declaration for COVID-19 for an additional 30 days. The executive order also extends deadlines for state severance taxes from April 15 until May 15, 2020.",,,,,,,,,,,Y,
9-Apr-20,"The Governor issued an executive order suspending certain regulatory statutes concerning juvenile justice, regional centers, and behavioral health to provide the Colorado Department of Human Services with flexibility to respond to COVID-19.",,,,,,,,,,,Y,
12-Apr-20,"The Governor unveiled a new state website with free resources, stayathomeco.colorado.gov. It has health resources, education, entertainment, and more to make staying at home more bearable. ",,,,,,,,,,,Y,
13-Apr-20,"The Governor sent a letter encouraging hotel and motel owners and operators to rise to the challenge in addressing COVID-19 by entering agreements to temporarily house homeless Coloradans, along with some of the states most vulnerable.The Governor also sent a letter in response to the General Assembly, Denver City Council and RTD Board, saying that he will mobilize 250 Colorado National Guard (CONG) members to support existing shelters in the City and County of Denver with staffing shortages for those who are experiencing homelessness.",,,,,,,,,,,Y,
14-Apr-20,"The Governor issued an executive order, amending previous orders which supports emergency childcare for essential workers and temporarily suspends certain statutes, enabling schools and school districts to focus on delivering instruction and student services. ",,,,,,,,,,,Y,
14-Apr-20,"The Governor issued an executive order, extending and amending previous orders which limits in-person contact for the 2020 elections and the secretary of states operations. The executive order is extended by an additional 30 days. ",,,,,,,,,,,Y,
15-Apr-20,"The Governor announced the key indicators that are guiding Colorado's process for ongoing updates to policies, guidance, and requirements on statewide social distancing measures. The indicators are: Implementing social distancing measures in an economically and psychologically sustainable manner;Ensuring the capacity to care for those who are ill (COVID-19 and non-COVID-19 related illnesses) without sacrificing the quality of care; and Increasing efforts to prevent infection in vulnerable Coloradans.",,,,,,,,,,Y,Y,
15-Apr-20,The Governor issued anexecutive order providing hospitals and health care providers more flexibility to expand the trained medical personnel available to provide health care services within inpatient facilities. ,,,,,,,,,,,Y,
15-Apr-20,The Governor issued an executive order temporarily suspending a statute concerning fire bans in order to provide boards of county commissioners with broader discretion and greater flexibility to implement restrictions on open burning. ,,,,,,,,,,,Y,
17-Apr-20,The Governor and the Colorado Department of Public Health and Environment issued an updated public health order that will require long-term care facilities to create a detailed isolation plan and submit it to CDPHE for review by May 1.,,,,,,,,,,,Y,
17-Apr-20,"The Governor announced that the Colorado National Guard will deploy to conduct testing at the three largest nursing homes in the state, and that the state will be deploying additional testing and human resources to other facilities as needed.",,,,Y,,,,,,,Y,
17-Apr-20,The Governor issued an executive order requiring that staff at critical businesses wear non-medical face coverings while at work and wear gloves (if gloves are provided by an employer) when in contact with customers or goods.,,,,,,,,,,Y,Y,
17-Apr-20,"The Governor's Council on Economic Stabilization and Growth allocated $2.5 million from the Colorado Economic Development Commission as seed money for the Energize Colorado Gap Fund. This assistance fund will ask foundations, corporations and wealthy individuals to provide money that can be provided to struggling enterprises in the forms of loans and grants.",,,,,,,,,,,Y,
17-Apr-20,"The Governor established the COVID Health Equity Response Team to address racial inequities regarding positive cases and deaths related to COVID-19. The Response Team will:Ensure equity as a factor in decision-making around logistics and resources;Increase access to testing and care services;Ensure racial and ethnicity COVID-19 data are accessible, transparent and used in decision-making; andShare time-sensitive information about how Colorado communities are experiencing particular challenges related to the COVID-19 response.",,,,Y,,,,,,,Y,
19-Apr-20,"The Governor issued an executive order amending and extending Executive Order D 2020 010, which suspended statute to extend the income tax payment deadlines to July 15, 2020 for all Colorado taxpayers to quickly provide relief from payment and penalties. The new executive order extends Executive Order D 2020 010 for another thirty days and aligns with the IRS filing date extension.",,,,,,,,,,,Y,
20-Apr-20,"The Governor announced that starting April 27, the state will move onto the Safer at Home phase. During this phase, Coloradans will no longer be ordered to stay home but are still strongly encouraged to do so. ",,Y,,,,,,,,,,
22-Apr-20,The Governor issued an executive order extending the suspension of normal in-person instruction at all public and private elementary and secondary schools until the end of the 2019-2020 school year. ,Y,,,,Y,,,,,,,
23-Apr-20,The Governor extended an executive order authorizing certain state agencies to promulgate and issue emergency rules extending the expiration date for certain licenses and other documents to limit in-person renewals.,,,,,,,,,,,Y,
23-Apr-20,The Governor amended and extended an executive order that suspends certain criminal justice statutes to give the Colorado Department of Corrections discretion to combat the spread of COVID-19 in state prisons. ,,,,,,,,,,,Y,
25-Apr-20, The Colorado Office of Economic Development extended funds to the states three nonprofit microlenders allowing them to provide loans through the federal Paycheck Protection Program.,,,,,,,,,,,Y,
26-Apr-20,The Governor issued an executive order outlining a new level in Colorado's response including a more sustainable way of living for Coloradans while slowing the spread of the virus and allowing more Coloradans to return to work.,,,,,,,,,,,Y,
26-Apr-20,"The Governor issued an executive order allowing medical, dental, and veterinary voluntary or elective surgeries and procedures to resume as long as the health care facility or other setting is following the required safety protocols.",,,,,,,,,,,Y,
26-Apr-20,The Governor issued an executive order establishing the New Normal Advisory Board that will coordinating and harmonizing policies and rules designed to maximize social distancing during the Safer at Home phase. ,,,,,,,,,,Y,Y,
27-Apr-20,"The Governor announced Colorado along with Nevada has joined California, Oregon and Washington in the Western States Pact  a working group of Western state governors with a shared vision for modifying stay at home and fighting COVID-19.",,,,,,,,,,,Y,
27-Apr-20,The Governor issued an executive order implementing a number of measures for the safer-at-home phase that will allow many Coloradans to return to work while we maintain a sustainable level of social distancing. ,,Y,,,,,,,,Y,,
30-Apr-20, The Office of eHealth Innovation (OeHI) announced the state is expanding access to telehealth resources for Coloradans. ,,,,,,,,,,,Y,
30-Apr-20,"The Governor issued an executive order restricting spending for the current fiscal year ending June 30, 2020.",,,,,,,,,,,Y,
30-Apr-20,The Governor issued an executive order directing the Department of Health Care Policy and Financing to provide additional funds to nursing homes and other congregate care facilities.,,,,,,,,,,,Y,
30-Apr-20,The Governor issued an executive order extending the date that unaffiliated candidates may begin collecting signatures.,,,,,,,,,,,Y,
30-Apr-20,"The Governor extended executive orders for the following actions: Temporarily suspending the personal appearance requirement before notarial officers to perform notarizations;Temporarily suspending requirements preventing issuance of marriage licenses;Extending the closure of downhill ski areas until May 23; Expanding the use of telehealth services;Temporarily suspending certain statutes to provide State agencies with flexibility to fulfill their duties, and Limiting evictions, foreclosures, and public utility disconnections to provide relief to Coloradans.",,,,,,,,,,,Y,
1-May-20,The Governor announced a new special assignment committee within the Behavioral Health Task Force that will focus on the effects of COVID-19 on behavioral health in Colorado. ,,,,,,,,,,,Y,
1-May-20,The Governor announced that FEMA has activated the Crisis Care Program (CCP) for the State of Colorado. The CCP provides reimbursements to local organizations that support individuals and communities as they recover from the psychological effects of disasters.,,,,,,,,,,,Y,
1-May-20,The Governor issued an executive order temporarily suspending certain statutes concerning taxpayer filing requirements for certain taxable property. ,,,,,,,,,,,Y,
1-May-20,"The Governor announced 2-1-1, Colorado's free information hotline, will now be answering questions about worker protections and health care discrimination. ",,,,,,,,,,,Y,
4-May-20,The Governor issued an executive order to allow food trucks to operate at Colorado's rest areas to support truckers and the movement of commercial vehicle activities.,,,,,,,,,,,Y,
4-May-20,The Governor unveiled a new interactive map of community-based testing sites that local public health departments have set up across the state.,,,,,,,,,,,Y,
4-May-20,"The Governor issued an executive order continuing the extension for filing and remitting state and state-administered local sales tax until May 20, 2020.",,,,,,,,,,,Y,
6-May-20,The Governor announced the Center for Medicaid & Medicare Services (CMS) approved an emergency funding request for $7.9 million to telemedicine and other critical health innovation and infrastructure projects to ensure clinicians and patients are safe and healthy during this uncertain time.,,,,,,,,,,,Y,
8-May-20,The Governor issued an executive order extending the Disaster Emergency Declaration for COVID-19.The order also extends the employment of the Colorado National Guard to support and provide planning resources to state and local authorities.,,,,,,,,,,,Y,
8-May-20,The Governor issued an executive order extending the Disaster Emergency Declaration for COVID-19.,,,,,,,,,,,Y,
8-May-20,The Governor announced a new initiative: Can Do Colorado. This will provide guidance and tips to businesses about increasing teleworking capabilities and highlight businesses that are being creative and going above and beyond to run their businesses safely and remotely.,,,,,,,,,,,Y,
8-May-20,"The Governor launched Connect to Care Jobs through the Department of Health Care Policy and Financing (HCPF), in partnership with ADvancing States, to match health care job seekers with immediate openings in residential care settings.",,,,,,,,,,,Y,
8-May-20,"The Governor issued an executive order extending the temporary suspension of certain statutes to provide an extension for filing and remitting state severance tax until May 15, 2020.",,,,,,,,,,,Y,
10-May-20,The Governor issued an executive order amending and extending previous and temporarily suspending certain regulatory statutes related to the Colorado Department of Human Services (CDHS).,,,,,,,,,,,Y,
11-May-20,"The Governor announced the Colorado Department of Education and the Colorado Education Initiative are partnering with Rocky Mountain Public Media (RMPBS, KUVO JAZZ, The DROP) to provide K-3 learners, and their families and caregivers with direct-to-home remote literacy learning though Colorado Classroom  Read With Me at Home starting May 18.",,,,,,,,,,,Y,
11-May-20,"The Governor announced that starting May 12, residents may begin booking campsites at campgrounds in state parks where host counties that would like them open. Sites must observe social distance and sanitation guidelines and accept campers by reservation only.",,Y,,,,,,,,,,
12-May-20,The Governor launched Spanish language Facebook and Twitter pages to help disseminate important information related to COVID-19.,,,,,,,,,,,Y,
14-May-20,The Governor issued an executive order continuing the temporary suspension of statute in order to provide boards of county commissioners with broader discretion and greater flexibility to implement restrictions on open burning,,,,,,,,,,,Y,
14-May-20,The Governor issued an executive order continuing the temporary suspension of certain statutes and rules to expand the health care workforce for hospitals and other inpatient treatment facilities.,,,,,,,,,,,Y,
17-May-20,The Governor issued an executive order authorizing the Colorado Department of Public Health and Environment (CDPHE) toreallocateexisting funds from contracts with local public health agencies to COVID-19 response activities. CDPHE was also authorized to redirect certain state funds to behavioral research designed to inform COVID-19 recommendations and educational campaigns focused on minority and traditionally disadvantaged communities.,,,,,,,,,,,Y,
17-May-20,The Governor extended an executive orderto help protect workers and residents in long-term care facilities and many other critical industries.,,,,,,,,,,,Y,
17-May-20,The Governor issued an executive order suspending certain statutes that will allow Coloradans to remain eligible for critical programs like Medicaid and the Childrens Basic Health Plan.,,,,,,,,,,,Y,
17-May-20,"The Governor issued an executive order extending certain state income tax payment deadlines until July 15, 2020 for all Colorado taxpayers to quickly provide relief from payment and penalties.",,,,,,,,,,,Y,
17-May-20,"The Governor issued an executive order concerning signature collection for ballot issues, which authorizes the Secretary of State to create temporary rules for registered electors to receive and return issue petitions over mail and email, and to support safe in-person signature gathering.",,,,,,,,,,,Y,
17-May-20,"The Governor issued an executive order which temporarily suspends the statutory provisions requiring registered electors to sign petitions for unaffiliated and independent candidates in the presence of a petition circulator, and authorizes the Secretary of State to issue rules that allow for signature collection in a manner that protects public health.",,,,,,,,,,,Y,
17-May-20,"The Governor issued an executive orderlimiting in-person contact for the 2020 elections while allowing the elections to proceed safely and without interruption to the Secretary of States operations.Colorado Department of Public Health and Environment (CDPHE) also updated the states Safer At Home Public Health Order (PHO) to further clarify that elections are a critical government function. The order adds to its list election operations, including election judges, signature gatherers and circulators, campaign workers, and volunteers.",,,,,,,,,,,Y,
18-May-20,"The Governor announced how the state will spend $1.67 billion in federal coronavirus aid, directing more than half of it to the states schools, colleges and universities.",,,,,,,,,,,Y,
20-May-20,The Governor issued an executive order allowing the operation of alternate care sites.,,,,,,,,,,,Y,
22-May-20,The Governor issued an executive order that increases Colorado's Medicaid home health workforce and eliminates copays for COVID-19testingfor individuals who rely on Medicaid.,,,,,,,,,,,Y,
22-May-20,The Governor issued an executive orderextending the states disaster declaration.,,,,,,,,,,,Y,
22-May-20,"The Governor amended an executive order concerningcriminal justice, extending provisions related to the Department of Corrections (DOC) duty to receive and take custody of individuals.",,,,,,,,,,,Y,
24-May-20,The Governor amended and extended an executive order authorizing certain state agencies to promulgate and issue emergency rules extending the expiration date of licenses and other documents.,,,,,,,,,,,Y,
25-May-20,"The Governor updated and extended the Safer at Home Executive Order. The executive order also directs the relevant agencies to develop and issue guidance related to restaurants and summer camps.Beginning on May 27, restaurants will be able to open for in-person dining at 50% capacity of the indoor posted occupancy code limit, but they cannot exceed 50 people, whichever is less.Childrens day camps and youth sports camps will open on Monday, June 1, 2020. Residential overnight camps will be closed in June. Decisions for July and August overnight camps will be made in mid-June.Effective  private campsites are open.",,Y,,,,,,,,,,
25-May-20,The Governor announced the expiration of the executive order closing ski resorts. Ski resorts may work to secure approval from their local authorities to open.,,,Y,,,,,,,,,
26-May-20,The Governor issued an executive order allowing voluntary or elective surgeries and procedures to proceed under certain conditions.,,Y,,,,,,,,,,
28-May-20,The Governor issued an executive order changing the fund source for the accounting of certain CARES Act Fund dollars for education and clarifies the permissible uses of CARES Act Fund dollars for units of local government.,,,,,,,,,,,Y,
28-May-20,"The Governor issued an executive order amending Executive Order D 2020 070 directing the expenditure of federal funds pursuant to the Coronavirus Aid, Relief, and Economic Security Act of 2020 (CARES Act).",,,,,,,,,,,Y,
29-May-20,"The Governor extended theexecutive orderlimiting evictions, foreclosures, and public utility disconnections and expediting unemployment insurance claim processing for 15 days.",,,,,,,,,,,Y,
29-May-20,The Governor signed an extension for the Colorado Department of Health Care Policy and Financing (HCPF) to provide additional funds to nursing homes and other congregate care facilities that care for vulnerable older and disabled populations.,,,,,,,,,,,Y,
29-May-20,The Governor signed an extension and amended the following executive orders: Temporarily suspending certain regulatory statutes; Petition collection for unaffiliated and independent candidates; Temporarily suspending th epersonal appearance requirement before notarial officersto perform notarizations; Suspending certain statutes preventing the issuance of marriage licenses when county clerk and recorder offices are closed; and Expanding telehealth services.,,,,,,Y,,,,,Y,
3-Jun-20,The Governor announced that the Corporation for National and Community Service (CNCS) will mobilize more than 800 AmeriCorps and Senior Corps members to support the State of Colorado's COVID-19 response.,,,,,,,,,,,Y,
3-Jun-20,"The Governor announced the opening up of playgrounds and swimming pools at limited capacity, and has also released draft guidance on reopening houses of worship, certain forms of outdoor recreation and personal recreation, and updates to the child care and personal services guidance.",,Y,,,,,,,,,,
5-Jun-20,"The Governor issued an executive order allowing restaurants to obtain temporary approval from state and local licensing authorities to modify their licensed premises to include outdoor dining areas within 1,000 feet of the restaurant, and also allowing for the consumption of alcoholic beverages on a public right of way.",,Y,,,,,,,,,,
8-Jun-20,"The Governor announced a partnership with Kinsa, a public health company, to distribute 15,000 Kinsa smart thermometers to families of first responders and essential workers in Aurora, Montrose, and Edwards.",,,,,,Y,,,,,,
8-Jun-20,"The Governor sent a letter to the Director of the Centers for Disease Control and Prevention requesting assistance in ensuring Colorado is prepared to respond during flu season, without overwhelming the health care system.",,,,,,Y,,,,,,
9-Jun-20,"The Governor issued an executive order amending and extending prior executive orders suspending certain regulatory statutes concerning juvenile justice, regional centers, and behavioral health.",,,,,,,,,,,Y,
11-Jun-20,"The Governor announced the Can Do Colorado Community Challenge, an extension of Can Do Colorado, which spotlights and supports innovative businesses that are finding creative ways to continue serving their customers safely, implementing teleworking, and reducing in-person interactions during the COVID-19 pandemic.",,,,,,,,,,,Y,
12-Jun-20,The Governor issued an executive order extending changes to the 2020 primary election to limit in-person contact while allowing the elections to proceed safely and without interruption to the Secretary of States operations.,,,,,,,,,,,Y,
12-Jun-20,The Governor issued an executive order expanding the health care workforce for hospitals and other inpatient treatment facilities.,,,,,,Y,,,,,,
14-Jun-20,The Governor issued an executive order requiring state agencies to help prevent evictions of tenants economically harmed by the coronavirus pandemic.,,,,,,,,,,,Y,
14-Jun-20,The Governor issued an executive order allowing the Department of Local Affairs to continue to provide rental and mortgage assistance and encourages local governments to loosen housing restrictions.,,,,,,,,,,,Y,
14-Jun-20,The Governor issued an executive order continuing expedited unemployment insurance claims processing and another providing relief to public utility customers.,,,,,,,,,,,Y,
14-Jun-20,The Governor issued an executive order temporarily suspending certain statutes around signature collection for unaffiliated and independent candidates who are required to file petition.,,,,,,,,,,,Y,
14-Jun-20,The Governor issued an executive order requiring the temporary suspension of certain regulatory statutes concerning the signature collection for ballot issues and authorizing the Secretary of State to create temporary rules to allow for mail and email signature collection.,,,,,,,,,,,Y,
14-Jun-20,The Governor issued an executive order temporarily suspending certain statutes to maintain eligibility for Coloradans enrolled in Medicaid and the Childrens Basic Health Plan.,,,,,,Y,,,,,,
15-Jun-20,"The Governor announced Protect Our Neighbors, a framework that will empower local governments that can demonstrate strong public health and health care systems, paired with low virus levels, to make decisions about how they should reopen.",,,Y,,,,,,,,,
15-Jun-20,The Governor announced a new round of Safer at Home guidelines to further relax restrictions on the economy and society in as safe a way as possible.,,Y,,,,,,,,,,
16-Jun-20,The Governor issued an executive order extending certain state income tax payment deadlines for all Colorado taxpayers to quickly provide relief from payment and penalties.,,,,,,,,,,,Y,
18-Jun-20,"The Governor announced that the state is launching a new website, Health at Home Colorado, that will serve as a one-stop-shop for information about telehealth.",,,,,,Y,,,,,,
19-Jun-20,The Governor issued an executive order allowing for the operation of alternate care sites.,,,,,,Y,,,,,,
20-Jun-20,The Governor issued an executive order extending the state of disaster emergency and providing additional funds for response activities due to the presence of coronavirus.,,,,,,,,,,,Y,
20-Jun-20,"The Governor directed the Colorado Department of Public Health and Environment to issue a public health order requiring that employees, contractors, and others providing services for Mass Transportation Operations and Critical Businesses where employees, contractors, or others who interact in close proximity with other employees or with the public must wear medical or non-medical cloth face.",Y,,,,,,,,,,,
20-Jun-20,The Governor issued an executive to increase the Medicaid home health workforce and eliminate cost-sharing for coronavirus testing and treatment for Medicaid enrollees.,,,,,,Y,,,,,,
20-Jun-20,The Governor extended executive order temporarily suspending certain regulatory statutes concerning criminal justice.,,,,,,,,,,,Y,
20-Jun-20,The Governor issued an executive order with emergency rules extending the expiration date of licenses and other documents.,,,,,,,,,,,Y,
22-Jun-20,"The Governor signs the following legislation that will provide relief and support to residents: HB20-1197: 2-1-1 Statewide Human Services Referral System; HB20-1410: COVID-19-related Housing Assistance; HB20-1411: COVID-19 Funds Allocation For Behavioral Health; HB20-1412: COVID-19 Utility Bill Payment-related Assistance; HB20-1417: Care Subfund In The General Fund; HB20-1422: Food Pantry Assistance Grant Program, HB20-1360: 2020-21 Long Bill",,,,,,,,,,,Y,
24-Jun-20,The Governor issued an executive order allowing voluntary or elective surgeries and procedures to proceed under certain conditions.,,Y,,,,,,,,,,
27-Jun-20, The Governor took the following actions: Issuing an executive order directing the Colorado Department of Human Services to access federal funds for childcare services during the COVID-19 pandemic to ensure stability and consistency for childcare providers and protect the vital role they play for children and families; Extending an executive order concerning the temporary suspension of certain requirements preventing the issuance of marriage licenses; Extending an executive order concerning the suspension of certain regulatory statutes; Extending an executive order ordering the temporary suspension of certain regulatory statutes concerning petition gathering for Unaffiliated and Independent candidates for office. ,,,,,,,,,,,Y,
29-Jun-20, The Governor extended an executive order allowing food trucks to operate at Colorado’s rest areas to support truckers and the movement of commercial vehicle activities.,,,,,,,,,,,Y,
29-Jun-20, The Governor also amended and extended an executive order ordering the temporary suspension of certain statutes concerning taxpayer filing requirements for certain taxable property.,,,,,,,,,,,Y,
30-Jun-20,"The Governor extended the Safer at Home and in the Vast, Great Outdoors Executive Order, and provided an update on Colorado’s next steps during the COVID-19 pandemic, introducing more details on the Protect Our Neighbors framework.",Y,,,,,,,,,,,
30-Jun-20,The Governor ordered bars and nightclubs to close once again to in-person service lasting for 30 days.,Y,,,,,,,,,,,
7-Jul-20,The Governor issued an executive order extending the disaster emergency declaration for COVID-19 for an additional 30 days.,,,,,,,,,,,Y,
9-Jul-20," The Governor issued an executive order directing the Colorado Department of Public Health and Environment to create a certification process to allow local communities to move from Safer at Home in the Vast, Great Outdoors to Protect Our Neighbors.",,,Y,,,,,,,,,
9-Jul-20," The Governor issued an executive order extending the temporary suspension of certain regulatory statutes concerning juvenile justice, regional centers, and behavioral health.",,,,,,,,,,,Y,
12-Jul-20, The Governor extended an executive order to expedite the processing of unemployment insurance claims.,,,,,,,,,,,Y,
12-Jul-20, The Governor extended an executive order to ensure that hospitals and other inpatient treatment facilities have sufficient healthcare resources and personnel to treat patients.,,,,,,Y,,,,,Y,
12-Jul-20, The Governor extended an executive order to maintain eligibility for Coloradans enrolled in Medicaid and the Children’s Basic Health Plan.,,,,,,,,,,,Y,
12-Jul-20," The Governor extended an executive order to provide relief to public utility customers to mitigate, respond to, and recover from the current economic disruption.",,,,,,,,,,,Y,
12-Jul-20, The Governor extended and amended an executive order ordering state agencies to help prevent evictions of tenants economically harmed by the pandemic.,,,,,,,,,,,Y,
12-Jul-20, The Governor extended an executive order to provide boards of county commissioners with broader discretion and greater flexibility to implement restrictions on open burning.,,,,,,,,,,,Y,
12-Jul-20, The Governor amended and extended an executive order in light of the Colorado Supreme Court’s decision in Ritchie v. Polis. The Governor also extended and amended an executive order limiting in-person contact for the Secretary of State’s operations.,,,,,,,,,,,Y,
12-Jul-20, The Governor extended an executive order concerning signature collection for Unaffiliated and Independent Candidates and authorizing the Secretary of State to create temporary rules for registered electors to receive and return candidate petitions over mail and email.,,,,,,,,,,,Y,
15-Jul-20,The Governor amended and extended an executive order suspending certain statutes allowing the operation of alternate care sites in Colorado.,,,,,,,,,,,Y,
16-Jul-20,The Governor announced a statewide indoor mask order effective for thirty days.,Y,,,,,,,,,,,
17-Jul-20,"The Governor and the Department of Local Affairs (DOLA) announced the Property Owner Preservation (POP) Program providing $19,650,000 in housing assistance, including rental assistance, mortgage assistance, and guidance on how to access other housing services for Coloradans facing financial hardship.",,,,,,,,,,,Y,
20-Jul-20,The Governor extended an executive order increasing the Medicaid home health workforce and eliminating cost sharing for COVID-19 testing and treatment for Medicaid enrollees.,,,,,,Y,,,,,,
20-Jul-20,The Governor extended an executive order temporarily suspending certain regulatory statutes concerning criminal justice.,,,,,,,,,,,Y,
20-Jul-20,The Governor extended an executive order authorizing the executive directors of certain state agencies to promulgate and issue emergency rules extending the expiration date of licenses and other documents.,,,,,,,,,,,Y,
23-Jul-20," The Governor The Governor released an update to the executive order requiring a cease in alcohol beverage sales to end consumers at 10:00 p.m. MDT each day. Rather than applying to all who are licensed to sell alcohol, the order has been amended to apply to only those who are licensed to sell alcohol for on-premises consumption.",Y,,,,,,,,,,,
23-Jul-20, The Governor extended an executive order allowing voluntary or elective surgeries.,,Y,,,,,,,,,,
27-Jul-20, The Governor issued an executive order directing the Colorado Department of Human Services to access federal funds for child care services.,,,,,,,,,,,Y,
27-Jul-20, The Governor issued an executive order extending the ability for Coloradans to continue getting marriage licenses while clerk and recorder offices are closed.,,,,,,,,,,,Y,
27-Jul-20,"The Governor extended executive orders suspending certain regulatory statutes due to COVID-19, and concerning petition collection for unaffiliated and independent candidates.",,,,,,,,,,,Y,
28-Jul-20,"The Governor announced that Coloradans with school-enrolled children will begin to receive food benefits through the Pandemic Electronic Benefit Transfer (P-EBT) program, which began last week.",,,,,,,,,,,Y,
28-Jul-20,The Governor extended an executive order suspending certain statutes concerning taxpayer filing requirements for certain taxable property.,,,,,,,,,,,Y,
28-Jul-20,The Governor extended an executive order allowing food trucks to operate at Colorado’s rest areas to support the movement of commercial vehicle activities. ,,,,,,,,,,,Y,
30-Jul-20,"The Colorado Department of Public Health and Environment (CDPHE) released guidance for detecting, reporting, and responding to cases and outbreaks of COVID-19 in schools.",,Y,,,Y,,,,,,,
3-Sep-20,The Colorado Department of Public Health and Environment (CDPHE) today released guidance for indoor visitation in residential care facilities,,Y,,,,Y,,,,,,
15-Sep-20,The Colorado Department of Public Health and Environment (CDPHE) released a dial to help local governments and Coloradans navigate and apply safety guidance throughout the pandemic.,,,Y,,,,,,,,,
16-Sep-20,"The Colorado Department of Public Health and Environment (CDPHE) released guidance for organized sports including organized youth recreational and adult amateur leagues, club sports, interscholastic, and other organization-sponsored athletics. ",,Y,,,,,,,,,,
24-Sep-20,The Colorado Department of Public Health and Environment (CDPHE) today released guidance for temporary outdoor structures for restaurants and events.,,Y,,,,,,,,,,
29-Sep-20,"The Colorado Department of Public Health and Environment (CDPHE) announced revisions to its guidance for detecting, reporting, and responding to cases and outbreaks of COVID-19 in schools and child care.",,,,,Y,,,,,,,
6-Oct-20,The State of Colorado began the deconstruction of two alternative care sites,,,,,,Y,,,,,,
8-Oct-20,The Colorado Department of Public Health and Environment (CDPHE) released an amended  Safer at Home Dial Public Health Order today to provide updated guidance for educational institutions and last-call requirements. ,,Y,,,Y,,,,,,,
20-Oct-20,"The Colorado Department of Public Health and Environment (CDPHE) launched “Step Up Colorado”, a community-based informational campaign to reduce the spread of COVID-19",,,,,,,,,,,Y,
22-Oct-20,The Colorado Department of Public Health and Environment (CDPHE) launched its statewide COVID-19 exposure notification system in partnership with Google and Apple,,,,,,,,,,,Y,
23-Oct-20,The Colorado Department of Public Health and Environment (CDPHE) amended its Safer at Home public health order to limit personal gatherings to no more than 10 people from no more than two separate households in all counties at all Safer at Home levels,Y,,,,,,,,,,,
27-Oct-20,The Colorado Department of Public Health and Environment (CDPHE) announced several Colorado counties are moving to stricter levels on the state’s COVID-19 dial.,Y,,,,,,,,,,,
27-Oct-20,"The Colorado Department of Public Health and Environment updated Safer at Home public health order, provides greater flexibility for gyms",,Y,,,,,,,,,,
30-Oct-20,The Colorado Department of Public Health and Environment (CDPHE) provided an update on counties that have moved to stricter levels of the COVID-19 dial,Y,,,,,,,,,,,
2-Nov-20,"The Colorado Department of Public Health and Environment (CDPHE) released a new public health order with streamlined guidance and clarification on the dial framework. The new public health order is similar to past orders, but integrates Protect Our Neighbors, Safer at Home, and Stay at Home orders together, and it makes a series of technical updates requested by stakeholders",Y,,,,,,,,,,,
2-Nov-20,The Colorado Department of Public Health and Environment (CDPHE) released updated guidance for transportation,Y,,,,,,,,,,,
10-Nov-20,"The Colorado Department of Public Health and Environment (CDPHE) released an updated Public Health Order and guidance for residential care facilities requiring COVID-19 testing at skilled nursing facilities, assisted living residences, group homes, and intermediate care facilities",,,,Y,,,,,,,,
17-Nov-20,"Colorado Department of Public Health and Environment (CDPHE) released an updated public health order that indicates counties in Level Red where there is severe risk of COVID-19 spreading rapidly, while allowing some businesses to remain open at very limited capacity",Y,,,,,,,,,,,
19-Nov-20,The Colorado Department of Public Health and Environment (CDPHE) announced 8 Colorado counties are moving to stricter levels on the state’s COVID-19 dial,Y,,,,,,,,,,,
20-Nov-20,The Colorado Department of Public Health and Environment (CDPHE) released an updated Public Health Order and guidance for indoor visitation at residential care facilities serving older adults and people with disabilities. The new guidance allows for indoor visitation with enhanced safety precautions,Y,,,,,,,,,,,
20-Nov-20,Colorado deployed vans for mobile COVID community testing program,,,,Y,,,,,,,,
23-Nov-20,State of Colorado participated in COVID-19 vaccine distribution readiness test,,,,,,,,,,,,Y
7-Dec-20,State updates dial framework to allow more flexibility for places of worship and educational institutions,,,,,,,,,,,Y,
11-Dec-20,The Colorado Department of Public Health and Environment (CDPHE) is pleased to support additional FREE COVID-19 community testing sites and events across Colorado.,,,,Y,,,,,,,,
11-Dec-20,Colorado Department of Public Health and Environment (CDPHE) has collaborated closely with local public health agencies across the state to prepare health care facilities to receive the vaccine. These health care facilities will then distribute the vaccine to frontline health care workers. ,,,,,,,,,,,,Y
16-Dec-20,"Colorado Department of Public Health and Environment (CDPHE) released the final parameters for the “5 star” certified business variance program, after receiving over 980 public comments and engaging in numerous stakeholder meetings with local government, local public health, and the business community. CDPHE will begin accepting applications on Friday. The program requires businesses certified through the program to implement safety measures beyond what is already required by public health orders and guidelines that will help slow the spread of COVID-19, and in doing so, they will be able to expand operations.",,Y,,,,,,,,,Y,
18-Dec-20,The Colorado Department of Public Health and Environment (CDPHE) launched a data dashboard to track vaccination data,,,,,,,,,,,,Y
30-Dec-20,Colorado provides updates to its phased vaccine distribution plan. Updates to the vaccine distribution plan include an expansion of phase 1B and changes to the age ranges under phases 2 and 3.,,,,,,,,,,,,Y
4-Jan-21,Colorado Department of Public Health and Environment has allowed local public health agencies with counties in the Red level on the state’s dial to move to the Orange level,,Y,Y,,,,,,,,,
5-Jan-21,"State releases updated public health order ddding the 5 Star State Certification Program to the order. The program requires businesses to implement safety measures beyond what is already required by public health orders and guidelines to help slow the spread of COVID-19. In doing so, certified businesses are able to expand operations.",,Y,,,,,,,,,Y,
5-Jan-21,The state sent a letter to Phase 1 vaccine providers with more guidance on when to administer vaccines according to the updated phases and to increase efficiency in administration. Updates to the vaccine distribution plan include an expansion of phase 1B to include adults 70 and older and certain frontline essential workers.,,,,,,,,,,,,Y
6-Jan-21,State launches BinaxNOW rapid home test program for Colorado schools,,,,Y,Y,,,,,,,
7-Jan-21,"Colorado Department of Public Health Environment has confirmed two additional cases of the B.1.1.7 variant in the state, as well as a possible case with the S drop out profile that is pending genome sequencing results",,,,,,,,,,,Y,
12-Jan-21,"Colorado Department of Public Health and Environment is closely monitoring the Curative testing administration in Colorado, after the Food and Drug Administration (FDA) issued a safety alert about the potential risk of false-negative results for the tests. To be responsive to the alert and help ensure testing viability, CDPHE has also requested Curative provide a full instructional video on the proper way to collect a sample to train or retrain administers. ",,,,Y,,Y,,,,,,
18-Jan-21,Colorado Department of Public Health and Environment (CDPHE) launched the “Get the COVID-19 Vaccine Facts” campaign today to convey that the COVID-19 vaccines are safe and effective.  The campaign reinforces that Coloradans should rely on CDPHE and other reliable sources for information about the vaccines.,,,,,,,,,,,Y,Y
21-Jan-21,"Colorado Department of Public Health and Environment (CDPHE) will no longer be using Curative testing effective, today, Jan. 21 in residential care facilities-- as well as in correctional facilities, homeless shelters, and other congregate settings. The decision comes after the FDA cited additional concerns about the accuracy of the Curative assay and collection methods. ",,,,Y,,,,,,,,
21-Jan-21,"The Division of Developmental Disabilities Services (DDDS) in partnership with the Division of Public Health (DPH) is bringing a rapid COVID-19 testing program to group homes, day programs and other provider-managed settings in Delaware that serve individuals with intellectual and developmental disabilities.",,,,,,,,,,Y,,
26-Jan-21,"The Colorado Department of Public Health and Environment (CDPHE) is pleased to support additional FREE COVID-19 community testing sites and pop-up events, in partnership with 9Health and COVIDCheck Colorado",,,,Y,,,,,,,,
5-Feb-21,"Colorado’s COVID-19 Dial 2.0 goes into effect Saturday, February 6. Given the level of vaccinations occuring and decreasing COVID-19 rates, the range of incidence metrics  in Dial 2.0 better reflect a balance between disease suppression and economic activity. Additionally, instead of looking at the numbers over a 14-day period, Dial 2.0 will consider metrics within a 7-day period -- making the dial more responsive and flexible.",,,Y,,,,,,,,Y,
17-Feb-21,"Winter storms affecting a vaccine distribution hub in Tennessee have delayed vaccine shipments to several states this week. The delay impacts Colorado’s allocation of 133,000 vaccines that were expected to arrive today through Thursday. ",,,,,,,,,,,,Y
22-Feb-21,"The state deactivated the Colorado’s Crisis Standard of Care (CSC) Plan for healthcare staffing and emergency medical services on Feb. 11. Crisis standards of care are recommendations for how the medical community should allocate scarce resources, such as ventilators and intensive care unit beds, in the extreme case when patient needs exceed available resources. ",,,,,,Y,,,,,,
1-Mar-21,Janssen vaccine expected to arrive in Colorado this week,,,,,,,,,,,,Y
7-Mar-21,Colorado State Public Health Laboratory has detected 3 cases of the B.1.351 variant in Colorado. This variant was first identified in South Africa. This is the first detection of B.1.351 in Colorado,,,,,,,,,,,Y,
8-Mar-21,State updates dial public health order. A new disease incidence metric buffer allows counties to exceed their Dial level's disease incidence metric and remain in that level as long as they do not exceed the minimum of the next more restrictive Dial level's incidence rate by more than 15% for five consecutive days. This creates more predictability with Dial moves and prevents counties moving back and forth unnecessarily by ensuring a consistent trend is present first. Restaurants and seated indoor events (including at casinos) in Level Blue may expand capacity to 225 people without using the distancing space calculator. Last call to order alcohol at restaurants has been expanded from levels Blue to Red. ,,Y,,,,,,,,Y,,
10-Mar-21,CDPHE issues updated guidance for student athletes. Athletes may provide a negative test result conducted up to 72 hours prior to the day of competition or they will be tested upon arrival at the CDPHE testing center the day of the competition. Students who test positive will not be allowed to compete and must isolate.,,,,Y,Y,,,,,,,
11-Mar-21,"Colorado Department of Public Health and Environment released an amended public health order eliminating all previous requirements for reinstating elective medical, dental, and veterinary services, while retaining hospital reporting requirements. ",,,,,,Y,,,,,Y,
16-Mar-21,CDPHE expands at-home COVID-19 testing program to restaurant workers,,,,Y,,,,,,,Y,
24-Mar-21,"Colorado Department of Public Health and Environment (CDPHE) has released the latest update to Colorado’s COVID-19 dial framework: Dial 3.0. The updated dial public health order goes into effect Wednesday, March 24. State officials expect that Dial 3.0 will remain in effect until mid-April, at which point the state plans to retire the dial and implement a new public health order that gives greater control over capacity restrictions to local public health agencies. Dial 3.0 makes it easier for counties to move into Level Green: Protect Our Neighbors, the least restrictive level on the dial. It also removes many of the restrictions that currently apply at that level. Additionally, several restrictions in Level Blue are loosened in Dial 3.0.",,Y,,,,,,,,,,
5-Apr-21,"Colorado Department of Public Health and Environment (CDPHE) released an amended public health order that provides updates to the COVID-19 dial framework. Some key changes include: Clarifying that 6 feet distancing from non-household members remains required in Level Green. Specifying that only unseated, rather than seated, Indoor Events are subject to the 50% capacity limit not to exceed 500 people in Level Green. Authorizing counties in Level Green to determine masks requirements as authorized in Executive Order D 2021 079.",,,Y,,,,,,,Y,Y,
6-Apr-21,The Centers for Disease Control and Response (CDC) have notified the Colorado Department of Public Health and Environment (CDPHE) of its first COVID-19 P.1 variant cases (2) in Colorado.,,,,,,,,,,,Y,
7-Apr-21,CDPHE expands at-home COVID-19 testing program to all public-facing employees,,,,Y,,,,,,,,
16-Apr-21,"The COVID-19 Dial evolves into Public Health Order 20-38: Limited COVID-19 Restrictions, which allows counties to implement regulations at the local level while still maintaining some limited requirements across the state. Counties may use the statewide dial framework as model for implementing their own regulations",,,Y,,,,,,,,,
26-Apr-21,Colorado resumes use of Johnson & Johnson vaccine to help end the pandemic,,,,,,,,,,,,Y
21-Jun-21,"State begins outbound phone campaign to encourage vaccination. Colorado Department of Public Health and Environment (CDPHE) will begin making outgoing phone calls to Colorado residents age 18 and older who have not yet received a COVID-19 vaccine. Callers will provide information about vaccination, help with scheduling appointments at local vaccine locations, and answer questions about the COVID-19 vaccines.",,,,,,,,,,,,Y
30-Jun-21,The state deactivates the Crisis Standard of Care (CSC) Plan for personal protective equipment (PPE),,,,,,,,,,,Y,
1-Jul-21,"Colorado Department of Public Health and Environment (CDPHE) released an amended public health order 20-38. The new changes are effective today and will expire at 12:01 a.m. Aug. 1 unless extended, rescinded, superseded, or amended in writing. This update requires medical-grade face coverings for unvaccinated or not fully vaccinated employees in the following settings which serve vulnerable or at-risk populations: homeless shelters, prisons, jails, and emergency medical and other healthcare settings (including hospitals, ambulatory surgical centers, urgent care centers, clinics, doctors’ offices, and non-urgent care medical structures). Unvaccinated or not fully vaccinated visitors, residents, and patients in these settings must also wear masks, though they do not need to be medical grade.",,,,,,,,,,,Y,
21-Jul-21,"Colorado Department of Public Health and Environment (CDPHE) released new P-12 school guidelines as teachers, students, and staff prepare for the 2021-2022 school year. CDPHE will adopt and clarify school guidance released this month by the Centers for Disease Control and Prevention (CDC), and is providing a practical guide for schools, parents, and students on how to operationalize the CDC guidance in the state’s education settings. ",,,,,Y,,,,,,Y,
26-Jul-21,State releases updated mitigation guidance for residential care facilities,,,,,,Y,,,,,Y,
3-Aug-21,State adds masking requirements for residential care facilities,,,,,,Y,,,,,Y,
18-Aug-21,State Agencies with 24/7 Facilities to Require COVID-19 Vaccinations for Staff Members,,,,,,,,,,,,Y
31-Aug-21,"The Colorado Department of Public Health and Environment (CDPHE) has extended public health order 20-38 to expire on October 1, 2021.",,,,,,,Y,,,,,
10-Sep-21,"CDPHE updates and clarifies school guidance regarding masking, ventilation, and quarantine. CDPHE recommends local public health agencies and school districts implement mask requirements for all individuals entering K-12 schools in Colorado including students, staff, teachers, and visitors to K-12 schools, regardless of vaccination status or level of community transmission.",,,,,Y,,,,,,Y,
28-Sep-21,The Colorado Unified Coordination Center (UCC) announced the reactivation of the Staffing Shortage Fusion Center (SSFC),,,,,,Y,,,,,,
29-Sep-21,"The Colorado Department of Public Health and Environment (CDPHE) has extended public health order 20-20, requiring long term care facilities to schedule booster shot vaccinations clinics before the end of October 2021 for those eligible for the Pfizer booster shot.",,,,,,Y,,,,,,
10-Nov-21,"The state of Colorado reactivated crisis standards of care for staffing of health care systems throughout the state. Crisis standards of care are guidelines for how the medical community should allocate scarce resources. In this case, the state is activating these guidelines specifically for staffing.",,,,,,Y,,,,,,
18-Nov-21,"The Colorado Department of Public Health and Environment will lead outbreak investigations at residential care facilities, which will standardize rapid response and ease the workload at local public health agencies.",,,,,,Y,,,,,,
22-Nov-21,"Colorado Department of Public Health and Environment announces amendments to Public Health Order 21-02 today, concerning access to care. The updated order requires providers to do all they can to provide all eligible individuals with monoclonal antibody therapies.",,,,,,Y,,,,,,
30-Nov-21,The Colorado Department of Public Health and Environment extended Public Health Order 20-38,,,,,,,Y,,,,,
2-Dec-21,Colorado Department of Public Health and Environment (CDPHE) has confirmed its first case of the omicron variant of COVID-19 in Colorado.,,,,,,,,,,,Y,
10-Dec-21,Colorado continues to increase access to monoclonal antibody therapy,,,,,,Y,,,,,,
15-Dec-21,"State Board of Health unanimously voted to extend an emergency rule requiring health care workers to get vaccinated. The rule impacts all licensed health care entities, requiring them to mandate their personnel -- including employees, direct contractors, and support staff-- who interact with individuals receiving or seeking medical care to receive the COVID-19 vaccine. The Board of Health passed the first emergency rule on August 30, 2021 after an appeal to consider mandating vaccination by Governor Polis.",,,,,,Y,,,,,Y,
3-Jan-22,Colorado Department of Public Health and Environment extended Public Health Order 20-38,,,,,,,Y,,,,,
31-Jan-22,"The Colorado Department of Public Health and Environment extends Public Health Order 21-02, concerning access to care. The order requires providers to do all they can to provide all eligible individuals with therapeutics and will be valid until March 1, 2022",,,,,,Y,,,,,,
2-Feb-22,"Colorado Department of Public Health and Environment launches an additional school testing program that will supplement testing resources, help students and staff continue in-person learning after contact with someone who has tested positive for COVID-19, and reduce the burden on parents. ",,,,Y,Y,,,,,,,
11-Feb-22,"The state updated the Practical Guide for Operationalizing CDC’s School Guidance, adding a new section that outlines an option for K-12 schools to move away from individual case-investigation response to a more routine disease control model for COVID-19.",,,,,Y,,,,,,,
17-Feb-22,Colorado deactivates crisis standards of care,,,,,,Y,,,,,,
22-Feb-22,Colorado adds free Rapid At-Home tests to community distribution locations,,,,Y,,,,,,,,
28-Feb-22,"Colorado Department of Public Health and Environment released the 13th Amended Public Health Order 20-38, extending the order for two weeks through March 14, 2022. The PHO revises vaccination and testing requirements for state contractors to align with recently revised state employee requirements. ",,,,,,,Y,,,,,
15-Mar-22,"The Colorado Department of Public Health and Environment released the 14th Amended Public Health Order 20-38, extending the order for four weeks through April 14, 2022",,,,,,,Y,,,,,
4-Apr-22,"Colorado Department of Public Health and Environment (CDPHE) will send text message and email reminders to Coloradans aged 65 and up about the authorization of a fourth dose of the COVID-19 vaccines, as well as reminders to Coloradans aged 50 and up who still need their third dose. ",,,,,,,,,,,,Y
18-Apr-22,"The Colorado Department of Public Health and Environment released the 15th Amended Public Health Order 20-38, extending the order for four weeks through May 13, 2022.",,,,,,,Y,,,,,
20-Apr-22,"Colorado Department of Public Health and Environment issued two public health orders. The 16th Amended Public Health Order 20-38 follows CDC’s statement that the federal order requiring masks on public transportation conveyances and at transportation hubs is no longer in effect. As such, Public Health Order 20-38 no longer requires masks to be worn on public transit services in Colorado. CDC continues to recommend that people wear masks in indoor public transportation settings. Public Health Order 22-01 promotes sustainable access to COVID-19 testing for all Coloradans and therapeutic treatment for COVID-19 patients",,,,Y,,,,,,,Y,