﻿date,policy,Restrict/Close,Opening (State),Deferring to County,Testing,Education,Health/Medical,Emergency Level,Transportation,Budget,Social Distancing,Other,Vaccine
7-Mar-20,Governor Lamont announced that Connecticut is partnering with United Way of Connecticut to launch an information hotline for questions from the public regarding issues related to the spread of coronavirus (COVID-19).,,,,,,,,,,,Y,
9-Mar-20,The Governor also issued an immediate freeze on state employee travel on state business outside of Connecticut until further notice.,Y,,,,,,,Y,,,,
9-Mar-20,The Department of Insurance has a bulletin which encourages insurers to consider waiving cost sharing forCOVID-19 testing and also highlights other related benefits.,,,,,,,,,,,Y,
10-Mar-20,"Governor Lamont declared civil preparedness and public health emergencies.The declarations trigger price gouging laws, and make clear that municipal leaders have emergency powers to mitigate disasters and emergencies",,,,,,,Y,,,,,
10-Mar-20,The Connecticut Insurance Department is notifying travel insurance companies about the emergency declarations and will be monitoring their compliance with the terms of their policies.,,,,,,,,,,,Y,
10-Mar-20,Governor Lamont announced that his administration is working with health insurance carriers in Connecticut to cover the costs for COVID-19 testingand to assureaccess to maintenance prescription drug medications (excluding controlled substances).,,,,,,,,,,,Y,
11-Mar-20,Connecticut Insurance Department Commissioner Mais issued a notice to all travel insurersconducting business in Connecticut. The notice instructs insurers to accommodate travel cancellation requests under the terms of the policiestaking into account the seriousness of the circumstances and the civil preparedness and public health emergencies issued by Governor Lamont.,,,,,,,,,,,Y,
11-Mar-20,"Governor Lamont made an emergency request from the Strategic National Supply for a total of 540,000 additional N-95 protective masks.",,,,,,Y,,,,,Y,
12-Mar-20,"Connecticut signed an executive order that takes several actions: Prohibits all events in the state with over 250 people; Modifies the state law requiring schools to be in for 180 days; Clarifies visitor restrictions at all nursing and convalescent homes; Authorizes DMV to extend renewal deadlines to reduce crowds at DMV branches; and Relaxes attendance rules for police academy trainees. The Connecticut Department of Motor Vehiclesordereda 90-day extension on all license renewals. Connecticut has made anemergency requestfrom the Strategic National Supply for a total of 540,000 additional N-95 protective masks.",Y,,,,Y,,,,,Y,,
13-Mar-20,"The Governor signed an executive order granting the commissioner of the Department of Public Health additional authority to restrict visitation to facilitates such as nursing home facilities, residential care homes, and chronic disease hospitals.",Y,,,,,,,,,,,
14-Mar-20,"The Governor signed his third executive order since the enactment of the emergency declarations earlier in the week. The latest order: Relaxes in-person open meeting requirements to minimize large gatherings, with safeguards to provide remote public access; Allows pharmacists to compound and sell hand sanitizer; Waives requirements for pharmacists to use certain personal protective equipment when working with non-hazardous, sterile compounds; Authorizes refunds of liquor permit fees for special events that have since been canceled; Waives face-to-face interview requirements for Temporary Family Assistance; Authorizes the Commissioner of Early Childhood to waive certain licensing and other requirements to maintain and increase the availability of childcare; and Authorizes the Office of Health Strategy to waive Certificates of Need and other requirements to ensure adequate availability of healthcare resources and facilities.",Y,,,,,,,,,,Y,
14-Mar-20,"The Governor directed telework requirements to be eased for certain executive branch state employees, allowing an increased number of employees to work from home. He is also providing executive branch state employees who cannot report to work due to COVID-19 14 days of paid time off.",,,,,,,,,,,Y,
14-Mar-20,The Connecticut National Guard is aiding the state with requests for assistance.,,,,,,,,,,,Y,
15-Mar-20,"The Governor signed an executive order taking the following actions: Cancels classes at all public schools statewide effective March 17 through at least March 31, 2020. Provides flexibility for municipal budget deadlines and related issues. Authorizes the DMV commissioner to close branches to the public, conduct business remotely, and extend deadlines. Allows restrictions on visitor access to psychiatric facilities in order to protect vulnerable residents, patients, and staff. Requests the Small Business Administration issue a declaration enabling Connecticut's small business owners to receive disaster assistance. Extends the Department of Revenue Services filing deadline for certain annual state business tax returns. Releases a set of rules to pharmacies so they can begin producing and selling their own hand sanitizer while ensuring its effectiveness and safety.",Y,,,,Y,,,,,,Y,
15-Mar-20,The State Department of Education received a waiver from the federal government allowing students who receive meals under the school lunch program to continue receiving those meals during school closures and consume them at home.,,,,,Y,,,,,,Y,
15-Mar-20,"The Connecticut Department of Economic and Community Development offered business resources through the states Coronavirus website, including: A Small Business hotline phone number; tax filing extensions from the Department of Revenue Services; information on business interruption insurance from the states Insurance Department; and information on SBA assistance and unemployment assistance.",,,,,,,,,,,Y,
16-Mar-20,The Governor announced that small businesses and nonprofit organizations in Connecticut that have been negatively impacted by the global COVID-19 outbreak are now eligible for disaster relief loans of up to $2 million from the U.S. Small Business Administration.,,,,,,,,,,,Y,
16-Mar-20,"The Governor signed his fifth executive order, which directs the following actions: Revises the previously enacted prohibition on large gatherings to a capacity of 50 people, and adds religious gatherings to the list of activities subject to the limit. Limits restaurants to non-alcoholic beverage and take-out/delivery services only, effective 8:00 PM on March 16; Requires closure of on-side operations at off-track betting facility operations, effective 8:00 PM on March 16; and Requires closure of gyms, fitness studios, and movie theaters, effective 8:00 PM on March 16.",Y,,,,,,,,,,,
16-Mar-20,Drive-through testing has been approved at seven Connecticut hospitals.,,,,Y,,,,,,,Y,
16-Mar-20,"The Connecticut Office of Health Strategy provided guidelines for a streamlined application, review, and approval process so healthcare providers can adjust treatment services for those afflicted with COVID-19.",,,,,,Y,,,,,Y,
16-Mar-20,"The Mashantucket Pequot and Mohegan Tribal Nations will temporarily close casino and resort properties on sovereign reservation lands in eastern Connecticut amid concerns about the coronavirus. The casinos will close at 8PM on Tuesday, March 17 for a two-week period.",Y,,,,,,,,,,,
16-Mar-20,"The Governors of Connecticut, New York and New Jersey announced a regional approach to combatting the novel coronavirus throughout the tri-state area.",,,,,,,,,,,Y,
17-Mar-20,"The Governor signed his sixth executive order building upon his efforts to encourage mitigation strategies that slow down transmission of the virus. The provisions of the order include the following: Modifies previously enacted waiver of 180-day school year to grant broader flexibility to school districts; Allows police departments to limit or eliminate fingerprinting for background checks; Extends expiration dates for permits, licenses, and other credentials administered by the Department of Emergency Services and Public Protection; and Suspends the requirement that public assistance benefit overpayments be immediately recouped.",,,,,,,,,,,Y,
17-Mar-20,The Department of Economic and Community Development launched the COVID-19 Business Emergency Response Unit to aid businesses in economic recovery.,,,,,,,,,,,Y,
17-Mar-20,"The Department of Motor Vehicles and Revenue Services suspended in-person visits at all of their branches. Certain deadlines are being extended, and customers are also encouraged to conduct transactions online.",Y,,,,,,,,,,Y,
17-Mar-20,"The Department of Energy and Environmental Protection suspended enforcement activities at bottle collection facilities, giving stores discretion to shut them down. They are also suspending in-person visits at their main office.",,,,,,,,,,,Y,
18-Mar-20,The Governor issued an executive order to: Closed large indoor malls and places of amusement (but not parks and open space areas) effective 8:00 p.m. on March 19; Allow Medicaid to cover audio-only telehealth services; Provide flexibility for critical legal functions regarding conservators and competency hearings to ensure the safety of nursing home patients; and Exempt certain schools inside state facilities from the school cancellation order.,Y,,,,,Y,,,,,,
18-Mar-20,Connecticut's health insurance marketplace announced a new special enrollment period for residents who are uninsured.,,,,,,,,,,,Y,
18-Mar-20,"The Governors of Connecticut, New York and New Jersey announced thatThe Governor of Pennsylvania is joining their coalition to implement a regional approach to combatting COVID-19.The Governors expanded their previous orders to include: Limiting crowd capacity for social and recreational gatherings to 50 people; Closing restaurants and bars for on premise service and move to take-out and delivery services only; and Temporary closing of movie theaters, gyms, and casinos.",Y,,,,,,,,,,,
19-Mar-20,"The Governor issued an executive order taking the following actions: Postponing Connecticut's presidential primary from April 28 to June 2, 2020. Suspending non-critical court operations and associated requirements, deadlines, and statutes of limitations.Permitting certain restaurants and other eating establishments to sell alcohol with takeout food orders and certain other licensees to sell for off-premise beverages.Directing the temporary closure of barbershops, hair salons, tattoo or piercing parlors, and related businesses. Expanding the ability of patients and doctors to use telehealth for healthcare services. Temporarily suspending in-person investigation visits regarding suspected elder abuse and extending timelines for reporting investigation results.",Y,,,,,,,,,,,
19-Mar-20,The Governor announced Connecticut's 2020 presidential primary election will be rescheduled to June 2.,,,,,,,,,,,Y,
20-Mar-20,The Governor launched a framework for the donation of Personal Protective Equipment (PPE).,,,,,,,,,,Y,Y,
20-Mar-20,"The Governor issued an executive order directing all non-essential businesses and not-for-profit entities in Connecticut to prohibit all in-person functions if they are able to, effective March 23, 2020 at 8:00 PM.",Y,,,,,,,,,,,
20-Mar-20,"The Connecticut Department of Revenue Services announced it is extending filing and payment deadlines for personal income tax returns to July 15, 2020.",,,,,,,,,,,Y,
20-Mar-20,"The Connecticut Department of Motor Vehicles announced a series of new extensions and waivers on several credentials, including vehicle registrations, emissions testing, and other items.",,,,,,,,,,,Y,
21-Mar-20,"The Governor issued an executive order providing broad relief for municipalities regarding procedures, notice requirements, and deadlines for various proceedings and decisions. In addition, the executive order enacts several necessary changes related to Medicare Part D and HUSKY B costs, student privacy, visitation in the Department of Children and Families facilities, pharmacy regulations, and corporate meetings.",,,,,,,,,,,Y,
22-Mar-20,"The Governor delivered a recorded voice message to more than four million phone numbers in Connecticut through the states CTAlert system in an effort to urge all residents to Stay Safe, Stay Home as part of a larger initiative.",,,,,,,,,,,Y,
23-Mar-20,The Governor issued an executive order taking the following actions: Suspends non-critical probate court operations; Suspends non-critical Workers Compensation Commission operations; Authorizes remote notarization; Modifies regulatory requirements to protect public health and safety; and Suspends certain requirements regarding the temporary hire of care workers at long-term care facilities.,,,,,,,,,,,Y,
23-Mar-20,"The Governors Stay Safe, Stay Home executive order directed non-essential workers statewide to work from home.",Y,,,,,,,,,,,
23-Mar-20,"The Governor announced drive-through testing sites have been added at 5 more hospitals, bringing the statewide total of these alternate testing locations to 21.",,,,Y,,,,,,,Y,
23-Mar-20,The Connecticut Department of Public Health signed an order easing the rules for out-of-state practitioners to provide services in Connecticut.,,,,,,Y,,,,,Y,
24-Mar-20,The Governor issued an executive order taking the following actions: Extends the cancellation of classes at public schools statewide through at least April 20; Orders the early opening of the fishing season; Suspends restrictions on the re-employment of retired municipal employees; Permits flexibility to maintain adequate medical marijuana access for patients; Extends the time period for nursing home transfers; Enacts flexibility in availability and registration of vital records; Suspends in-person purchase of copies of vital records at the Department of Public Health; and Modifies the requirement that marriage licenses be obtained in the town where the marriage will be celebrated.,,,,,,,,,,,Y,
24-Mar-20,The Governor announced the creation of a task force of superintendents to oversee distribution of remote learning resources.,,,,,Y,,,,,,,
25-Mar-20,The Governor issued an executive order with the following actions: Authorizing state agencies to extend statutory regulatory administrative deadlines by 90 days; Suspending mandatory statutory filing requirements for Freedom of Information Act appeals and decisions by the Freedom of Information Commission; and Tolling of time periods for Department of Transportation final determinations on permits.,,,,,,,,,,,Y,
25-Mar-20,The Governor announced the launch of The Connecticut Recovery Bridge Loan Program to provide zero-interest loan programs to Connecticut small businesses and nonprofits.,,,,,,,,,,,Y,
25-Mar-20,"The Connecticut's Office of Healthcare Strategy (OHS) issued an order further streamlining the approval and licensure process for the states hospitals to simply complete a notification form, rather than apply for a Certificate of Need waiver.",,,,,,Y,,,,,Y,
26-Mar-20,The Governor issued an executive order taking the following actions: Restricts all social and recreational gatherings to no more than five people; Restricts restaurant payment and pickup operations; Further restricts retail operations; Requires firearm transactions to be conducted by appointment only; Suspends tax on single-use checkout bags; Prohibits employers from requiring employees to place items in customers reusable bags; Suspends 21-month limit on Temporary Family Assistance; and Suspends school testing assessments for the 2019-2020 school year.,Y,,,,,,,,,,,
26-Mar-20,The Governor submitted a request for a Presidential Major Disaster Declaration to the Federal Emergency Management Agency (FEMA).,,,,,,,Y,,,,Y,
27-Mar-20,"The Centers for Medicare & Medicaid Services (CMS) approved Connecticut's request for a Section 1135 Medicaid waiver. The approved waiver enables Connecticut to provide flexibilities in Medicaid provider screening and enrollment, lift prior authorization requirements, allow for reimbursement facility services in alternative settings, extend fair hearing timelines, and waive public comment and tribal consultation requirements for certain changes to the Medicaid state plan",,,,,,,,,,,Y,
27-Mar-20,"The Governor issued an executive order taking the following actions: Suspending of license renewals and inspections by the Department of Public Health, modifying certain state statutes to authorize the Commissioner of Public Health to waive licensing, renewal, and inspection requirements; Modifying certain state statutes to allow health care providers to provide direct patient care at a health care facility or institution, with the permission of such facility or institution, using the identification badge from their own healthcare facility or institution; Waiving certain state statutes to permit the compounding of alcohol-based hand sanitizer production and the production of medical devices, including personal protective equipment used to assist in the treatment of COVID-19, without being required to register as a manufacturer; and Authorizing the Commissioner of Early Childhood to waive the fees required to be paid by the parents or legal guardians of children eligible for remote early intervention services such as the Birth-to-Three program.",,,,,,,,,,,Y,
27-Mar-20,The Connecticut Department of Motor Vehicles (DMV) approved a request from licensed driving schools in the state to provide online classroom training to their students.,,,,,,,,,,,Y,
28-Mar-20,The Governor issued an executive order authorizing to provide for non-congregant housing for persons at risk.,,,,,,,,,,,Y,
29-Mar-20,The Governor announced that the President has approved his request in declaring a Major Disaster for the State of Connecticut.,,,,,,,Y,,,,Y,
29-Mar-20,"The Connecticut Department of Public Health issued an order directing state, local, and private sector partners to transition the homeless population into alternative, less congested housing for the purpose of providing adequate social distancing between all individuals.",,,,,,,,,,,Y,
30-Mar-20,"The Governor issued an executive order taking the following actions: Requirement of limited group sizes in childcare: The order requires all childcare facilities to limit group sizes to no more than 10 children in one space. Enhancement of health procedures for all operating childcare programs: The order requires all children and childcare staff to be checked at the entrance of childcare facilities for any observable illness, including cough or respiratory distress, and to confirm temperature below 100 degrees Fahrenheit. Authorization of remote notarization: The order eliminates all existing legal requirements to have a signature on any document witnessed by a third party, except in the case of a last will and testament.",Y,,,,,,,,,,Y,
30-Mar-20,"The Department of Public Health (DPH) issued an order suspending the need for all DPH licensees to renew their licenses throughout the duration of the declared COVID-19 emergency. DPH also temporarily modified the authority of sub registrars of vital statistics, who are appointed by the local registrars of vital statistics, allowing them to issue burial transit, removal, and cremation permits for any death occurring in any town within the state for the duration of the public health and civil preparedness emergency.",,,,,,,,,,,Y,
30-Mar-20,The Department of Revenue Services (DRS) announced that it will be granting a two-month extension of filing and payment deadlines for certain small businesses.,,,,,,,,,,,Y,
30-Mar-20,"The Governor announcedThe Governors Health System Response Team who will advise on the proper allocation and distribution of needed resources, supplies, and personnel.",,,,,,,,,,,Y,
31-Mar-20,"The Governor issued an executive order taking the following actions: Continuation of funding for boards of education; Continuation of payment of public school staff; Preservation of student transportation services and special education providers; Restrictions on entrance to state parks, forests, and other lands; and Permitting curbside pickup of alcoholic beverages.",Y,,,,Y,,,,,,,
31-Mar-20,"The Governor announced an agreement with more than 50 credit unions and banks in Connecticut to offer mortgage relief to the states residents and businesses. Under the agreement, the following relief policies are being offered by participating financial institutions: 90-day grace period for all mortgage payments; Relief from fees and charges for 90 days; No new foreclosures for 60 days; and No credit score changes for accessing relief.",,,,,,,,,,,Y,
31-Mar-20,"The Connecticut Office of Health Strategy (OHS) released revised guidance and is now including outpatient surgical facilities among those required to simply complete a notification form, rather than apply for a Certificate of Need (CON) waiver.",,,,,,,,,,,Y,
1-Apr-20,"The Governor issued an executive order taking the following actions: Requiring retail establishment to take additional protective measures to reduce the risk of transmission; Establishing a 60-day grace period for premium payments, policy cancellations, and non-renewals of insurance policies; Extending the 30-day period of credit for liquor permittees; Changing daily payment of certain taxes to weekly; Providing flexibility to amend Medicaid waivers and state plan; Relieving certain municipal tax deadlines and collection efforts; Allowing suspension of in-person voting requirements for critical and time sensitive municipal fiscal deadlines; Suspending of reapplication filing requirement for the homeowners elderly/disabled circuit breaker tax relief program and for the homeowners elderly/disabled freeze tax relief program; Substituting full inspection requirements pertaining to October 1, 2020 grand list revaluations; Extending of deadline to file income and expense statement to August 15; and Suspending of non-judicial tax sales.",,,,,,,,,,Y,Y,
1-Apr-20,The Governor announcedthe creation of 4-CT charitable organization uniting donors with nonprofit providers.,,,,,,,,,,,Y,
2-Apr-20,"The Governor issued an executive order taking the following actions: Prohibition on non-essential lodging except in the case for certain populations; Further clarification of limits on restaurants, bars, and private clubs; Suspension of notarization requirement related to Connecticut Recovery Bridge Loan Program; Flexibility to maintain adequate child care infrastructure; Suspension of rehearing rights for temporary rate increases for certain health care providers; and Alternative to affidavits in relation to orders of protection and relief. ",,,,,,,,,,,Y,
2-Apr-20,"Access Health CT, Connecticut's health insurance marketplace, announced that it is extending the deadline for the new special enrollment period for uninsured residents to enroll in health insurance plans.",,,,,,,,,,,Y,
2-Apr-20,The Department of Social Services announced that it is extending the application period forThe Connecticut Energy Assistance Program.,,,,,,,,,,,Y,
2-Apr-20,The Department of Social Services extended the Emergency Supplemental Nutrition Program (SNAP) benefits to nearly half of Connecticut SNAP participants on April 9 and April 20.,,,,,,,,,,,Y,
2-Apr-20,"The Department of Revenue Services announced that the filing and payment deadline for gift tax returns is being extended until July 15, 2020.",,,,,,,,,,,Y,
3-Apr-20,The Governor announced that the states 213 nursing homes are receiving a 10 percent across-the-board increase in Medicaid payments to help meet extraordinary costs from the public health emergency. ,,,,,,,,,,,Y,
4-Apr-20,The Governor announced FEMA approved Connecticut's request to include domestic violence survivors in non-congregate housing guidelines.,,,,,,,,,,,Y,
5-Apr-20,"The Governor issued an executive order taking the following actions: Protecting health care professionals and health care facilities, including nursing homes and field hospitals, from lawsuits for acts or omissions undertaken in good faith in support of the states COVID-19 response; and Protecting those who are uninsured and those who are insured and are treated by an out-of-network emergency services health care provider from surprise bills and other significant costs. ",,,,,,Y,,,,,Y,
7-Apr-20,The Governor issued an executive order taking the following actions:Prescribing additional protective measures for essential businesses;Waiving the application fees for temporary permits for each of the health care professions; Allowing recent medical school and other medical profession graduates who are not yet licensed to participate in the states COVID-19 response for the duration of the public health and civil preparedness emergency; Allowing for those who have recently completed an accredited graduate degree program in marital and family therapy offered by a postgraduate clinical training program to practice without a license for the duration of the public health and civil preparedness emergency;Allowing recent graduates with a degree in clinical mental health counseling who are not yet licensed to practice as a professional counselor associate without obtaining a license for the duration of the public health and civil preparedness emergency; andReplacing the section of Executive Order No. 7U which adds protection from liability for common law claims  in addition to the previously enacted protection from liability for statutory claims  for healthcare workers and providers.,,,,,,Y,,,,Y,Y,
7-Apr-20,"The Governor announced that manufacturers can apply for grants of up to $75,000 to assist in the production of critical equipment and supplies.",,,,,,,,,,,Y,
8-Apr-20,"The Governor announced a partnership with Connecticut's long-term care facilities to collaborate on a medical surge plan that includes the establishment of COVID-19 recovery centers in nursing homes to accept patients who can be discharged from acute care hospitals, but are still impacted by COVID-19 infection.",,,,,,Y,,,,,Y,
9-Apr-20,"The Governor issued an executive order that takes several actions: Suspending and modifying tax deadlines and collection efforts pursuant to Executive Order No. 7S, Section 6; Preventing an increased experience rating based on COVID-19 unemployment claims;Limiting the coil cleaning requirements for certain establishments; Suspending the delivery signature requirement suspended;Waiving the requirement that businesses with certain permits that have closed for sixty days or less notify the Department of Consumer Protection of the closure; Providing an ninety-day provisional permits for Liquor Control Commission; Extending the renewal date for on-premise liquor permits; andWaving the need for an permit to be recorded with the town clerk. ",,,,,,,,,,,Y,
9-Apr-20,"The Governor announced minority and women-owned businesses with 20 or fewer employees can now apply for a zero-interest line of credit up to $20,000 to help them navigate the economic downturn caused by the coronavirus pandemic.",,,,,,,,,,,Y,
9-Apr-20,The Governor announced plans to sign an executive order extending the date for which classes at all public schools statewide remain canceled until at least May 20.,Y,,,,Y,,,,,,,
10-Apr-20,"The Governor issued an executive order that enacts a series of protections for residential renters struggling to pay their housing costs and allowing them to receive grace periods over the next several months. The order also takes the following actions:Extending all previously enacted closures, distancing, and safety measures  including for schools, restaurants, bars, retail stores, gyms, and other establishments  through at least May 20, 2020. Lifting restrictions on commercial activity in Connecticut highway rest areas and permits food trucks to set up in these locations with the goal of feeding hungry truckers and other essential workers. Modifying state statutes to authorize the commissioner of the Department of Education to temporarily defer any requirements regarding certification testing for educators as he deems necessary to address the impact of COVID-19 risks.",Y,Y,,,,,,,,Y,,
11-Apr-20,"The Governor issued an executive order implementing the medical surge plan for long-term care facilities, which will establish COVID-19 recovery centers in certain nursing homes throughout the state that will accept patients who can be discharged from acute care hospitals but are still impacted by COVID-19 infection.",,,,,,Y,,,,,,
13-Apr-20,"The Connecticut Department of Social Services (DSS) announced the allocation of over $3.8 million in federal food assistance to two of the states largest food banks, includingThe Connecticut Food Bank, which will receive $1.9 million for food and nearly $650,000 for administrative costs, and Foodshare, which will receive nearly $1 million for food and $300,00 for administrative costs.",,,,,,,,,Y,,,
13-Apr-20,"The Governor announced the creation of a group of health and business experts, the Reopen Connecticut Advisory Group, who will consult and adviseThe Governor on reopening Connecticut's economy.",,,,,,,,,,,Y,
14-Apr-20,"The Governor issued an executive order taking the following actions:Temporarily waiving certain requirements related to state contracts in order to expedite the procurement of essential goods and services, including personal protective equipment (PPE); Allowing property owners or their attorney or agent to appear before a board of assessment appeals using remote technology instead of in person;Suspending of license requirements for unarmed security officers who may be licensed in another state to work in Connecticut. ",,,,,,,,,,Y,Y,
14-Apr-20,"The Connecticut Department of Revenue Services extended the filing and payment deadlines of certain returns until July 15, 2020.",,,,,,,,,,,Y,
15-Apr-20,To Governor issued an executive order permitting the Department of Social Services to temporarily waive the statutory moratorium on new beds at certain nursing homes.,,,,,,,,,,,Y,
15-Apr-20,"The Connecticut Insurance Commissioner approved up to $25,000 no-cost life insurance coverage for front-line health care workers and fully-insured health plan members can receive COVID-19 treatment with no out-of-pocket costs",,,,,,,,,,,Y,
15-Apr-20,The Governor announced that he has submitted a supplementary request to the President of the United States requesting the Federal Emergency Management (FEMA) cover 100 percent of the costs Connecticut has incurred to save lives and protect public health and safety and to extend financial assistance directly to affected Connecticut residents.,,,,,,,,,,,Y,
17-Apr-20,"The Governor announced that the State of Connecticut has formed a partnership with CVS Health in an initiative that will make free, rapid COVID-19 tests available to eligible Connecticut residents. ",,,,Y,,,,,,,,
17-Apr-20,"The Governor ordered that Connecticut's 2020 presidential primary election be rescheduled to Tuesday, August 11, 2020.",,,,,,,,,,,Y,
17-Apr-20,The Governor issued an executive order requiring cloth face coverings or higher level of protection for any person in a public place in Connecticut who is unable to or does not maintain a safe social distance of approximately six feet.,,,,,,,,,,Y,,
17-Apr-20,The Governor announced the launch of a Talk It Out hotline for families to relieve the stress of caring for children during pandemic.,,,,,,,,,,,Y,
17-Apr-20,The Connecticut Department of Revenue Services (DRS) launched a new assistance program designed to help taxpayers subject to current DRS collections matters who have been impacted by the COVID-19 pandemic.,,,,,,,,,,,Y,
18-Apr-20,"The Connecticut Department of Economic and Community Development formed partnerships with SoFi, a leading online personal finance company, and Equifax, a global data, analytics and technology company, to lower costs and expedite loan processing and payments underThe Connecticut Recovery Bridge Loan Program.",,,,,,,,,,,Y,
18-Apr-20,"The Governor, along with New York Governor Cuomo and New Jersey Governor Murphy, announced that marinas, boatyards and marine manufacturers in their states will be allowed to open for personal use as long as strict social distancing and sanitization protocols are followed.",,Y,,,,,,,,,,
19-Apr-20,The Governor announced that he is directing his administration to boost Medicaid payments for all of the states 215 nursing homes by an additional five percent above the recently announced ten percent increase. ,,,,,,,,,,,Y,
19-Apr-20,"The Governor, along withThe Governors of New York, Massachusetts, Rhode Island, New Jersey, Pennsylvania and Delaware, announced their appointees that will serve on the multi-state, regional council to restore the economy and get people back to work. The appointees include a health expert, an economic development expert and the respective chief of staff from each state.",,,,,,,,,,,Y,
20-Apr-20,The Governor announced a partnership with the developers of the How We Feel app to anonymously provide scientists with critical health information needed to understand the spread of COVID-19.,,,,,,,,,,,Y,
21-Apr-20,"The Governor announced a new initiative between Hartford HealthCare and Quest Diagnostics, with support from the State of Connecticut, that will significantly increase the capacity of COVID-19 testing in the state from 500 tests per day to 2,500.",,,,Y,,,,,,,Y,
21-Apr-20,"The Governor issued an executive order taking the following actions: Extension of applicability of Executive Order No. 7S, Section 7 to include additional critical and time-sensitive municipal fiscal actions;Clarification of time periods regarding suspension and modification of non-judicial tax sales pursuant to Executive Order No. 7S, Section 11; Exclusion of federal stimulus payments in evaluating eligibility for state or local programs financed in whole or in part using state funds; Alternative to physical presence in court for finding of irretrievable breakdown of marriage; Alternative to in-person waiver of right to file motion or petition for educational support;Alternative to physical appearance of petitioner regarding decree of dissolution after entry of decree of legal separation; Alternative to in-court canvas prior to entrance of final agreement; Alternative to physical presence when findings on the record are required; and Revised financial protections for people covered by insurance who receive out-of-network health care services during the public health emergency.",,,,,,,,,,,Y,
21-Apr-20,"The Governor, in collaboration with other states, announced that the State of Connecticut has secured relief options with many private student loan servicers whose borrowers are not covered by the recently adopted federal CARES Act. This new initiative will benefit Connecticut residents with privately held student loans.",,,,,,,,,,,Y,
21-Apr-20,The Governor announced an Request for Applications (RFP) seeking organizations to partner with the state in its efforts to significantly scale-up its daily COVID-19 testing capacity as part of its efforts to reopen the states economy.,,,,Y,,,,,,,Y,
22-Apr-20,"The Governor issued an executive order taking the following actions: Additions to the definition of telehealth provider; Flexibility for Medicaid-enrolled providers and in-network providers for commercial fully insured health insurance to perform telehealth through additional methods; Additions to permissible out-of-state healthcare providers; Participation in intern, resident physician, or United States Medical Officer candidate training programs prior to permit issuance; Participation in resident physician assistant program prior to permit issuance;Temporary suspension of physician assistant supervision restrictions; Temporary suspension of in-person supervision requirement for advanced practice registered nurses;Provision of services by respiratory care therapist and respiratory care technician students; Suspension of continuing education requirement for health care providers; andModification of 36-month age limit for Birth-to-Three services.",,,,,,Y,,,,,Y,
22-Apr-20,The Governor announced The Connecticut Department of Mental Health and Addiction Services (DMHAS) received a $2 million grant from the U.S. Substance Abuse and Mental Health Services Administration. The funding will be used by DMHAS to launchThe Connecticut COVID-19 Behavioral Health Response and Assistance (Connecticut COBHRA) initiative. ,,,,,,Y,,,Y,,Y,
23-Apr-20,"The Governor issued an executive order taking the following actions: Mandatory reporting by managed residential communities; Mandatory reporting by nursing homes; Civil penalties for failure to comply with mandatory reporting; Waiving certain Medicaid prior authorization requirements; Waiving Medicaid bed reservation requirements for residents who are on leave from intermediate care facilities for individuals with intellectual disabilities; and Waiving requirements for signed delivery receipt for medical equipment, devices and supplies.",,,,,,,,,,,Y,
23-Apr-20,The Governor announced the members who will serve on the Reopen Connecticut Advisory Group. The group will act in consultation with his administration and legislative leadership on the reopening of Connecticut's economy and education system.,,,,,,,,,,,Y,
23-Apr-20,"The Governor announced the launch of a program to coordinate housing solutions for individuals re-entering society. The program will assist recently discharged individuals, who would otherwise be homeless, identify and secure alternative housing solutions. ",,,,,,,,,,,Y,
24-Apr-20,The Governor issued an executive order providing additional flexibility for Medicaid-enrolled providers to perform telehealth through audio-only methods for new patients.,,,,,,Y,,,,,Y,
25-Apr-20,"The Governor announced his administration is partnering withThe Connecticut Business and Industry Association (CBIA) on an initiative to distribute free face coverings to eligible, essential small businesses with fewer than 50 employees.",,,,,,,,,,Y,Y,
27-Apr-20," The Office of Early Childhood has launched the CTCARES for Frontline Workers Program, which was created to help frontline workers struggling with the costs of child care.",,,,,,,,,,,Y,
28-Apr-20,The Governor announced the Department of Labor has begun issuing supplemental $600 stimulus payments for unemployment benefits.,,,,,,,,,,,Y,
29-Apr-20," The Department of Labor launched a website that breaks down information on people who have filed for unemployment in the state by age, industry, gender, and town to assist state and municipal governments develop responsible re-opening strategies. ",,,,,,,,,,,Y,
30-Apr-20,"The Governor announced the states phased-in approach to reopening Connecticut's economy beginning May 20, 2020.",,Y,,,,,,,,,,
30-Apr-20,The Governor issued an executive order taking the following actions: Extension of payment time for sealed ticket revenue due to the state; Waiver of notarization requirement for embalmers affidavit accompanying death certificates; Temporary suspension of controlled substance registration; Modification of state contracting statutes to facilitate the emergency procurement of essential services;Modification of state contracting authorities to facilitate the emergency procurement of essential services; Modification of state construction requirements to facilitate the emergency provision of construction and construction-related services; andExtension of existing contracts to prevent gaps in necessary services.,,,,,,,,,,,Y,
30-Apr-20,The Department of Social Services announced its preparing to implement new coverage for uninsured children and adults in the HUSKY Health program.,,,,,,Y,,,,,Y,
30-Apr-20,The Department of Labor launched new system for self-employed to apply for federal unemployment benefits under the federal Pandemic Unemployment Assistance (PUA) Program.,,,,,,,,,,,Y,
30-Apr-20,"The Judicial Branch announced that effective immediately, parties who have an agreement may have their family court cases resolved without having to come to court.",,,,,,,,,,,Y,
1-May-20,The Governor announced that the Federal Emergency Management Agency (FEMA) has approved another portion of hisongoing requestfor disaster assistance as part of the State of Connecticut's Major Disaster Declaration for funding for crisis counseling.,,,,,,,,,,,Y,
1-May-20,The Governor issued an executive order taking the following actions:Mandatory suspension of annual town meeting or referendum to adopt budget; and Authorization  for common-interest communities to hold meetings remotely.,,,,,,,,,,,Y,
3-May-20,"The Governor along with New York Governor Andrew M. Cuomo, New Jersey Governor Phil Murphy, Massachusetts Governor Charlie Baker, Rhode Island Governor Gina Raimondo, Pennsylvania Governor Tom Wolf, and Delaware Governor John Carney announced a joint multi-state agreement to develop a regional supply chain for personal protective equipment, other medical equipment and testing.",,,,Y,,,,,,Y,Y,
4-May-20,"The Governor announced the statewide expansion of a program that will make free online learning licenses available to recipients of unemployment insurance, including those who have been impacted by the economic fallout of the public health crisis.",,,,,,,,,,,Y,
5-May-20,"The Governor issued an executive order taking the following actions:Extension of school class cancellations for remainder  of school year; Authorization for the Department of Social Services  commissioner to temporarily waive, modify, or suspend home health  regulatory requirements; Extension of the start date for imposition of a late  fee for obtaining dog licenses from July 1, 2020 to August 1, 2020; andAuthority to waive certain requirements for the  issuance of vouchers under the Farmers Market Nutrition Program for  Women, Infants, and Children.",Y,,,,Y,,,,,,Y,
5-May-20,The Governor ordered in-person classes at all K-12 public school facilities to remain canceled for the rest of the 2019-2020 academic year and continue providing distance learning during this period.,Y,,,,Y,,,,,,,
5-May-20,"The Connecticut Department of Revenue Services (DRS) extended the application deadline for municipalities to submit their locally approved Neighborhood Assistance Act project proposals until July 31, 2020.",,,,,,,,,,,Y,
6-May-20,"The Governor issued an executive order taking the following actions: Suspension of reapplication filing requirement for the Homeowners Elderly/Disabled, Circuit Breaker Tax Relief Program, and for the Homeowners Elderly/Disabled Freeze Tax Relief Program; Permitting distance learning and remote testing certification for Connecticut Department of Energy and Environmental Protection (DEEP) programs; Extending the period of validity of approval for tolling of land use and building permits; andAllowance of suspension of in-person voting requirements by members of the public for critical and time-sensitive municipal decisions.",,,,,,,,,,,Y,
6-May-20,"The Attorney General William Tong, U.S. Attorney John Durham, representatives of the Federal Bureau of Investigation, and Chief States Attorney Richard Colangelo announced the formation of a joint federal-state task force combatting COVID-19-related fraud in Connecticut.",,,,,,,,,,,Y,
6-May-20,"The Governor announced that Summer, a social enterprise that assists student loan borrowers, is providing Connecticut residents financially impacted by the COVID-19 crisis with free assistance managing their student loans.",,,,,,,,,,,Y,
6-May-20,The Governor announced the Education Committee of the Reopen Connecticut Advisory Group is recommending a gradual reopening of higher education campuses  at the discretion of each institution and depending on health conditions.,,Y,,,,,,,,,Y,
7-May-20,The Governor issued an executive order permitting pharmacists to order and administer Food and Drug Administration tests.,,,,,,,,,,,Y,
7-May-20,The Connecticut Department of Labor announced that it has made active the filing site so those who are self-employed can complete the necessary filing applications for Pandemic Unemployment Assistance (PUA).,,,,,,,,,,,Y,
7-May-20,The Governor announced his administration is utilizing seven criteria in its consideration for Phase 1 of Connecticut's reopening efforts,,,,,,,,,,,Y,
7-May-20,The Governor announced his administration is suspending the requirement that patients receive a referral from a physician or other prescribing medical provider prior to being administered a test.,,,,Y,,,,,,,Y,
8-May-20,"The Department of Economic and Community Development (DECD) committed an additional $3 million to the COVID-19 Business Response Program, which provides financial relief to minority-owned and women-owned small businesses negatively impacted by the coronavirus pandemic.",,,,,,,,,Y,,Y,
8-May-20,The Department of Revenue Services announced that it is extending the deadline for filing certain protests with its appellate division by 90 days.,,,,,,,,,,,Y,
9-May-20,The Governor announced that his administration has released documents detailing specific rules that eligible businesses falling under phase 1 of Connecticut's reopening plans must follow amid the ongoing COVID-19 pandemic.The Department of Economic and Community Development (DECD) announced the formation of the Reopen Connecticut Small Business Implementation Task Force to support small business on how to implement the new guidelines.,,,,,,,,,,,Y,
9-May-20,The Governor issued an order implementing standards at nursing homes to ensure loved ones can speak with their families either through windows or video conferencing,,,,,,,,,,,Y,
11-May-20,The Governor issued an executive order making modifications to the petitioning process for the August primary.,,,,,,,,,,,Y,
11-May-20,The Governor announced the state has opened an COVID-19 only nursing home designed to handle patients elderly patients discharged from hospitals and to help prevent outbreaks at other nursing homes.,,,,,,,,,,,Y,
12-May-20,"The Governor issued an executive order taking the following actions: Allowing municipalities to expedite changes to their zoning rules or other ordinances to expand outdoor dining; Creating an expedited approval process for restaurants and other establishments that serve food to get fast-tracked permission to create or expand outdoor dining areas;Allowing other businesses such as retail stores to get fast-tracked permission to sell goods on the sidewalk or in other outdoor areas, including shared spaces or spaces provided by municipalities; Allowing restaurants and other businesses who already have liquor permits to serve alcohol only with food without applying for a separate patio or extension of use permit; and Allowing private clubs to sell alcohol only to their members for delivery or pickup.",,Y,,,,,,,,,,
13-May-20,The Governor issued an executive order taking the following actions: Waiving of statutory vote on supplemental federal block grant; Permitting remote participation in member meetings; Waiving of certain regulatory limitations on the amount of support that can be provided to caregiver relatives;Modifying the grace period for April and May rent; Authorizing the Office of Policy and Management (OPM) to direct Department of Social Services (DSS) to provide Coronavirus Relief Fund distributions to nursing home facilities; Authorizing the OPM to direct DSS to provide Coronavirus Relief Fund distributions to COVID recovery facilities and alternate COVID recovery facilities; Authorizing additional COVID-19 related hardship relief funding under the Coronavirus Relief Fund to nursing home facilities; Protecting Coronavirus Relief Fund distribution determinations from rehearing or appeal; and Extending and sunset of suspension of tax on single-use plastic checkout bags.,,,,,,,,,,,Y,
13-May-20,The Connecticut Office of Early Childhood announced that it has launched CTCARES for Family Child Care to provide support to licensed family child care providers during the COVID-19 public health emergency and beyond.,,,,,,,,,,,Y,
14-May-20,The Governor announced CVS Health is opening 12 new COVID-19 test sites at select CVS Pharmacy drive-thru locations in Connecticut.,,,,Y,,,,,,,Y,
13-May-20,The Centers for Medicare and Medicaid Services (CMS) approved Connecticut's second request for a Medicaid 1135 waiver. The waiver allows Connecticut to reimburse for Home and Community-Based Services(HCBS) in additional settings,,,,,,Y,,,,,Y,
14-May-20,The Governor issued an executive order requiring procedures for local appointments and elections requiring in-person vote.,,,,,,,,,,,Y,
14-May-20,The Governor announced Connecticut businesses eligible to open on or soon after May 20 are required to self-certify to demonstrate they understand and will comply with COVID-19 rules and regulations set by the state.,,,,,,,,,,,Y,
14-May-20,The Governor announced that the State of Connecticut is receiving $111 million in federal coronavirus relief aid for the states school districts that will be used to support continued learning and address educational disruptions.,,,,,Y,,,,Y,,Y,
14-May-20,The Governor submitted his 2020-21 May Revision budget proposal to the Legislature  a balanced plan to close a budget gap of more than $54 billion brought on by the COVID-19 recession.,,,,,,,,,Y,,Y,
15-May-20,"The Governor announced that the first wave of Dell laptops  part of a total 60,000 that are being donated to Connecticut high schools by the Partnership for Connecticut  are arriving slightly ahead of schedule and will begin to be distributed to districts starting next week.",,,,,,,,,,,Y,
15-May-20,"The Governor announced that the state will be distributing 50,000 infrared thermometers it has secured for small businesses, nonprofits, and places of worship to support safe reopening activities.",,,,,,,,,,,Y,
15-May-20,"The Governor announced that Connecticut state parks that feature beaches along the states shoreline will be open Friday, May 22, though with capacity limitations. Visitors are advised to follow social distancing guidelines.",,Y,,,,,,,,,,
16-May-20,"The Governor announced a partnership with UnitedHealth Group, United Way 211, and DoorDash to pilot a free meal delivery service for higher risk populations, The pilot will begin in the Greater Hartford area.",,,,,,,,,,,Y,
18-May-20,"The Governor announced an executive order taking the following actions: Reopening Phase 1;Enforcement of sector rules governing the reopening of businesses; Extension of prohibition on large gatherings to June 20, 2020; Extension of restrictions on off-track betting, indoor fitness, and movie theaters to June 20; Further clarification of limits on restaurants, bars, and private clubs mixed drinks permitted for takeout or delivery; Limitation on the operation of day camps;E nhanced health procedures for all day camps; Cancellation of resident camp operations; Limitation on the operation of summer and educational programs operated by local or regional boards of education; and Suspension or modification of regulatory requirements to protect public health and safety.",,Y,,,,,,,,,,
18-May-20,The Governor and Governor Gina Raimondo of Rhode Island announced their intention to align the reopening of hair salons and barbershops in their respective states in early June.,,,,,,,,,,,Y,
18-May-20,The Governor released a guidance document that was developed through a collaborative working group organized by his administration and provides best practices for dentist offices that are considering expanding their operations beyond emergency care in the coming days.,,,,,,Y,,,,,,
18-May-20,The Governor released an online guide to help small businesses comply with COVID-19 safety guidance and manage the broader reopening process.,,,,,,,,,,,Y,
20-May-20,"The Governor issued an executive order allowing all registered voters in Connecticut to vote absentee in the August 11, 2020 primary elections.",,,,,,,,,,,Y,
20-May-20,The Governor announced the establishment of new enforcement protocols to ensure businesses follow the Sector Rules for May 20th Reopen.,,Y,,,,,,,,,,
20-May-20,"The Connecticut Department of Energy and Environmental Protection (DEEP) released a plan that outlines current guidelines around the operation and use of Connecticut state park grounds, trails, beaches, boat launches, and other areas.",,Y,,,,,,,,,,
20-May-20,"The Connecticut Insurance Commissioner announced that additional frontline health care workers and volunteers in Connecticut are now eligible to receive up to $25,000 of free term life insurance.",,,,,,,,,,,Y,
21-May-20,The Governor issued an executive order taking the following actions: Authority for the Department of Energy and Environmental Protection (DEEP) to issue rental refunds for events taking place in state parks;Modification of age limit for early intervention coverage; and Waiver of requirement for guest books at private clubs.,,,,,,,,,,,Y,
21-May-20,The Connecticut Department of Motor Vehicles (DMV) announced its previously enacted 90-day extension for residents with expiring credentials is being extended to a total of 180 days.,,,,,,,,,,,Y,
21-May-20,"The Governor announced that CVS Health is opening 13 new COVID-19 test sites at select CVS Pharmacy drive-thru locations in Connecticut. These test sites, which are set to open on Friday, May 22, 2020, come in addition to the 12 locations the company previously opened in the state on May 15.",,,,Y,,,,,,,,
23-May-20,The Governor announced that The Connecticut Department of Transportation has approved a permit for Mystic Pizza to use a state highway right-of-way to add outdoor dining as the restaurant makes efforts to comply with the requirements of phase 1 of Connecticut's reopening plans.,,,,,,,,,,,Y,
22-May-20,"The Connecticut Department of Social Services announced children enrolled in school meals program will soon receive additional, emergency SNAP benefits.",,,,,,,,,,,Y,
22-May-20,"The Connecticut Department of Labor was awarded $2.33 million federal grant to create disaster relief jobs, employment and training services.",,,,,,,,,Y,,Y,
26-May-20,"The Governor released their Reopen Connecticut report, which contains recommendations from the Reopen Connecticut Advisory Group on the reopening of Connecticut's economy and education system.",,,,,,,,,,,Y,
26-May-20," The Federal Emergency Management Agency (FEMA) approved the Lamont administrations request to provide an extension for its non-congregate housing programs until July 2, 2020.",,,,,,,,,,,Y,
27-May-20,The Governor issued an executive order permitting the creation of a temporary nurse aide position to assist health care providers and other health-related services.,,,,,,Y,,,,,Y,
29-May-20,The Governor issued an executive order taking the following actions: Reopening of barbershops and hair salons on June 1; and Amending prohibitions on large gatherings.,,Y,,,,,,,,,,
29-May-20,"The Connecticut Public Utility Regulatory Authority (PURA) announced that the utility shut-off moratorium for non-residential customers in the state will continue through July 1, 2020.",,,,,,,,,,,Y,
1-Jun-20,"The Governor issued an executive order taking the following actions: Mandatory COVID-19 testing for staff of private and municipal nursing homes, residential communities, and assisted living agencies; andAllowsThe Connecticut Department of Labor to consider, when determining a workers eligibility for unemployment benefits, whether COVID-19 means returning to work would pose an unreasonable risk to the health of a member of that workers household.",,,,Y,,,,,,,Y,
2-Jun-20,"The Governor announced that the State of Connecticut is partnering in a first-of-its-kind, statewide project to quantify the spread of COVID-19 within the state by conducting a seroprevalence study of 1,400 randomized, representative Connecticut residents.",,,,,,,,,,,Y,
2-Jun-20,The Governor issued an executive order amending the limitation on program sizes in child care.,,,,,,,,,,,Y,
3-Jun-20,"The Governor announced that the state is partnering with philanthropic organizations in an effort to provide emergency assistance to vulnerable residents who are otherwise ineligible from receiving assistance through federal pandemic relief programs, including those from within the undocumented community.",,,,,,,,,,,Y,
4-Jun-20,The Governor issued an executive order taking the following actions: Technical clarifications regarding the ballot petitioning process for the August 2020 primary and November 2020 general election; and Further clarification of limits on alcohol service and sales related to catering.,,,,,,,,,,,Y,
4-Jun-20,"The Governor and Banking Commissioner announced that over 45 banks and credit unions have agreed to extend their voluntary participation inThe Connecticut Mortgage Relief Program, which provides relief to consumers facing financial hardship due to COVID-19.",,,,,,,,,,,Y,
4-Jun-20,"The Governor announced that his administration is establishingThe Connecticut Municipal Coronavirus Relief Fund Program, which will set a process by which municipal governments will receive reimbursements from the state using the federally supported Coronavirus Relief Fund to offset their expenses.",,,,,,,,,,,Y,
5-Jun-20,"The Governor issued an executive order taking the following actions: Modification of safety rules for drive-in religious gatherings; Safety rules for drive-in graduations; and Suspension of the involuntary discharge of nursing facility residents and residential care home residents who may be discharged to homeless shelters, except during emergency situations or with respect to COVID-19 recovered discharges.",,Y,,,,,,,,,,
7-Jun-20,"The Governor announced that his administration has released documents detailing specific rules that eligible businesses falling under phase 2 of Connecticut's reopening plans must follow amid the ongoing COVID-19 pandemic. The second phase takes effect Wednesday, June 17.",,,,,,,,,,,Y,
8-Jun-20,"The Governor announced that he is ordering an independent, third-party review to be conducted of the preparation and response to the COVID-19 pandemic inside of Connecticut's nursing homes and assisted living facilities.",,,,,,,,,,,Y,
9-Jun-20,"The Connecticut Department of Public Health released an order ensuring that people with disabilities have reasonable access to support personnel in hospital settings in a manner that is consistent with disability rights laws and the health and safety of patients, health care providers, and support persons.",,,,,,,,,,,Y,
10-Jun-20,The Governor issued an executive order taking the following actions: Resumption of court filing deadlines; Modifications to DMV functions; and Modifications to Executive Order No. 7E.,,Y,,,,,,,,,,
11-Jun-20,"The Governor announced the launch of the CT Back to Work Initiative that will provide workers and businesses with high-quality, user-friendly career tools to assist those who have been impacted by the economic fallout from the public health emergency.",,,,,,,,,,,Y,
17-Jun-20,"The Governor issued an executive order taking the following actions: Modifications to adapt to Phase 2 reopening efforts; Restrictions on large gatherings and events; Further clarification of limits on alcohol sales by restaurants, bars, and private clubs; Restrictions of off-track betting extended; Extension of essential business rules; Clarification of Executive Order No. 7MM; and Extension of remote notarization.",,Y,,,,,,,,,,
17-Jun-20,"The Governor issued an executive order taking the following actions: Technical correction to Executive Order No. 7ZZ, Section 8; Authority to modify limitation on group sizes in child care; Waiver of requirement to hold annual agricultural fair and reporting requirement to maintain agricultural society property tax exemption; and Mandatory COVID-19 testing for staff of private and municipal nursing home facilities, managed residential communities, and assisted living services agencies.",,,,Y,,,,,,,Y,
18-Jun-20,"The Governor announced employees of five Connecticut state agencies (Department of Correction, the Department of Veterans Affairs, the Department of Mental Health and Addiction Services, the Department of Children and Families, and the Department of Developmental Services) who have frequent contact with constituents in congregate settings, hospitals, and nursing homes will receive mandatory COVID-19 testing.",,,,Y,,,,,,,,
19-Jun-20,The Governor announced the extension from the Federal Emergency Management Agency (FEMA) for approval to apply for reimbursement for statewide emergency feeding efforts until July 20.,,,,,,,,,,,Y,
24-Jun-20,"The Governor Connecticut, Governor of New York, and Governor of New Jersey announced a joint incoming travel advisory that all individuals traveling from states with significant community spread of COVID-19 self-quarantine for a 14-day period from the time of last contact within the identified state.",Y,,,,,,,,,,,
25-Jun-20, The Governor issued an executive order taking the following actions: Clarifying the authority granted to allow boards of assessment appeals to extend deadlines to file tax assessment appeals to ensure that grand lists are completed on time; Extending the time for fire service personnel examinations; and Modifying regulations in order to waive for six months the requirement that customers appear in person at the Department of Motor Vehicles to obtain a duplicate license or identification. ,,,,,,,,,,,Y,
25-Jun-20," The Governor, in partnership with the Connecticut Community Nonprofit Alliance and the Hartford Foundation for Public Giving, announced the launch of ConnectiCorps, a new community service program set to launch in August that will help address the growing demand on essential services provided by Connecticut’s nonprofits in the areas of food security, housing, and antipoverty assistance.",,,,,,,,,,,Y,
26-Jun-20," The Connecticut Health and Educational Facilities Authority (CHEFA) approved $3 million in grants to assist Connecticut health care, education, child care, and cultural organizations.",,,,,,,,,Y,,Y,
29-Jun-20," The Governor announced a comprehensive plan to put more than $33 million in state and federal resources to work providing emergency assistance to renters, homeowners, and residential landlords.",,,,,,,,,,,Y,
29-Jun-20, The Governor issued an executive order taking the following actions: Extended protections for residential renters; and Authority to extend statutory and regulatory administrative deadlines by an additional 90 days.,,,,,,,,,,,Y,
29-Jun-20," The State Department of Education released a comprehensive plan for returning to in-school, full-time instruction for the 2020-21 academic year.",,Y,,,Y,,,,,,,
30-Jun-20,"The Governor announced the release of $2 million from the Coronavirus Relief Funds to expand the Connecticut Youth Employment Program, an ongoing initiative that provides year-round employment opportunities with community-based agencies throughout the state.",,,,,,,,,,,Y,
30-Jun-20,The Governor issued an executive order taking the following actions: Authorizing the Department of Social Services to provide funding from the Coronavirus Relief Fund to additional providers; and Allowing continuing education classes for electricians and plumbers to be conducted online.,,,,,,,,,,,Y,
30-Jun-20,The Governor along with the Governors of New Jersey and New York expanded the regional travel advisory to eight additional states requiring travelers to self-quarantine for a 14-day period.,Y,,,,,,,,,,,
2-Jul-20,"The Governor updated the guidance if someone arrives to Connecticut from an impacted state, self-quarantining for 14 days remains the best option, however the updated guidance permits travelers to enter the state if they test negative for COVID-19 within 72 hours prior to arriving.",Y,,,,,,,,,,,
2-Jul-20,The state launched the “Connecticut Respect” PSA campaign to reinforce practices that will help reduce the spread of COVID-19.,,,,,,,,,,,Y,
6-Jul-20,The Governor announced that the state will pause Phase 3 reopening amid a jump in COVID-19 cases in different areas across the United States.,,,,,,,,,,,Y,
8-Jul-20,The Governor announced that all campgrounds at Connecticut State Parks have opened for the 2020 season with restrictions.  ,,Y,,,,,,,,,,
9-Jul-20," The Governor announced the reinstatement of the Small Town Economic Assistance Program (STEAP) -  a state initiative that funds infrastructure improvement projects for towns that are otherwise ineligible to receive urban action bonds. The initiative will have a special provision to support towns with expenditures related to their response to the pandemic, including for new construction, expansion, renovation, or replacement for existing facilities.",,,,,,,,,,,Y,
13-Jul-20," The Governor announced the state, in partnership with New York, is implementing a certification process that would require travelers to provide information on where they are staying, how they will quarantine and who they are traveling with, among other yet to be determined requirements.",,,,,,,,,,,Y,
13-Jul-20, The Governor issued an executive order taking the following actions: Authorizing temporary rental housing program; Authorizing temporary creation of a mortgage relief program; and Extending online continuing education for plumbers and electricians.,,,,,,,,,,,Y,
14-Jul-20,"The Governor issued an executive order authorizing the continued temporary suspension of the requirements for licensure, certification, or registration of out-of-state providers.",,,,,,,,,,,Y,
14-Jul-20,"The Governor, along with the Governors of New Jersey and New York, released an updated regional travel advisory to include four additional states (Minnesota, New Mexico, Ohio, and Wisconsin). ",,,,,,,,,,,Y,
15-Jul-20,"The Governor announced that he has submitted a request to the U.S. Department of Homeland Security to extend support for the Connecticut National Guard’s statewide response to the COVID-19 pandemic through December 31, 2020.",,,,,,,,,,,Y,
17-Jul-20,"The Governor issued a proclamation calling the Connecticut General Assembly to meet in special session beginning Tuesday, July 21 to discuss legislation on the upcoming election, transparency in law enforcement, relaxed restrictions on telehealth services, and affordable access to medical resources.",,,,,,,,,,,Y,
17-Jul-20,"The Connecticut’s Department of Energy and Environmental Protection (DEEP) announced plans to re-open inland swimming areas at eight state parks, Seaside State Park, and the marsh boardwalk at Silver Sands State Park effective Saturday, July 18, 2020.",,Y,,,,,,,,,,
20-Jul-20,The Governor announced new restrictions in place for those traveling to the state who fail to comply with travel restrictions.,Y,,,,,,,,,,,
24-Jul-20, The Governor issued an executive order creating a rebuttable presumption that workers who contracted COVID-19 in the early days of the pandemic contracted it on the job and are eligible for workers’ compensation benefits.,,,,,,,,,,,Y,
24-Jul-20, The Connecticut Department of Economic and Community Development announced updates have been made to the state’s previously announced industry-specific rules.,,,,,,,,,,,Y,
27-Jul-20," The Connecticut Department of Motor Vehicles announced that it has added to its list of extended deadlines for residents with expiring credentials. In addition to extending the expiration date of DMV credentials, late fees associated with eligible expired credentials will be waived during this time period of the extension for qualifying credentials.",,,,,,,,,,,Y,
27-Jul-20," The Governor said the state will not dictate the opening date of the school year or how instruction will be offered, leaving to local school systems a choice of classroom instruction, distant learning or a mix of the two.",,,Y,,,,,,,,,
28-Jul-20," The Governor, along with the Governors of New Jersey and New York, released an updated regional travel advisory to include Illinois, Kentucky, Minnesota, Puerto Rico, and Washington, DC.",,,,,,,,Y,,,Y,
28-Jul-20," The Governor announced the Federal Emergency Management Agency (FEMA) has approved a 30 day extension of the non-congregate sheltering authorization under the FEMA Public Assistance program until September 1, 2020.",,,,,,,,,,,Y,
28-Jul-20," The Governor and Department of Public Health (DPH) Acting Commissioner announced youth sports teams who travel to states on Connecticut travel advisory list need to cancel practices and competition for the 14 days after their return to Connecticut in order to comply with the order. Failure to comply may result in a $1,000 penalty.",Y,,,,,,,,,,,
29-Jul-20,"The Governor amended executive order No. 7G, Section 2 to end the suspension of requirements or deadlines related to child protection matters pending before the Superior Court.",,,,,,,,,,,Y,
6-Aug-20,Governor Lamont Announces Additional Coronavirus Relief Funding to Assist Connecticut School Districts With Fall Operations,,,,,Y,,,,Y,,Y,
7-Aug-20,Governor Lamont Announces Connecticut Receives Extension of Full Federal Funding for National Guard COVID-19 Response Operations,,,,,,,,,Y,,Y,
21-Aug-20,"Governor Lamont Increases Funding for Housing Assistance Programs, Extends Eviction Moratorium To October 1",,,,,,,,,Y,,Y,
1-Sep-20,Governor Lamont Extends Connecticut's State of Emergency in Response To the COVID-19 Pandemic To February 9,Y,,,,,,Y,,,,,
2-Sep-20,Governor Lamont announced the expansion of a program delivering food boxes to high-risk Connecticut Residents,,,,,,,,,,,Y,
23-Sep-20,Governor Lamont announced the expansion of the State’s Shared Work Program to help employers navigate economic impact of pandemic,,,,,,,,,,,Y,
24-Sep-20,Governor Lamont announced Connecticut moves toward Phase 3 Reopening on October 8,,Y,,,,,,,,,,
25-Sep-20,Department of Public Health released comprehensive guidance and recommendations for all organized sports,,Y,,,,,,,,,,
28-Sep-20,Department of Public Health announced new COVID-19 guidelines for visitation at long-term care facilities in response to federal directive,,Y,,,,,,,,,,
30-Sep-20,"Governor Lamont doubled funding for Housing Assistance Program to prevent the spread of COVID-19, extended eviction moratorium to end of 2020",,,,,,,,,Y,,Y,
30-Sep-20,Governor Lamont announced new programs to support those who need to isolate or self-quarantine due to COVID-19 infection or exposure,,,,,,Y,,,,,,
7-Oct-20,Governor Lamont announced State will support public libraries with $2.6M in Coronavirus Relief Funds,,,,,Y,,,,,,Y,
19-Oct-20,Governor Lamont announced grant program to support Connecticut’s arts community amid COVID-19 pandemic,,,,,,,,,Y,,Y,
20-Oct-20,Governor Lamont created program to assist small businesses impacted by COVID-19,,,,,,,,,Y,,Y,
21-Oct-20,Governor Lamont announced state begins allocation of $20 million to support local health districts in ongoing COVID-19 response efforts,,,,,,Y,,,Y,,,
23-Oct-20,Governor Lamont allocated $1 million in supplemental aid to support foster parents during COVID-19 response,,,,,,,,,,,Y,
23-Oct-20,Governor Lamont allocated $15 million from Coronavirus Relief Fund toward innovative workforce programs connecting workers to in-demand jobs,,,,,,,,,,,Y,
30-Oct-20,Governor Lamont and Legislative Leaders launched Nursing Home and Assisted Living Oversight Working Group,,,,,,Y,,,,,,
4-Nov-20,Governor Lamont announced reopening of Residential Renters Assistance Program amid COVID-19 pandemic,,,,,,,,,,,Y,
5-Nov-20,Governor Lamont approved $3.4 Million in Coronavirus Relief Grants for shelter improvements and homelessness prevention services,,,,,,,,,Y,,,
5-Nov-20,The Department of Public Health issued new Public Health Advisory limiting any non-essential trips outside the home between 10 p.m. and 5 a.m.; high-risk individuals should take extra precautions ,Y,,,,,,,,,,,
11-Nov-20,"The Department of Public Health released updated comprehensive sports guidance incorporating sports to be played in the winter season for both interscholastic leagues, recreational, and private leagues for youth and adults",Y,,,,,,,,,,,
12-Nov-20,"Governor Lamont announced launch of COVID Alert CT, the exposure notification app in Connecticut",,,,,,,,,,,Y,
16-Nov-20,Governor Lamont requested federal extension of the Connecticut National Guard's COVID-19 support through June,,,,,,,,,,,Y,
18-Nov-20,"Regional Coalition of Northeast Governors announced Colleges will be encouraged to provide testing for students before leaving for Thanksgiving break, recommended expanded remote instruction to end fall semester safely",,,,,Y,,,,,,,
30-Nov-20,Governor Lamont Announces Recipients of $9 Million in Grants To Support the Arts Community During the COVID-19 Pandemic,,,,,,,,,Y,,,
3-Dec-20,Governor Lamont Announces Connecticut Receives Federal Extension of Connecticut National Guard’s COVID-19 Support Through March,,,,,,,,,,,Y,
4-Dec-20,Governor Lamont Announces Executive Order Expanding Federal Lost Wages Assistance for Low-Wage Unemployed Workers During COVID-19 Pandemic,,,,,,,,,,,Y,
10-Dec-20,"The Department of Public Health (DPH) today released updated comprehensive sports guidance incorporating sports to be played in the winter season for both interscholastic leagues, recreational, and private leagues for youth and adults",,,,,,,,,,,Y,
13-Dec-20,Governor Lamont Announces Connecticut Vaccine Distribution Plan To Begin,,,,,,,,,,,,Y
18-Dec-20,"Governor Lamont implements new guidelines for Connecticut’s COVID-19 Travel Advisory, The revised order applies to all domestic and international locations outside of Connecticut, except for the neighboring states",,,,,,,,Y,,,,
21-Dec-20,Governor Lamont announced approval of Moderna’s COVID-19 vaccine in Connecticut,,,,,,,,,,,,Y
30-Dec-20,"Governor Lamont announced that he is committing an additional $31.2 million, as well as continued support for COVID-19 recovery and alternate COVID recovery facilities, to support Connecticut’s nursing homes in their ongoing response to combat the COVID-19 pandemic. ",,,,,,Y,,,,,Y,
7-Jan-21,Governor Lamont announced that public health officials in Connecticut have confirmed that the first two cases of the COVID-19 variant B.1.1.7 have been detected in the state.,,,,,,,,,,,Y,
14-Jan-21,"Governor Lamont announced that phase 1b of Connecticut’s COVID-19 vaccine rollout will begin on Monday, January 18, 2021, and residents in the state over the age of 75 can now schedule appointments to receive the vaccine. In addition, Governor Lamont announced that he is accepting the recommendations of the Allocation Subcommittee of the Governor’s COVID-19 Vaccine Advisory Group to expand phase 1b to include additional population groups.",,,,,,,,,,,,Y
18-Jan-21,"Governor Lamont announced that he is directing the Connecticut Department of Public Health to proceed through the remaining groups in the phase with a tiered approach based on risk of adverse health outcomes from the virus. The governor is directing the implementation be done in an equitable way, with vaccine distribution points focused in areas where residents and communities have barriers to access and care.",,,,,,,,,,,,Y
26-Jan-21,Governor Lamont Extends Connecticut’s State of Emergency for the COVID-19 Pandemic To April 20,,,,,,,Y,,,,,
4-Feb-21,Governor Lamont Allocates $40 Million To Connecticut’s Hospitals To Support Ongoing COVID-19 Response Efforts,,,,,,Y,,,Y,,,
5-Feb-21,"Working in partnership with the state Department of Public Health (DPH), the United Way of Connecticut has announced plans to immediately expand availability and access to vaccine scheduling through the state’s Vaccine Appointment Assist Line. Expanding to 12 Hours per Day/7 Days a Week",,,,,,,,,,,,Y
8-Feb-21,"Governor Ned Lamont announced that Connecticut residents over the age of 65 will be eligible to schedule COVID-19 vaccination appointments starting on Thursday, February 11, 2021, as the state rolls into the next part of phase 1b of its vaccination program. Vaccinations for individuals over the age of 75 and those within phase 1a will continue.",,,,,,,,,,,,Y
1-Mar-21,"Connecticut residents aged 55 and over will be eligible to schedule and receive their COVID-19 vaccination through one of more than 130 sites throughout the state. In addition, public and private school teachers and other in-school staff, volunteers and bus drivers, and childcare professionals will be eligible to receive vaccine.",,,,,,,,,,,,Y
4-Mar-21,"Governor Lamont Announces Plans To Ease Some COVID-19 Restrictions in Connecticut. All capacity limits will be eliminated for the following businesses, while face coverings, social distancing, and other cleaning and disinfecting protocols will continue to be required: Restaurants (8-person table capacity and 11PM required closing time for dining rooms continues) Retail, Libraries, Personal services ,Indoor recreation (excludes theaters, which will continue to have a 50% capacity) ,Gyms/fitness centers, Museums, aquariums, and zoos, Offices, Houses of worship. Gathering sizes will be revised to the following amounts: Social and recreational gatherings at private residence – 25 indoors/100 outdoors, Social and recreational gatherings at commercial venues – 100 indoors/200 outdoors",,Y,,,,,,,,,,
14-Mar-21,Governor Lamont Signs Order Enabling Expanded Use of Telehealth Services To Continue During COVID-19 Pandemic,,,,,,Y,,,,,,
15-Mar-21,"Governor Ned Lamont today announced that he is accelerating Connecticut’s age-based rollout of the COVID-19 vaccine to proceed on a quicker schedule than was originally anticipated when it was announced last month. The revised schedule, which tentatively plans for the vaccine to expand to all adults over the age of 16 by April 5, comes as the state was informed by the Biden administration that it should anticipate receiving a significant increase in supplies of all three federally authorized vaccines over the next several weeks.",,,,,,,,,,,,Y
15-Mar-21,Governor Lamont and Congressional Delegation Announce Launch of State Program To Provide Emergency Rental and Utility Assistance Amid COVID-19 Pandemic,,,,,,,,,,,Y,
25-Mar-21,"Governor Lamont and the House pass of Legislation Relaxing State Laws on Outdoor Dining at Connecticut Restaurants. The legislation permits restaurants to operate under these relaxed rules through March 31, 2022, and allows municipalities to expedite permanent changes to their zoning rules if they wish to expand the availability of outdoor dining and retail activity.",,Y,Y,,,,,,,,,
1-Apr-21,"Governor Lamont Announces Connecticut Remains on Track To Expand COVID-19 Vaccine Eligibility To All Adults on Thursday, April 1. More Than 100 Additional Pharmacies in Connecticut Are Being Added to Connecticut’s Vaccination Program",,,,,,,,,,,,Y
1-Apr-21,Governor Lamont Extends Connecticut's State of Emergency in Response To the COVID-19 Pandemic,,,,,,,,Y,,,,
27-Apr-21,Governor Lamont Announces Certain COVID-19 Vaccination Clinics Will No Longer Require Appointments,,,,,,,,,,,,Y
3-May-21,Governor Lamont Announces Grants to 27 Local Health Departments in Connecticut To Promote Vaccine Equity Partnerships,,,,,,,,,Y,,,Y
3-May-21,"Governor Lamont, Governor Cuomo and Governor Murphy Announce Significant Easing Of COVID-19 Pandemic Restrictions on Businesses, Gatherings and Venues",,Y,,,,,,,,,,
10-May-21,Governor Lamont Signs Legislation Extending Telehealth Services for Another Two Years,,,,,,Y,,,,,,
18-May-21,Governor Lamont also announced that mask-wearing rules will be relaxed for residents and visitors to Connecticut who are fully vaccinated. A person is fully vaccinated when 14 days (2 weeks) have passed since their fnal dose of the COVID-19 vaccine (i.e. their second Pfzer or Moderna dose or their frst Johnson & Johnson dose).,,,,,,,,,,,Y,Y
2-Aug-21,Governor Lamont Announces Deployment of More Than $16 Million To Support Local Special Education COVID-19 Recovery Efforts,,,,,Y,,,,Y,,,
4-Aug-21," Governor Lamont Issues Executive Order Allowing Municipalities To Implement Universal Mask Requirements, Announces Unvaccinated Nursing Home Staff Will Be Required To Receive Weekly Tests",,,,,,,,,,,Y,
19-Aug-21,"Governor Lamont Announces State Employees, Childcare, and School Staff Will Be Required To Get Vaccinated for COVID-19",,,,,Y,,,,,,,Y
26-Aug-21,Governor Lamont Announces Federal Approval of Connecticut’s Plan For Coronavirus Emergency Relief Funding in Schools,,,,,,,,,Y,,,
1-Sep-21,Governor Lamont Launches New Ad Campaign for Connecticut’s COVID-19 Vaccination Program,,,,,,,,,,,,Y
28-Sep-21,Governor Lamont Signs Executive Order Extending COVID-19 civil preparedness and public health emergency declarations COVID-19 Orders,,,,,,,Y,,,,,
4-Nov-21,"Governor Lamont Announces the Screen and Stay Initiative for Connecticut Schools. In Certain Lower-Risk Situations, Students and Staff Who Are Not Fully Vaccinated Will Be Able to Remain in School After Close Contact With COVID-19 Case",,,,Y,Y,,,,,,,
6-Nov-21,Governor Lamont Announces First Confirmed COVID-19 Omicron Variant Case in Connecticut,,,,,,,,,,,Y,
22-Dec-21,DPH Temporarily Suspends Requirements For Licensed Health Care Professionals From Other States,,,,,,Y,,,,,,
19-Jan-22,Governor Lamont Issues Order Requiring Nursing Home Visitors Show Proof of COVID-19 Vaccination or Negative Test Result,,,,,,Y,,,,,,Y
7-Feb-22,"Governor Lamont Announces Plan To Eliminate Statewide School Mask Requirement, Allow These Decisions To Be Determined at the Local Level",,Y,,,,,,,,,Y,
15-Feb-22,Expiration of Governor's Authority to Issue Emergency Orders Related to the COVID-19 Pandemic,,Y,,,,,,,,,,
16-Feb-22,Department Of Public Health Extends Suspension Requirements For Licensed Health Care Professionals From Other States,,,,,,Y,,,,,,
30-Mar-22,Governor Lamont Signs Legislation Allowing Relaxed Rules for Outdoor Dining at Restaurants To Continue for Another 13 Months,,Y,,,,,,,,Y,,
5-Apr-22,Department Of Public Health Announces COVID-19 Treatments Available At Test To Treat Sites Across Connecticut,,,,Y,,Y,,,,,,