﻿date,policy,Restrict/Close,Opening (State),Deferring to County,Testing,Education,Health/Medical,Emergency Level,Transportation,Budget,Social Distancing,Other,Vaccine
2-Mar-20,"Governor Kemp announced a coronavirus task force to assess the states response and procedures for preventing, identifying, and addresses cases of COVID-19.",,,,,,,,,,,Y,
12-Mar-20,"Governor Kemp ordered most state employees to work from home, but has not shut down the state capitol. He also initiated a call to order for schools and daycare, which allows them to shutd own if local administratorsare in agreementto do so.",Y,,,,,,,,,,,
12-Mar-20,Governor Kemp requested 100 million in state funds to combat COVID-19.,,,,,,,,,,,Y,
13-Mar-20,Governor Kemp issued a public health emergency for the state.,,,,,,,,,,,Y,
14-Mar-20,"The Governor issued an executive order calling National Guard troops to active duty. The order calls up 2,000 National Guard troops to active duty to assist in response to the coronavirus outbreak in the state.",,,,,,,,,,,Y,
16-Mar-20,"The Georgia General Assembly granted The Governor expansive new emergency powers to combat COVID-19, including the ability to: Suspend laws and regulations prescribing state agency procedures; Compel a health care facility to provide services or transfer management to the state; Commandeer or utilize private property; Transfer state treasury funds; and Direct evacuations if necessary.",,,,,,,,,,,Y,
17-Mar-20,"The Governor ordered all public elementary, secondary, and post-secondary schools to be closed by March 18 through at least March 31.",Y,,,,,,,,,,,
17-Mar-20,The Governor in a press conference encouraged Georgians to support local businesses and drive-in/thru restaurants and take out options to bolster the local economy.,,,,,,,,,,,Y,
17-Mar-20,The Governor signed the amended fiscal year 2020 budget to tap into the states rainy-day fund for $100 million to combat COVID-19.,,,,,,,,,,,Y,
18-Mar-20,The Governor submitted a letter requesting a U.S. Small Business Administration (SBA) declaration to provide SBA Economic Injury Disaster Loans to the State of Georgia.,,,,,,,,,,,,
19-Mar-20,The Governor urged hospitals to cancel elective surgery in order to save life-saving supplies.,,,,,,,,,,,Y,
19-Mar-20,"The Governor, in consultation withThe Georgia Department of Public Health andThe Georgia Emergency Management and Homeland Security Agency, asked healthcare providers and the public to conserve COVID-19 test for the most vulnerable populations.",,,,,,,,,,,Y,
19-Mar-20,The Governor received an official statewide disaster declaration from the U.S. Small Business Administration.,,,,,,,,,,,Y,
20-Mar-20,The Governor announced and named members ofThe Georgias Coronavirus Task Force Committees. The task force is comprised of the following committees: Economic Impact; Primary Care Providers; Emergency Preparedness; Homeland and Displaced.,,,,,,,,,,,Y,
20-Mar-20,The Governor issued two executive orders. One executive order authorized the transfer of over 19 million toThe Governors Emergency Fund to purchase medical supplies and equipment and the other executive order aimed at reducing regulations surrounding COVID-19 response.,,,,,,,,,,,Y,
23-Mar-20,The Governor signed an executive order expanding temporary licensing of certain medical professions assisting in the states response.,,,,,,,,,,,Y,
23-Mar-20,"The Governor signed an executive order that limited large gatherings, ordered a shelter-in-place for specific populations, and closed bars, nightclubs for 14 days.",Y,,,,,,,,,,,
23-Mar-20,The Governor increased the maximum SNAP benefit level per month per household.,,,,,,,,,,,Y,
24-Mar-20,"The Governor called on all Georgia businesses who are able to help the state provide, produce, distribute, or store critical health care items.",,,,,,,,,,,Y,
25-Mar-20,The Governor announced that the states coronavirus task force will participate in a live town hall.,,,,,,,,,,,Y,
25-Mar-20,The Governor signed an executive order that adopted emergency rules and waivers with respect to renewal and suspensions of drivers licenses and identification cards.,,,,,,,,,,,Y,
26-Mar-20,The Governor signed an executive order extending the closure of public schools through April 24.,,,,,,,,,,,Y,
26-Mar-20,The Governor signed an executive order to assist the with the states response to unemployment insurance claims.,,,,,,,,,,,Y,
27-Mar-20,The Governor deployed the national guard medical support team to support the states efforts in battling COVID-19.,,,,,,,,,,,Y,
27-Mar-20, The President approved Georgias disaster declaration and ordered Federal assistance to supplement State and local recovery efforts in Georgia.,,,,,,,,,,,Y,
30-Mar-20,The Governor ordered the enforcement of social distancing measures at parks and lakes.,,,,,,,,,,Y,Y,
30-Mar-20,The Governor submitted a request to the Centers for Medicare and Medicaid Services (CMS) for an 1135 Medicaid waiver.,,,,,,,,,,,Y,
31-Mar-20,The Governor announced a laboratory surge capacity plan to quickly increase the availability of COVID-19 testing. This plan is in partnership with various university and health systems in Georgia.,,,,,,,,,,,Y,
1-Apr-20,The Governor announced thatThe Georgia National Guard will deploy over 100 Guardsmen to any long-term care facility/assisted living facility or nursing home with COVID-19 cases.,,,,,,,,,,,Y,
1-Apr-20,The Governor ordered K-12 schools to be closed for the remainder of the school year.,Y,,,,,,,,,,,
1-Apr-20,The Governor signed an executive order that authorized the use of real-time audio-visual communication technology to assist in notarizing real estate documents.,,,,,,,,,,,Y,
2-Apr-20,"The Centers for Medicare & Medicaid Services (CMS) approved Georgias request for a Section 1135 Medicaid waiver. The approved waiver enables Georgia to provide flexibilities in Medicaid provider screening and enrollment, forgo certain pre-admission screening and annual resident review assessments, lift prior authorization requirements, allow for reimbursement facility services in alternative settings, and extend fair hearing timelines.",,,,,,,,,,,Y,
3-Apr-20,"The Governor announced that the University System of Georgia (USG) andThe Georgia Emergency Management and Homeland Security Agency, will offer temporary housing to traveling nurses assisting at Phoebe Putney Memorial Hospital in Albany.",,,,,,,,,,,Y,
3-Apr-20,"The Governor signed an executive order to deputizing sheriffs for enforcement of Executive Order 04.02.20.01 involving businesses, establishments, for-profit and non-profit corporations, and organizations requiring shelter-in-place. ",,,,,,,,,,,Y,
5-Apr-20,The Governor announced a new Community Outreach Committee as a part of his Coronavirus Task Force Committee. ,,,,,,,,,,,Y,
5-Apr-20,The Governor issued new guidance to retailers and consumers organization in the state. ,,,,,,,,,,,Y,
7-Apr-20,"The Governor announced that the state would be working with CVS Health to increase access to rapid COVID-19 testing. CVS will be operating drive-thru rapid COVID-19 testing, offered by Abbott Laboratories, at a site on Georgia Techs campus. At full capacity, the site will be able to conduct up to 1,000 tests per day.",,,,,,,,,,,Y,
8-Apr-20,"The Governor announced that he would be extending Georgias public health state of emergency through May 13, 2020. ",,,,,,,,,,,Y,
8-Apr-20,The Governor signed an executive order regarding the safety of employees and residents of nursing homes and long-term care facilities. ,,,,,,,,,,,Y,
8-Apr-20,The Governor signed an executive order suspending short term rental homes. ,,,,,,,,,,,Y,
8-Apr-20,"The Governor signed an executive order deploying an additional 1,000 national guard soldiers to assist with relief efforts. ",,,,,,,,,,,Y,
12-Apr-20,The Governor announced that the state has executed a contract with Pacific Architects and Engineers (PAE) to build a 200-hospital bed alternate care facility atThe Georgia World Congress Center (GWCC).,,,,,,,,,,,Y,
14-Apr-20,"The Governor announced thatThe Georgia Emergency Management and Homeland Security Agency, in collaboration withThe Georgia Department of Public Health, will begin to provide a list of COVID-19 cases in each jurisdiction to 911 centers. ",,,,,,,,,,,Y,
14-Apr-20,"The Governor signed an executive order which designated healthcare institutions and medical facility employees, staff, and contractors as auxiliary emergency management workers. This order will limit the civil liability of auxiliary emergency management workers engaging in emergency management activities while providing patient care if such care results in the death or injury of a patient.",,,,,,,,,,,Y,
14-Apr-20,The Governor announced the states plans to augment staffing levels for healthcare facilities in various parts of Georgia. The state is working with Jackson Healthcare through its subsidiary Healthcare Workforce Logistics to bring roughly 570 additional healthcare professionals to health systems.,,,,,,,,,,,Y,
14-Apr-20,The Governor released a long-term care facility report which tracks the number of COVID-19 cases in these facilities. ,,,,,,,,,,,Y,
17-Apr-20,The Governor announced the completion of an alternate care facility atThe Georgia World Congress Center that can accommodate 200 patients and is operating in cooperation with the Grady Health System.,,,,,,,,,,,Y,
17-Apr-20,The Governor urged Congress to pass additional funding for the Paycheck Protection Program (PPP). ,,,,,,,,,,,Y,
17-Apr-20,"The Governor announced thatThe Georgia Emergency Management and Homeland Security Agency (GEMA/HS) received a donation of 330,000 N-95 masks from Cisco.",,,,,,,,,,,Y,
20-Apr-20,"The Governor signed an executive order granting certain businesses permission to reopen later in the week. The designated businesses include barbershops, gyms, and other close contact businesses. ",,Y,,,,,,,,,,
21-Apr-20,The Governor and The Georgia State Board of Cosmetology and Barbers issued guidance for the safe reopening of Georgias salons and spas. The guidance includes: Temperature checks; Screening questions of customers; Limits to the amount of people in each shop at one time; Social distancing; Use of PPED is infection.,,,,,,,,,,,Y,
22-Apr-20,The Georgia Department of Labor announced options that unemployed individuals and small businesses may use as the state incrementally reopens. ,,,,,,,,,,,Y,
24-Apr-20,The Governor announced that Walgreens will open a drive-thru rapid COVID-19 testing site at a location in Alpharetta that will be able to conduct 150 tests a day.,,,,,,,,,,,Y,
26-Apr-20,The Governor announced the launch of a mobile COVID-19 testing initiative to set up drive-thru sites in communities without access to testing. ,,,,,,,,,,,Y,
28-Apr-20,"The Governor announced that the state had administered nearly 13,000 new test in a single day, recording the largest single day in new tests reported. ",,,,,,,,,,,Y,
28-Apr-20,"The Governor stated that he has not made a decision regarding the shelter-in-place order to expire on Thursday, April 30th. ",,,,,,,,,,,Y,
28-Apr-20,"The Governor signed an executive order further outlining specific protective measures food service, entertainment, and other entities must maintain during their reopening, some of this includes: Inspection timelines of restaurants Further defining food establishments Regulating indoor seating of movie theaters ",,,,,,,,,,,Y,
29-Apr-20,"The Governor announced that ninety-five facilities have signed up to use the free Battelle Critical Care Decontamination System (CCDS), a self-contained device that uses concentrated hydrogen peroxide to decontaminate N95 masks.",,,,,,,,,,,Y,
30-Apr-20,"The Governor signed an executive order requiring business to operate with social distancing measures through May 31st. Additionally, the executive order requires medically fragile and elderly individuals to shelter in place until June 12th. ",,Y,,,,,,,,,,
30-Apr-20,The Governor announced that he is suspending the road test requirement for acquiring a drivers license. ,,,,,,,,,,,Y,
1-May-20,The Governor urged all Georgians to continue to follow safe daily habits to reduce our risk of exposure and to continue to wear masks in public. ,,,,,,,,,,Y,Y,
1-May-20,"The Governors Coronavirus Task Force Community Outreach Committee partnered with Georgia Department of Public Health and the DeKalb County Board of Public Health to establish free testing at a pop-up site at the House of Hope in Decatur for May 4, 2020. ",,,,,,,,,,,Y,
5-May-20,"The Governor and The Georgia Department of Public Health announced there are currently sixty-six active COVID-19 specimen collection sites across Georgia. The state added nineteen sites in the past eleven days, including one-day-only sites. ",,,,,,,,,,,Y,
5-May-20,"The Governor announced the largest shipment of  personal protective equipment to date has been distributed byThe Georgia Emergency Management and Homeland Security Agency (GEMA/HS) in cooperation withThe Georgia Department of Public Health (DPH). Altogether, GEMA/HS shipped 38,420 face shields, 423,000 gloves, 432,150 surgical masks, and 81,120 coveralls to frontline healthcare workers.",,,,,,,,,,,Y,
8-May-20,The Governor called for all individuals who have symptoms to get tested.,,,,,,,,,,,Y,
8-May-20,The Governor announced that Peach Bowl Inc. will be partnering with the Governors office to provide funding that will help make COVID-19 screenings available statewide.,,,,,,,,,,,Y,
8-May-20,The Governor signed an executive order suspending the mandatory 30-day renewal period requirement for firearms owners to renew their licenses due to the extension of the public health emergency.,,,,,,,,,,,Y,
11-May-20,The Governor reported the lowest number of ventilators in use and COVID-19 positive patients hospitalized in Georgia since hospitals began submitting data toThe Georgia Emergency Management and Homeland Security Agency (GEMA) on April 8.,,,,,,,,,,,Y,
12-May-20,"The Governor signed an executive order requiring bars, nightclubs and live performance venues to remain shuttered through the end of May and relaxed capacity limits on restaurants that resume dine-in service, increasing the maximum table size from six patrons to 10. The order also doubled the number of children allowed in a single classroom at a child care facility from 10 to 20. Finally, the executive order allowed summer camps to resume to resume if they follow 32 regulations.",,Y,,,,,,,,,,
13-May-20,"The Centers for Medicare and Medicaid Services (CMS) approved Georgias second request for a Medicaid 1135 waiver. The waiver allows Georgia to reimburse for personal care provided by legally responsible individuals, including family caregivers",,,,,,,,,,,Y,
14-May-20,"The Governor announced the launch of Augusta Universitys COVID-19 telemedicine app and that Augusta University received a $400,000 donation from SK innovation to support Augusta University and Augusta University Healths response and associated expenses pertaining to the COVID-19 pandemic.",,,,,,,,,,,Y,
14-May-20,The Governor announced that the Technical College System of Georgias (TCSG) Office of Workforce Development was awarded a 12 Million Dislocated Worker Grant by the U.S. Department of Labor.,,,,,,,,,,,Y,
15-May-20,"The Governor announced that 301,874 COVID-19 tests have been completed and reported toThe Georgia Department of Public Health (DPH).",,,,,,,,,,,Y,
18-May-20,The Governor announced a list and interactive map of Georgia companies that have signed up to help businesses obtain personal protective equipment and health care supplies to fight COVID-19.,,,,,,,,,,,Y,
18-May-20,The Governor announced that Georgia now ranks twenty-first out of fifty-four states and territories on the current percentage of total population tested.,,,,,,,,,,,Y,
19-May-20,The Governor announced that Georgia reached its lowest number of COVID-19 positive patients hospitalized since hospitals started reporting data toThe Georgia Emergency Management and Homeland Security Agency (GEMA/HS) on April 8.,,,,,,,,,,,Y,
22-May-20,The Governor announced a filming best practices guide for Georgia that offers guidance for Georgias film and television industries to help reduce the spread of COVID-19 when productions resume in Georgia. The recommendations were developed in close cooperation with officials from studio and production companies who maintain a presence in Georgia.,,,,,,,,,,,Y,
26-May-20,The Governor announced that to date Georgia has received over 2.5 billion in COVID-19 related support from federal partners.,,,,,,,,,,,Y,
26-May-20,"The Governor announced that Georgia Emergency Management has sent 5,013 test kits to nursing homes throughout the state.",,,,Y,,,,,,,Y,
12-Jun-20,The Governor announced thatThe Georgia Department of Community Healths (DCH) June 11th Long-Term Care Facility COVID-19 report indicated that 97% of nursing home residents in facilities with 25 or more beds have now been tested for COVID-19.,,,,,,,,,,,Y,
15-Jun-20,The Governor announced that the state will begin COVID-19 priority testing for first responders at all specimen points of collection (SPOC) sites across the state.,,,,Y,,,,,,,Y,
16-Jun-20,"The Governor announced that Georgia will submit a waiver to the U.S. Department of Education for the suspension of the 2020-21 Georgia Milestones assessment and CCRPI school and district rating. Additionally, effective immediately, the Georgia Department of Education is suspending the teacher evaluation (TKES) summative rating for 2020-21.",,,,,Y,,,,,,,
18-Jun-20,"The Governor announced that the state has received 22,188 resource requests to date. In response to these resource requests, including 3,860 from skilled nursing homes, the Georgia Emergency Management Agency has distributed 5,868,241 N95 masks, 8,894,220 surgical masks, 1,065,692 face shields, 1,468,628 gowns, 17,697,420 gloves, 428,880 Tyvek coveralls, 138,992 test kits, and 154 ventilators to date.",,,,,,Y,,,,,,
18-Jun-20,The Governor announced that he will be seeking a standardized testing waiver for 2020-21.,,,,,Y,,,,,,,
18-Jun-20,"The Governor announced that the Georgia Professional Standards Commission (GaPSC) voted to remove the edTPA assessment as a requirement for the certification of educators in Georgia, making it easier and less costly for teachers to get certified in the state.",,,,,Y,,,,,,,
29-Jun-20,The Governor issued guidance on CARES Act funding for various communities in Georgia.,,,,,,,,,,,Y,
29-Jun-20,The Governor signed two executive orders extending the Public Health State of Emergency and existing COVID-19 safety measures,Y,,,,,,Y,,,,,
1-Jul-20,"The Governor signed a bill that provides greater protections for assisted living facility and personal care home residents, strengthens staffing requirements, and increases maximum fines for violations.",,,,,,,,,,,Y,
6-Jul-20,"The Governor announced the Georgia Safety Promise, a safety campaign to remind Georgia businesses and the public of the importance of following COVID-19 safety guidelines.",,,,,,,,,,,Y,
8-Jul-20, The Governor released a public notice request regarding Section 1332 Waiver previously submitted to the Department of Treasury and Centers for Medicare & Medicaid Services in the Department of Health and Human Services for a Reinsurance Program and the Georgia Access Model.,,,,,,,,,,,Y,
13-Jul-20," The Governor issued a press release announcing that June net tax collections approached $1.94 billion, for a decrease of $187 million, or -8.8 percent, compared to June 2019 when net tax collections totaled roughly $2.12 billion. Net tax collections for FY 2020 currently total almost $22.75 billion, a decrease of roughly $1.04 billion, or -4.4 percent, compared to FY 2019, when net tax revenues totaled more than $23.79 billion.",,,,,,,,,,,Y,
15-Jul-20,The Governor signed an executive order prohibiting local municipalities across the state from mandating that masks be worn in public to mitigate the spread of the coronavirus.,,Y,,,,,,,,,,
15-Jul-20,The Governor  announced a partnership to provide additional hospital bed surge capacity to treat COVID-19 patients at the Marcus Tower of the Piedmont Atlanta campus.,,,,,,Y,,,,,,
15-Jul-20,The Governor announced Georgia Emergency Management and Homeland Security Agency (GEMA/HS) is leveraging an existing state contract with Georgia-based UPS to deliver personal protective equipment to medical facilities across Georgia.,,,,,,Y,,,,,,
16-Jul-20,"The Governor announced that 744 Georgia businesses, local authorities, officials, and individuals from across the state have committed to the Georgia Safety Promise.",,,,,,,,,,,Y,
17-Jul-20,"The Governor is suing Atlanta authorities to prevent the US city from enforcing its requirement to wear masks in public, along with other coronavirus-related restrictions.",,,,,,,,,,,Y,
18-Jul-20,The Governor stated he will not order in-person school attendance.,,,,,,,,,,,Y,
20-Jul-20,"The Governor and the Georgia Department of Public Health today announced a new testing partnership with Mako Medical to provide testing supplies and services to process 10,000 SARS-CoV-2 PCR tests per day.",,,,Y,,,,,,,,
28-Jul-20,"The Governor withdrew his emergency request for a court to stop enforcement of Atlanta’s requirement that faces masks be worn in all public places, while mediation over the state’s legal effort to block the mandate proceeds.",,,,,,,,,,,Y,
3-Aug-20,The Governor extends Public Health State of Emergency and renews COVID-19 Restrictions,,,,,,,,,,,,
19-Aug-20,Governor Kemp Announces First Allocation of GEER Funding to Support K-12/Higher Education,,,,,Y,,,,,,Y,
16-Sep-20,"Governor Brian P. Kemp signed Executive Order 09.15.20.01, extending current COVID-19 restrictions and issuing guidance for long-term care facility visitation.",,Y,,,,Y,,,,Y,,
30-Sep-20,"Governor Brian P. Kemp signed Executive Order 09.24.30.01, extending current COVID-19 restrictions and the public health state of emergency.",Y,,,,,,Y,,,,,
28-Sep-20,"Governor Brian P. Kemp announced Georgia will have over three million Abbott Laboratories Binax Now, rapid COVID-19 tests in the next three to four months.",,,,Y,,,,,,,,
14-Oct-20,Gov. Kemp announced $1.5 billion in CARES Act Funding to Unemployment Insurance Trust Fund,,,,,,,,,Y,,Y,
15-Oct-20,"Governor Brian P. Kemp signed Executive Order 10.15.01, extending current COVID-19 restrictions with minimal changes to the section on Industry, Commerce, Organizations, & Non-Profits. ",,,,,,,Y,,,,,
30-Oct-20,"Governor Brian P. Kemp signed Executive Order 10.30.20.01 and Executive Order 10.30.20.02, extending the public health state of emergency through December 9 and renewing current COVID-19 restrictions",,,,,,,Y,,,,,
13-Nov-20,"Governor Brian P. Kemp signed Executive Order 11.13.20.01, renewing current COVID-19 restrictions",,,,,,,Y,,,,,
14-Dec-20,The Georgia Department of Public Health (DPH) received the first shipments of COVID-19 vaccine for administration in Georgia,,,,,,,,,,,,Y
18-Dec-20,Governor Brian P. Kemp announced the State of Georgia will continue staff augmentation funding to support hospitals and nursing homes across Georgia,,,,,,Y,,,,,,
21-Dec-20,"The Georgia Department of Public Health (DPH) is launching a vaccine dashboard that will track the number of providers enrolled to give vaccines, allocations and shipments from vaccine manufacturers, and vaccines administered.",,,,,,,,,,,,Y
30-Dec-20,"Governor Brian Kemp and Commissioner Kathleen Toomey announced plans to add adults aged 65 and older, law enforcement officers, firefighters and first responders to the current group of individuals eligible to receive COVID-19 vaccination.",,,,,,,,,,,,Y
5-Jan-21,The Georgia Department of Public Health (DPH) is announcing Georgia’s first case of COVID-19 variant B.1.1.7,,,,,,,,,,,Y,
8-Jan-21,"The Georgia Department of Public Health (DPH) is launching a COVID vaccine locator on the DPH website at https://dph.georgia.gov. The tool allows users to search by county for a vaccine provider in their community, and provides location and contact information for the provider.",,,,,,,,,,,Y,Y
21-Jan-21,Governor Brian P. Kemp today signed an Executive Order to ease requirements and allow more medically trained professionals to safely administer the COVID-19 vaccine.,,,,,,Y,,,,,,Y
15-Feb-21,"Governor Brian P. Kemp signed Executive Order 02.15.21.01, providing additional and revised guidance for Empowering a Healthy Georgia in response to COVID-19. The Order modifies sanitation guidance for businesses and events in accordance with data on the novel coronavirus' ability to spread from surface contact. The Order also adds a requirement for restaurants, non-critical infrastructure businesses, and events to ensure their ventilation systems operate properly, in response to data showing that increased air circulation and purification reduce the spread of COVID-19",,,,,,,,,,,Y,
16-Feb-21,Winter weather across the country is significantly impacting shipments of COVID-19 vaccine to Georgia. The Georgia Department of Public Health (DPH) received notification from the Centers for Disease Control and Prevention (CDC) that both Pfizer and Moderna vaccines that normally would have arrived the first part of this week were held back by the manufacturers due to the weather.,,,,,,,,,,,,Y
10-Mar-21,"Governor Brian P. Kemp today announced expanded eligibility for COVID-19 vaccinations. On March 15, vaccination criteria will expand to include Georgians aged 55 and older and individuals with disabilities and certain medical conditions.",,,,,,,,,,,,Y
24-Mar-21,"Governor Brian Kemp announced the state will expand its COVID vaccine eligibility beginning March 25, 2021, to include all Georgians aged 16 and older.",,,,,,,,,,,,Y
31-Mar-21,"Governor Brian Kemp announced Executive Order 03.31.21.01, extends the Public Health State of Emergency through April 30, 2021",,,,,,,,Y,,,,
31-Mar-21,"Governor Brian Kemp announced Executive Order 03.31.21.02, extends the current COVID-19 guidance in Georgia until April 7 with an added provision allowing state agency employees to get a COVID vaccine without using sick leave or annual leave.",,,,,,,,,,,,Y
31-Mar-21,"Governor Brian Kemp announced Executive Order 03.31.21.03, will become effective on April 8 and will roll back many of the current COVID-19 restrictions in place.",,Y,,,,,,,,,,
24-Apr-21,DPH Follows FDA CDC Guidance Will Resume J&J Vaccination,,,,,,,,,,,,Y
25-May-21,Gov. Kemp Issues Executive Order Prohibiting COVID-19 Vaccine Passports in State Government,,,,,,,,,,,Y,Y
22-Jun-21,"Governor Brian P. Kemp issued the final executive order extending the public health state of emergency, which will now expire on Thursday, July 1",,,,,,,Y,,,,,
26-Aug-21,"Georgia Hospitals on Diversion. The current surge of COVID cases throughout Georgia is stretching hospital and EMS personnel and resources to unprecedented levels. As a result, many hospitals are having to declare themselves on diversion meaning they are temporarily unable to provide normal emergency care to patients arriving by ambulance. Diversion is a term specific to ambulance transports and is a request to ambulances to transport patients to other local facilities if possible",,,,,,Y,,,,,,
5-Nov-21,Governor Brian P. Kemp and Attorney General Chris Carr announced the State of Georgia has filed a lawsuit challenging the Biden administration’s employer vaccine mandate.,,,,,,,,,,,,Y
6-Nov-21,The Georgia Department of Public Health (DPH) has confirmed the first case of COVID-19 caused by the Omicron variant in Georgia.,,,,,,,,,,,Y,
16-May-22,"Governor Brian P. Kemp announced that he has awarded more than $415 million in response to the economic harms caused by the COVID-19 pandemic and affecting hardworking Georgians and Georgia non-profits, government organizations, and businesses.",,,,,,,,,Y,,,