﻿date,policy,Restrict/Close,Opening (State),Deferring to County,Testing,Education,Health/Medical,Emergency Level,Transportation,Budget,Social Distancing,Other,Vaccine
10-Mar-20,Governor Reynolds announced in a news conference that 18 of the 22 Iowans quarantined on the Grand Princess cruise ship will be returning home on a chartered flight to Iowa. The Department of Public Health will screen the returning people before they begin their travel back to Iowa and direct people to a screening center when they arrive.,,,,,,,,,,,Y,
15-Mar-20,The Governor recommended Iowa schools close for four weeks.,Y,,,,Y,,,,,,,
16-Mar-20,The Governor announced various forms of assistance to workers and employers in the face of potential COVID-19 layoffs or furloughs.,,,,,,,,,,,Y,
17-Mar-20,"The Governor signed legislation that creates emergency measures and supplemental appropriations for key government services to combat the spread of COVID-19. Supplemental appropriations and emergency measurers include: Supplemental appropriations for Medicaid ($88.98 million). Supplemental appropriations other health programs ($1.8 million). Supplemental appropriations for state hygienic lab ($525,000). Limits some standing appropriations (non-public school transportation, instructional support, AEA funding). Requires the Department of Management and the Legislative Service Agency to review FY 2020 appropriations and to make appropriations for the first two months of FY 2021. Emergency appropriations from the Economic Emergency Fund of up to 10% to the DOM for purposes approved byThe Governor, through August 31. AuthorizesThe Governor to waive school instructional time requirements for schools that close due to COVID-19. ",,,,,,,Y,,,,Y,
17-Mar-20,"The Governor issued state of public health disaster emergency. The measure closes all restaurants and bars to the public until March 31, excluding take-out and drive thru options.",Y,,,,,,Y,,,,,
18-Mar-20,"The Governor signed legislation that expands the roles of physician assistants in Iowa. The legislation aimed at combating COVID-19 makes changes related to the practice of a PA by allowing for full prescriptive rights, legal protections similar to other health care professions, the ability to be reimbursed by Medicaid and a range of other changes.",,,,,,,,,,,Y,
20-Mar-20,"The Governor signed an additional State Public Health Emergency Declaration, its provisions include: Temporarily suspends penalties and interest related to collection of property taxes until the end of this proclamation. Temporarily suspends some evictions under the Iowa Uniform Residential Landlord and Tenant Act or the Manufactured Home Communities or Mobile Home Parks Residential Landlord and Tenant Act in certain circumstances. Extends expiration deadline for a permit to carry and a permit to acquire a firearm and additional measures. Permits the sale of carry-out, delivery, drive-thru alcohol for unopened bottles of alcohol for bars and restaurants and suspends some fees. Permits public meetings or hearings by electronic means to improve the functions of government while maintaining social distancing practices. Suspends certain regulations to ease the transportation of agricultural supplies and commodities, food, medical supplies, cleaning products, and other household goods on all highways in Iowa. The proclamation also allows related state agencies to implement the states public health emergency plan.",Y,,,,,,Y,,,,,
20-Mar-20,"The Economic Development Authority announced that federally-funded Community Development Block Grant funds are available to counties for new or expanded public services in support of the states infectious disease response such as: job training to expand the pool of health care workers; providing additional testing, diagnosis or other services at a fixed or mobile location; providing additional equipment, supplies and materials necessary to carry-out a public service; or creating an expanded meal delivery service for quarantined individuals.",,,,,,,,,,,Y,
21-Mar-20,The Governor announced the U.S. Small Business Administration will issue an Economic Injury Disaster Loan declaration for Iowa.,,,,,,,,,,,Y,
22-Mar-20,"The Governor signed a new proclamation continuing the State Public Health Emergency Declaration. Components include: The closure of salons, medical spas, barbershops, tattoo establishments, tanning facilities, massage therapy establishments, and swimming pools until March 31. Suspends all foreclosures on residential, commercial, and agricultural real property. Professional licensing relief.",Y,,,,,,,,,,,
23-Mar-20,The Governor announced a Small Business Relief Grant Program to assist small businesses and tax deferrals to Iowa businesses impacted by COVID-19. Deadline of March 31. ,,,,,,,,,,,Y,
23-Mar-20,"The Governor announced that first quarter unemployment tax payments that are due April 30th will be delayed till the end of the 2nd quarter, July 31, 2020. Eligible employers include those employers with 50 or fewer employees.",,,,,,,,,,,Y,
25-Mar-20,"The Governor received notification that President Trump has approved her request for a Presidential Major Disaster Declaration for COVID-19, removing a $5 million cap on federal funds as well as making available the Community Disaster Loan program.",,,,,,,Y,,,,,
25-Mar-20,The Centers for Medicare & Medicaid Services (CMS) approved Iowas request for a Section 1135 Medicaid waiver. The approved waiver enables Iowa to forgo certain pre-admission screening and annual resident review assessments in its Medicaid program.,,,,,,Y,,,,,Y,
26-Mar-20,"The Economic Development Authority created a COVID-19 Targeted Small Business Sole Operator Fund to support small businesses with zero employees  designed to help women, individuals with minority status, service-connected disabled veterans and individuals with disabilities overcome hurdles to start or grow a small business.",,,,,,,,,,,Y,
26-Mar-20,"The Governor signed a new proclamation continuing the State Public Health Emergency Declaration, suspending elective and nonessential medical and dental procedures, extending and expanding retail business closures, ordering health care facilities and nursing homes to engage in advanced health care screenings.",,,,,,Y,,,,,Y,
31-Mar-20,The Governor signed a new proclamation continuing the state public health emergency declaration.,,,,,,Y,,,,,,
2-Apr-20,"The Governor signed a new proclamation continuing the State Public Health Emergency Declaration. The proclamation orders the closure of schools, waiving time requirements as long as school districts put in place a continuous learning plan until April 30th.",,,,,,Y,,,,,,
4-Apr-20,The Governor announced that $44 million has been obligated to the State of Iowa for reimbursement of expenses related to the COVID-19 response.,,,,,,,,,,,Y,
6-Apr-20,"The Governor signed a new proclamation continuing the State Public Health Emergency Declaration, ordering additional closures and relaxing additional regulations. ",,,,,,Y,,,,,,
8-Apr-20,"The Governor announced the state is expanding a grant program for small businesses, after receiving thousands of applications requesting assistance",,,,,,,,,,,Y,
16-Apr-20,"The Governor signed new proclamation continuing the State Public Health Emergency Declaration and requiring additional protective measures in Region 6 (Northeastern Iowa). These restrictions include: Limiting social, community, recreational, leisure, and sporting gatherings in Region 6 to only people who live together in the same household; Continuing to limit weddings, funerals, and other spiritual or religious gatherings to no more than 10 people.",Y,,,,,,,,,,Y,
16-Apr-20,"The Governor has released an updated dashboard on coronavirus.iowa.gov that will be updated daily to include comprehensive tracking of COVID-19 in Iowa. The new dashboard includes cases, deaths, and tests conducted in each county. The state will also be providing demographic information that was not previously provided as well as Iowas epidemiological curve.",,,,,,,,,,,Y,
17-Apr-20,The Governor announced plans to reopen Iowa through a phased-in manner following the guidelines issued by the president. ,,Y,,,,,,,,,,
19-Apr-20,The Governor announced that all school districts and nonpublic schools will be closed for the remainder of the school year.,Y,,,,Y,,,,,,,
20-Apr-20,The Governor announced that Iowa meatpacking plants will stay open. ,,,,,,,,,,,Y,
21-Apr-20,"The Governor launched the Test Iowa Initiative to expand testing capacity to limit the spread of COVID-19 in Iowa. The state is partnering with Nomi Health and DOMO, which are part of a partnership that launched a similar initiative in the state of Utah. ",,,,Y,,,,,,,Y,
24-Apr-20,"The Governor signed a new proclamation continuing the State Public Health Emergency Declaration. The proclamation permits health care providers to begin the process of resuming some elective surgeries and procedures through a phased approach, permits farmers markets to begin limited operations with appropriate public health precautions, and outlines other measures.",,Y,,,,,,,,,Y,
27-Apr-20,"The Governor signed a new proclamation continuing the State Public Health Emergency Declaration until May 27, 2020. The proclamation loosens social distancing measures in 77 Iowa counties effective Friday, May 1 and continues other restrictions until 11:50 p.m. on Friday, May 15, 2020. In the 77 counties, the proclamation permits restaurants, fitness centers, malls, libraries, racetracks, and certain other retail establishments to reopen in a limited fashion with public health measures in place.",,Y,,,,,Y,,,,,
27-Apr-20,"The Governor, U.S. Senators Joni Ernst and Chuck Grassley, and Iowa Secretary of Agriculture Mike Naig wrote a letter to the Vice President asking for additional support from the administration for the states pork producers.",,,,,,,,,,,Y,
29-Apr-20,"The Governors Iowa Workforce Development Agency, stated that during gradual reopen procedures if an employee refuses to return to work at a business that is opening again, that it would be considered as a voluntary quit, this would disqualify them from receiving unemployment benefits. ",,,,,,,,,,,Y,
4-May-20,The Governor has pledged that the state would clear its backlog of COVID-19 test results at the State Hygienic Laboratory by the end of Monday May 4th. ,,,,Y,,,,,,,Y,
5-May-20,The Governor announced that she will travel to Washington to meet with President Donald Trump and Vice President Mike Pence to discuss Iowas response to the coronavirus pandemic.,,,,,,,,,,,Y,
6-May-20,"The Governor signed a new proclamation continuing the Public Health Disaster Emergency. The proclamation permits dental services to resume in compliance with guidelines adopted by the Iowa Dental Board, permits some additional businesses and establishments to reopen throughout Iowa in a limited fashion with appropriate public health measures in place, and provides additional regulatory relief to assist Iowans affected by this disaster.",,Y,,,,,Y,,,,Y,
7-May-20,"The Centers for Medicare and Medicaid Services (CMS) approved Iowas second request for a Medicaid 1135 waiver. The waiver allows Iowa to provide flexibilities in Medicaid provider screening and enrollment, forgo evaluation and assessment requirements for home and community-based services, and allow for reimbursement facility services in alternative settings.",,,,,,Y,,,,,Y,
11-May-20,The Governor announced that she will be following modified quarantine plan after learning a member of Vice President Mike Pences staff tested positive for the virus. Gov. Reynolds says her temperature is being taken before she enters the building prior to her press briefing and she is being tested everyday.,,,,,,,,,,,Y,
11-May-20,"The Governor will update her offices public health guidelines in an updated proclamation, according to information provided during her daily coronavirus briefing.",,,,,,,,,,,Y,
13-May-20,"The Governor signed a new proclamation continuing the Public Health Disaster Emergency. The proclamation permits salons, barbershops, and massage and tattoo establishments to reopen throughout Iowa in a limited fashion with appropriate public health measures in place. It also permits restaurants (but not bars), fitness centers, libraries, and racetracks to reopen in the 22 counties where they have remained closed. The proclamation continues the other ongoing closures and public health measures, including the prohibition on social, community, recreational, leisure, and sporting gatherings and events of more than 10 people, until 11:59 p.m. on May 27, 2020.",,Y,,,,,,,,,,
14-May-20,"The Governor announced Test Iowas equipment has been validated and believes the state has the capacity to do 5,000 tests per day  3,000 via the Test Iowa program and another 2,000 through the state hygienic lab.",,,,Y,,,,,,,Y,
20-May-20,"The Governor signed a new proclamation continuing the Public Health Disaster Emergency. The proclamation permits summer school activities, including baseball and softball, to resume on June 1. Effective May 22, Movie theaters, zoos, aquariums, museums, and wedding reception venues will be permitted to reopen with appropriate public health measures in place. Swimming pools will also be permitted to reopen for lap swimming and swimming lessons.",,Y,,,,,,,,,,
20-May-20,"The Governor announced that on Thursday, May 28, bars and other alcohol-related establishments that have been limited to carryout and delivery will be permitted to reopen for indoor or outdoor seating. These establishments will follow the same public health measures that restaurants have been implementing for the past several weeks.",,Y,,,,,,,,,,
26-May-20,"The Governor signed a new proclamation continuing the Public Health Disaster Emergency until June 25, 2020. The proclamation permits bars, wineries, breweries, distilleries, and social and fraternal clubs may reopen on May 28 with the same public health measures as restaurants in place. The proclamation also permits the reopening on June 1 of additional establishments, including outdoor performance venues, casinos, bowling alleys, amusement parks, skating rinks, skate parks, outdoor playgrounds.",,Y,,,,,,,,,,
26-May-20,"The Governor announced that effective June 1, speedways, and racetracks can open events to spectators. Outdoor venues like grandstands and amphitheaters may hold performances. Casinos may reopen, along with amusement parks, bowling alleys, pool halls, and arcades. All must maintain 50% capacity while keeping social distancing and hygiene protocols going.",,Y,,,,,,,,,,
27-May-20,The Governor announced that confirmed cases of COVID-19 are trending toward the western side of the state.,,,,,,,,,,,Y,
27-May-20,The Governor announced that 150 National Guard soldiers are assisting with contact tracing.,,,,,,,,,,,Y,
1-Jun-20,The Governor and the Iowa Department of Education announced the state has received $26.2 million in federal relief to ensure education continues for students of all ages impacted by the COVID-19 pandemic.,,,,,,,,,,,Y,
8-Jun-20,"The Governor announced Iowa will further expand access to COVID-19 testing with new sites opening this week, including one in Dallas County to better serve the Des Moines metro area, and four clinic sites in rural communities.",,,,Y,,,,,,,Y,
15-Jun-20,The Governor wrote a letter to Iowa Senators and the Secretary of the Department of Agriculture asking for more federal support for state turkey producers due to disruptions occurring in the supply chain.,,,,,,,,,,,Y,
18-Jun-20,"The Governor signed an Executive Order establishing the Governor’s Economic Recovery Advisory Board. The advisory board will focus on modernizing Iowa’s economy as well as education, health care, workforce and quality of life.",,,,,,,,,,,Y,
1-Jul-20,"The Governor announced she has directed $490 million of the $1.25 billion in Coronavirus relief funds Iowa was provided through the CARES Act, to be deposited into Iowa’s Unemployment Insurance Trust Fund.  The deposit will ensure that eligible Iowans continue to receive unemployment insurance benefits, and will also enable Iowa employers to remain in Tax Table 7 for 2021. ",,,,,,,,,,,Y,
7-Jul-20,The Governor announced that $50 million in federal funds allocated through the CARES Act will be invested in Iowa’s mental health care system. ,,,,,,Y,,,,,Y,
17-Jul-20,The Governor signed a new proclamation continuing the Public Health Disaster Emergency and taking a number of actions to advance Iowa’s Return to Learn strategy.,,,,,Y,,,,,,,
24-Jul-20,The Governor signed a new proclamation continuing the Public Health Disaster Emergency for another 30 days. The proclamation extends public health mitigation measures currently in place for businesses and other establishments.,Y,,,,,,,,,,Y,
24-Aug-20,Gov. Reynolds signs new proclamation continuing State Public Health Emergency Declaration ordering additional mitigation efforts,Y,,,,,,Y,,,,,
25-Aug-20,Gov. Reynolds allocates $100 million in CARES Act funding to support Iowa agriculture,,,,,,,,,Y,,Y,
15-Sep-20,"Gov. Reynolds signs new Public Health proclamation which permits bars, taverns, wineries, breweries, distilleries, night clubs to reopen in four counties",,Y,,,,,,,,,,
18-Sep-20,Governor Reynolds signed a new proclamation continuing the Public Health Disaster Emergency for another 30 days.,,,,,,,Y,,,,,
25-Sep-20,Governor Reynolds signed a new proclamation continuing the Public Health Disaster Emergency. ,,,,,,,Y,,,,,
29-Sep-20,Two Test Iowa clinic sites opened in Sioux County,,,,Y,,,,,,,,
7-Oct-20,"Three Test Iowa clinic sites are scheduled to open next week in Buena Vista, Wapello and Winneshiek counties",,,,Y,,,,,,,,
9-Oct-20,Iowa Governor Kim Reynolds and the Iowa Economic Development Authority (IEDA) announced the launch of the new Residential Utility Disruption Prevention Program,,,,,,,,,,,Y,
22-Oct-20,The state of Iowa and the Iowa Department of Education announced 43 Iowa colleges and universities have been awarded nearly $4.4 million to increase internet connectivity for students,,,,,Y,,,,,,,
3-Nov-20,"Gov. Reynolds announced $28 million in direct relief to hospitals, local health departments",,,,,,Y,,,,,,
29-Oct-20,Governor Reynolds announced $2 million in CARES Act funding for COVID-19 nanovaccine development in Iowa,,,,,,,,,Y,,,Y
3-Nov-20,Gov. Reynolds announced $5.85 Million for Coronavirus Relief Fund Earn and Learn Grant Awardees,,,,,Y,,,,,,,
16-Nov-20,"Gov. Reynolds signed a new Public Health Disaster proclamation that imposes a number of additional public health measures to reduce the spread of COVID-19. These measures include a mask mandate, limits to indoor gatherings, suspension of some organized sports activities, and restaurants and bars must close at 10 p.m. and cannot host private gatherings of more than 15 people ",Y,,,,,,,,,,,
18-Nov-20,"Gov. Reynolds signed a new Public Health Disaster proclamation that modifies existing public health measures to provide clarity and simplify the measures applicable to recreational activities and fitness centers. These measures include prohibition of indoor gatherings of more than 15 people, and outdoor gatherings of more than 30 people, and tighter restrictions on fitness centers",Y,,,,,,,,,,,
19-Nov-20,Gov. Kim Reynolds introduced a new public awareness campaign aimed at encouraging Iowans to step up and stop the spread of COVID-19,,,,,,,,,,,Y,
2-Dec-20,"Gov. Kim Reynolds and the Iowa Department of Cultural Affairs today announced the launch of an Iowa Arts & Cultural Recovery Program. The statewide grant program will provide short-term relief to arts venues, cultural organizations and creative workers who have lost significant business or income due to the pandemic.  ",,,,,,,,,,,Y,
10-Dec-20,Gov. Reynolds signed a new Public Health Disaster proclamation that modifies existing public health measures designed to reduce the spread of COVID-19. ,,,,,,,Y,,,,Y,
16-Dec-20,"Today, Gov. Reynolds signed a new Public Health Disaster proclamation that modifies existing public health measures designed to reduce the spread of COVID-19.  The proclamation requires social distancing and reasonable public health measures for many social, community, business, or leisure gatherings or events. ",Y,,,,,,,,,Y,Y,
7-Jan-21,"Today, Gov. Reynolds signed a new Public Health Disaster proclamation that modifies existing public health measures designed to reduce the spread of COVID-19. The proclamation continues to require that when people are in an indoor public space, and unable to social distance for 15 minutes or longer, masks are required to be worn.  Spectator limits for sporting and recreational gatherings, including for high school-sponsored events, will be lifted Friday, January 8th, 2021.  Other public health measures have been extended until Saturday, February 6th, 2021.",Y,Y,,,,,,,,Y,Y,
21-Jan-21,"Governor Kim Reynolds has announced the reallocation of $17 million in relief money made available to local governments for direct expenses incurred in response to the COVID-19 emergency. Of the $17 million remaining from the Local Government Relief Fund, roughly $4.7 million was previously allocated to smaller cities and. to simplify the administration of distribution, is being reallocated to the County the City resides in",,,Y,,,,,,Y,,,
28-Jan-21,"Governor Kim Reynolds will sign S.F. 160 at the Iowa State Capitol, giving Iowa parents the option to send their kids back to school full time. ",,,,,Y,,,,,Y,,
4-Feb-21,"Gov. Reynolds signed a new Public Health Disaster proclamation that relaxes existing public health measures effective Sunday, February 7th, 2021 while continuing critical regulatory relief to those on the frontlines of COVID19 recovery for an additional 30 days.  ",,Y,,,,,Y,,,,,
5-Mar-21,Gov. Reynolds signed a new Public Health Disaster proclamation that extends critical regulatory relief for an additional 30 days to those on the frontlines of COVID19 recovery.,,,,,Y,,,,,,,
2-Apr-21,Gov. Reynolds signed a new Public Health Disaster proclamation that extends critical regulatory relief for an additional 30 days to those on the frontlines of COVID19 recovery. ,,,,,,,Y,,,,,
23-Jul-21,Gov. Reynolds signed a new Public Health Disaster proclamation that extends some regulatory relief for an additional 30 days,,,,,,,Y,,,,,
13-Sep-21,"Gov. Reynolds issues a statement on court’s mask-mandate ruling: a federal judge unilaterally overturned a state law, ignored the decision by our elected legislature and took away parents’ ability to decide what’s best for their child",,,,,,,,,,,Y,
17-Sep-21,Gov. Reynolds signed a new Public Health Disaster proclamation that extends some regulatory relief for an additional 30 days,,,,,,,Y,,,,,
18-Oct-21,Gov. Reynolds signed a new Public Health Disaster proclamation that extends some regulatory relief for an additional 30 days. ,,,,,,,Y,,,,,
28-Oct-21,State of Iowa joins lawsuit challenging vaccine mandates for workers employed by a federal contractor,,,,,,,,,,,,Y
3-Nov-21,Gov. Reynolds announced that the State of Iowa has filed a lawsuit challenging President Biden’s vaccine mandate rule for employees of companies employing 100 or more. ,,,,,,,,,,,,Y
12-Nov-21,Gov. Reynolds signed a new Public Health Disaster proclamation that extends some regulatory relief for an additional 30 days.  ,,,,,,,Y,,,,,