﻿date,policy,Restrict/Close,Opening (State),Deferring to County,Testing,Education,Health/Medical,Emergency Level,Transportation,Budget,Social Distancing,Other,Vaccine
3-Mar-20,Governor Whitmer announced the creation of four task forces to combat the spread of coronavirus and assess the impact it may have on Michiganders day-to-day lives.,,,,,,,,,,,Y,
10-Mar-20,Governor Whitmer declared a state of emergency.,,,,,,,Y,,,,,
12-Mar-20,"Governor Whitmer ordered closure of all K-12 school buildings, public, private, and boarding schools in the state until April 6, 2020.",Y,,,,Y,,,,,,,
15-Mar-20,"The Governor signed Executive Order 2020-8, effective until April 13, 2020, which imposes enhanced restrictions on price gouging of goods, materials, emergency supplies, and consumer food items.",,,,,,,,,,,Y,
16-Mar-20,The Governor issued guidance that limits mass gatherings of more than 50 people.,Y,,,,,,,,,,,
16-Mar-20,"The Governor signed four executive orders to address COVID-19: Executive Order 2020-9 orders the temporary closure of bars, casinos and theatres, and limits restaurants to only serve carry-out and delivery orders. Executive Order 2020-10 orders the temporary expansion of eligibility for unemployment benefits. Executive Order 2020-11 orders a temporary prohibition on large gatherings and temporary closure of elementary and secondary schools. Executive Order 2020-12 orders the lifting of weight restrictions for vehicles carrying and delivering necessary items, such as medical supplies, testing and treatment equipment needed to respond to COVID-19 outbreaks in the state.",Y,,,,Y,Y,,,,,Y,
17-Mar-20,The Governor signed Executive Order 2020-13 to temporarily lift regulatory requirements on hospitals and other care facilities in an effort to expand the number of health care providers able to respond to community needs.,,,,,,Y,,,,,,
17-Mar-20,The Department of Employment and Economic Opportunity provided guidance to Michigan employers on how to avoid potential layoffs related to COVID-19.,,,,,,,,,,,Y,
18-Mar-20,"The Governor called on the state National Guard to support its Department of Health and Human Services by gathering critical personal protective gear like gloves, gowns, and face shields.",,,,,,Y,,,,,Y,
18-Mar-20,"The Governor signed Executive Order 2020-14 extending the deadline for residents to pay back taxes, as well as avoid foreclosure on their property.",,,,,,,,,,,Y,
18-Mar-20,"The Governor signed Executive Order 2020-15,which states that public bodies (such as boards, committees, councils, etc.) subject to the Open Meetings Act can use telephonic methods to continue meeting and conducting business.",,,,,,,,,,,Y,
19-Mar-20,The Governor wrote a letter to President Trump requesting federal funding to support the Michigan National Guard.,,,,,,,,,,,Y,
19-Mar-20,"The Governor announced that the Small Business Administration (SBA) approved her request for a statewide Economic Injury Disaster Loan declaration, allowing small businesses to access loans from the SBA.",,,,,,,,,,,Y,
20-Mar-20,"The Governor signed Executive Order 2020-16, which expands child care access during the public health emergency.",,,,,,,,,,,Y,
20-Mar-20,"The Governor signed Executive Order 2020-17, which imposes temporary restrictions on non-essential medical and dental procedures.",Y,,,,,,,,,,,
20-Mar-20,"The Governor signed Executive Order 2020-18, which includes minor clarifications of her executive order that temporarily imposed enhanced restrictions on the excessive pricing of goods, materials, emergency supplies, and consumer food items.",,,,,,,,,,,Y,
20-Mar-20,"The Governor signed Executive Order 2020-19, which allows tenants and mobile homeowners to remain in their homes during the pandemic even if they are unable to stay current on their rent.The order also relieves courts from certain statutory restrictions to enable them to postpone eviction-related proceedings until after the public health emergency has passed.",,,,,,,,,,,Y,
20-Mar-20,"The Michigan Economic Development Corporation announced it will provide up to $20 million in support for small businesses through the Michigan Small Business Relief program.The funding is divided between $10 million in small business loans to support businesses facing drastic reductions in cash flow and $10 million in small business grants.The grant funding will go to local or nonprofit economic development organizations to provide grants up to $10,000 to support small businesses that have realized a significant financial hardship as a result of COVID-19.",,,,,,,,,,,Y,
21-Mar-20,"The Governor signed Executive Order 2020-20, which makes clear that all facilities that provide non-essential personal care services must temporarily close.",Y,,,,,,,,,,,
23-Mar-20,"The Governor signed Executive Order 2020-21, directing all Michigan businesses and operations to temporarily suspend in-person operations that are not necessary to sustain or protect life.",Y,,,,,,,,,,,
24-Mar-20,The Governor called on residents and businesses to donate essential medical supplies and personal protective equipment to hospitals.,,,,,,Y,,,,,,
25-Mar-20,"The Governor signed Executive Order 2020-22, which extends the deadline to complete the canvass of the March 10 primary to April 24.",,,,,,,,,,,Y,
25-Mar-20,The Governor signed an Executive Order that allows the Michigan Employment Relations Commission to temporarily carry out more of their operations digitally.The order allows for Unemployment Insurance hearings to take place via teleconference and for e-signatures on related documents.,,,,,,,,,,,Y,
26-Mar-20,The Governor announced her request for a Major Disaster Declaration.,,,,,,,,,,,Y,
27-Mar-20,"The Governor signed Executive Order 2020-26, which pushes all April 2020 state and city income tax filing deadlines in Michigan to July 2020.",,,,,,,,,,,Y,
27-Mar-20,"The Governor signed Executive Order 2020-27, encouraging residents to vote absentee by allowing the Department of State to assist local jurisdictions in mailing absentee ballot applications to every registered voter, and to provide absentee ballots directly to new registrants.",,,,,,,,,,,Y,
28-Mar-20,"The states request for a Major Disaster declaration was approved by the President. In this request, funding was approved for the Crisis Counseling Program and for Emergency Protective Measures from the Public Assistance Category.",,,,,,Y,,,,,Y,
28-Mar-20,"The Governor announced the launch of a new volunteer website, www.michigan.gov/fightcovid19, where trained medical professionals can register to serve their fellow residents by assisting hospitals in responding to this public health emergency.",,,,,,Y,,,,,Y,
28-Mar-20,"The Governor signed Executive Order 2020-28, which requires public water suppliers to immediately identify residences in their service area that do not currently have water service, and to make best efforts to restore service to homes where the service has been disconnected due to non-payment or damaged infrastructure. A $2-million Water Restart Grant Program will help communities comply with the order.",,,,,,,,,,,Y,
29-Mar-20,"The Governor signed Executive Order 2020-29, which protects vulnerable populations in Michigans county jails, local lockups and juvenile detention centers.The order also temporarily suspends transfers into and from DOC facilities until risk-reduction protocols are adequately in place, suspends provisions of the Jail Overcrowding Emergency Act to allow local officials more flexibility in releasing vulnerable populations who do not pose a threat to public safety, and orders the State Budget Office to immediately seek a legislative transfer so that jails may be reimbursed for lodging prisoners who would have been transferred to DOC.",,,,,,,,,,,Y,
30-Mar-20,"The Governor announced that the President has granted her request for a formal Mission Assignment to allocate and order up to 3,000 members of the Michigan Army and Air National Guard for up to 90 days to perform humanitarian missions across the state.",,,,,,,,,,,Y,
30-Mar-20,"The Governor signed Executive Directive 2020-3, which temporarily restricts discretionary spending by state departments and agencies.",,,,,,,,,,,Y,
30-Mar-20,"The Governor signed Executive Directive 2020-4, which temporarily suspends the hiring, creating new positions, filling vacant positions, transfers, and promotions within the executive branch of state government.",,,,,,,,,,,Y,
30-Mar-20,The Governor issued a joint statement on the signing of two supplemental budget bills that provide $150 million in new state funding in the current fiscal year in response to this public health emergency.,,,,,,,,,,,Y,
30-Mar-20,"The Governor signed Executive Order 2020-32, which places a temporary restriction on non-essential veterinary procedures.",Y,,,,,,,,,,,
30-Mar-20,"The Governor issued Executive Order 2020-31, suspending the April 1 requirement for lower vapor pressure gasoline to ensure that gasoline supplies remain available to support essential state functions.",,,,,,,,,,,Y,
30-Mar-20,The Governors office announced that the Michigan National Guard will aid Food Banks in four communities across the state.,,,,,,,,,,,Y,
30-Mar-20,The Governor announced a new program to expand Pandemic Unemployment Insurance to self-employed and gig economy workers.,,,,,,,,,,,Y,
31-Mar-20,"The Department of Education requested a federal waiver of statutory and regulatory requirements in the Child Nutrition Programs, in accordance with federal guidance.",,,,,,,,,,,Y,
1-Apr-20,"The Governor signed Executive Order 2020-33, which formally declares a state of disaster, and recognizes the expanded scope of economic, educational, and civic dislocation caused by this public health emergency, and equips the administration to address fully the devastation.",,,,,,,,,,,Y,
2-Apr-20,"The Governor signed Executive Order 2020-35, which orders all K-12 school buildings to close for the remainder of the school year  unless restrictions are lifted  and ensures continuing of learning by setting guidelines for remote learning.",Y,,,,Y,,,,,,,
2-Apr-20,"The Governor signed Executive Order 2020-34, to clarify the temporary restrictions she placed on non-essential veterinary procedures as part of Executive Order 2020-32.",,,,,,,,,,,Y,
3-Apr-20,"The Governor signed executive order 2020-36, prohibiting all employers from discharging, disciplining, or otherwise retaliating against an employee for staying home from work if they or one of their close contacts tests positive for COVID-19 or has symptoms of the disease. It also strengthens her Stay Home, Stay Safe executive order. ",,,,,,,,,,,Y,
4-Apr-20,"The Governor announced a partnership with the Detroit Lions, Pistons, Red Wings, and Tigers to release a call to action video encouraging nurses and doctors to bring their skills to Michigan as a way to volunteer and help bolster the number of health care professionals on the front lines. ",,,,,,,,,,,Y,
5-Apr-20,"The Governor signed executive order 2020-37, which renews the restrictions on entry into care facilities and juvenile justice facilities, and requires them to use best efforts to facilitate remote visitations between individuals under their care and their loved ones, using phone or video conferencing software. ",,,,,,Y,,,,,,
5-Apr-20,"The Governor signed Executive Order 2020-38, which relaxes requirements for responding to FOIA requests made by mail or fax. ",,,,,,,,,,,Y,
7-Apr-20,"The Centers for Medicare & Medicaid Services (CMS) approved Michigans request for a Section 1135 Medicaid waiver.The approved waiver enables Michigan to provide flexibilities in Medicaid provider screening and enrollment, lift prior authorization require allow for reimbursement facility services in alternative settings, and waive public comment and tribal consultation requirements for certain changes to the Medicaid state plan.",,,,,,Y,,,,,,
8-Apr-20,"The Governor signed Executive Order 2020-39, which temporarily suspends requirements regarding licensing and regulation of emergency medical services. ",,,,,,Y,,,,,,
9-Apr-20,"The Governor announced a partnership with health care providers providing critical support, such as the Henry Ford Health System, McLaren Health Care, Beaumont Health and the Detroit Medical Center.",,,,,,Y,,,,,,
9-Apr-20,The Governor created the Michigan Coronavirus Task Force on Racial Disparities which consists of leaders across state government and health care professionals from communities most impacted by the spread of coronavirus.The task force will provide the governor with recommendations on how to address disparities as they work to slow the spread and mitigate this public health crisis for certain communities in the state. ,,,,,,,,,,,Y,
9-Apr-20,"The Governor signed Executive Order 2020-41, which will protect the health and safety of residents by reducing unnecessary in-person contact, through the use of electronic signatures, remote notarizations, remote witness attestations and acknowledgments, and remote visitations.",,,,,,,,,,,Y,
9-Apr-20,"The Governor signed Executive Order 2020-42, extending her prior Stay Home, Stay Safe order through the end of April.",Y,,,,,,,,,,,
10-Apr-20,"The Governor announced that on April 13, self-employed workers, gig workers, 1099-independent contractors and low-wage workers affected by this public health emergency will be able to apply for federal Pandemic Unemployment Assistance. ",,,,,,,,,,,Y,
13-Apr-20,"The Governor, along with 12 other Governors, sent a letter to Secretary Alex Azar and Administrator Seema Verma to ask that the Administration reconsider its decision and take swift action to allow for a special enrollment period of at least 30 days on the federal health care exchange. ",,,,,,Y,,,,,,
14-Apr-20,"The Governor released a statement after Hyundai Motor America announced that the city of Detroit Department of Health will receive a $100,000 grant and 10,000 test kits to support the states drive-thru testing efforts. ",,,,,,,,,,,Y,
15-Apr-20,"The Governor signed Executive Order 2020-50,to establish procedures in long-term care facilities such as establishing COVID-19 designated regional hubs. The order also protects residents from being evicted and protects employees from retaliation for staying home when exhibiting symptoms. ",,,,,,Y,,,,,,
16-Apr-20,"The Governor announced a partnership with Ohio, Wisconsin, Minnesota, Illinois, Indiana and Kentucky to work in close coordination to reopen the economy in the Midwest region. ",,,,,,,,,,,Y,
17-Apr-20,The Governor sent a letter to the Federal Emergency Management Agency requesting cost-sharing requirements for emergency work to be waived in response to the public health emergency. ,,,,,,,,,,,Y,
17-Apr-20,"The Governor announced theStay Home, StayMIndful website in partnership with Headspace, a global leader in mindfulness and meditation, and the Michigan Department of Health and Human Services to provide a new mental health resourcefor residents. ",,,,,,Y,,,,,,
17-Apr-20,"The Governor signed Executive Order 2020-52, which temporarily suspends requirements for in-person examinations for renewals of pesticide certifications. ",,,,,,,,,,,Y,
17-Apr-20,The Governor signed Executive Order2020-54and 2020-53 to extend previous orders that suspended evictions and enhanced restrictions on price gouging.,,,,,,,,,,,Y,
20-Apr-20,"The Governor signed Executive Order No. 2020-55, creating the Michigan Coronavirus Task Force on Racial Disparities. ",,,,,,,,,,,Y,
21-Apr-20,The Governor announced a partnership with CVS Health to provide drive-through rapid testingto a select area of the state. ,,,,Y,,,,,,,,
22-Apr-20,The Governor signed Executive Order 2020-56 extending her previous order which gives pharmacists increased operational capacity and increases access to prescriptions.,,,,,,Y,,,,,,
23-Apr-20,The Governor announced the creation of the MiMortgage Relief Partnership with over 200 of Michigan's financial institutions by providing affected borrowers with a 90-day grace period for all mortgage payment as well as other home ownership supports. ,,,,,,,,,,,Y,
24-Apr-20,"The Governor signed executive order 2020-59, extending her Stay Home, Stay Safe order. The order also requires people to wear homemade masks when they are in enclosed public spaces and eases some restrictions on the public (e.g. allows motorized boating). ",Y,,,,,,,,,,,
26-Apr-20,The Governor signed Executive Order 2020-60 toestablish strategies to reduce exposure between customers and employees.The order also provides temporary relief by suspending licensing requirements and regulations for food service industries. ,,,,,,,,,,,Y,
27-Apr-20,"The Governor signed Executive Order 2020-63, which extends validity of existing personal protection orders that would otherwise expire. ",,,,,,Y,,,,,,
29-Apr-20,"The Governor announced a new initiative, the Futures forFrontliners programto provide a tuition-free pathway to college or a technical certificate to essential workers who dont have a college degree. ",,,,,,,,,,,Y,
29-Apr-20,The Governor announcedthat she is expanding the states Workshare Program to allow employers to reduce employee hours to receive weekly unemployment insurance benefits as well as the additional $600 Pandemic Unemployment Assistance weekly benefit. ,,,,,,,,,,,Y,
29-Apr-20,"The Governor announced a $130 million investment to create the Child Care Relief Fund for families affected by the public health emergency. This fund allows child care providers to remain open, and ensure that costs associated with providing child care during the pandemic are not passed on to essential workers. ",,,,,,,,,,,y,
30-Apr-20,"The Governor signed Executive Order 2020-65 to extend and clarify a previous Executive Order, which orderedall K-12 school buildings to close for instructional purposesto students for the remainder of the school year. ",Y,,,,Y,,,,,,,
30-Apr-20,"The Governor signed the following: Executive Order 2020-66, which terminates the existing state of emergency and disaster declarations. Executive Order 2020-67, which clarifies that a state of emergency remains in effectuntil May 28. Executive Order 2020-68, which declaresa state of emergency and a state of disaster.",Y,,,,,,Y,,,,,
1-May-20,"The Governor signed Executive Order 2020-70 which allows the May 7 resumption of some types of work that present a very low risk of infection (e.g., construction and work performed outdoors). ",,Y,,,,,,,,,,
2-May-20,"The Governor signed Executive Order 2020-71, which extends existing safety measures to protect consumers and employees at grocery stores and pharmacies until May 29, and extends temporary relief from licensing requirements for food sellers and pharmacies.",,,,,,,,,,,Y,
4-May-20,"The Governor signed Executive Directive 2020-5, creating the Michigan COVID-19 Office of Accountability within the State Budget Office. The office will provide oversight of all spending to address this crisis and must report regularly on its work to the governor and the state budget director.",,,,,,,,,,,Y,
5-May-20,"The Governor signed Executive Orders 2020-73 and 2020-74, which extend two previous executive orders, which continue to temporarily allow e-signatures on official documents and remote notarizations and continue to temporarily suspend licensing, decal, and trip permit requirements.",,,,,,,,,,,Y,
7-May-20,"The Governor signed Executive Order 2020-77 to extend Michigan's Stay Home, Stay Safe order to May 28. In addition, this executive order requires manufacturing facilities to adopt measures to protect their workers from the spread.",Y,,,,,,,,,,,
7-May-20,The Governor announced a new partnership with Kroger Health to open a free drive-thru testing site.,,,,Y,,,,,,,,
7-May-20,The Governor detailed the six phases of her MI Safe Start Plan to re-engage Michigan s economy.,,,,,,,,,,,Y,
13-May-20,"The Governor announced that it would participate in the federal Unemployment Insurance Agency Work Share program to help offset budget implications as a result of the states response to the pandemic. As part of this program, impacted state employees will take two temporary layoff days per pay period beginning Sunday, May 17th until July 25th resulting in up to $80 million in decreased wage costs.",,,,,,,,,,,Y,
14-May-20,The Governor signed Executive Order 2020-83 which extends expanded disaster relief childcare services for essential workforce. She also signed Executive Order 2020-84 which extends protective measures for residents and staff in long-term care facilities.,,,,,,,,,,,Y,
15-May-20,"The Governor announced the creation of the Return to Learning Advisory Council via Executive Order 2020-88, formalizing a process for determining how schools may be able to reopen in the fall.",,,,,,,,,,,Y,
18-May-20,"The Governor signed executive order 2020-91 to ensure robust protections for Michigan workersand requires all businesses to adhere to strict safety guidelines to protect their workers, their patrons, and their communities from infection. To foster compliance, the governor also signed Executive Directive 2020-6 to appoint a Director of COVID-19 Workplace Safety within the Department of Labor and Economic Opportunity.",,,,,,,,,,,Y,
18-May-20,"The Governor signed Executive Order 2020-92, allowing for the reopening, in two regions, of retail businesses, office work that cannot be done remotely, and restaurants and bars with limited seating.",,Y,,,,,,,,,,
19-May-20,"The Governor signed Executive Order 2020-93, which continues to allow pharmacists to dispense emergency refills of prescriptions for up to 60 days worth of supply for patients and require insurers to cover early refills for up to 90 days worth of supply during the ongoing pandemic.",,,,,,Y,,,,,,
20-May-20,"The Governor released a statement afterthe Department of Technology, Management, and Budget released Michigan's April unemployment numbers, when the state had reached a peak number of positive cases.",,,,,,,,,,,Y,
21-May-20,The Governor signed executive order 2020-96 to reopen retail businesses and auto dealerships by appointment only.,,Y,,,,,,,,,,
21-May-20,"The Governor signed Executive Order 2020-97, updating a prior rule on workplace safety. Per the amended order, reopened outpatient health-care facilities, including clinics, primary care physician offices, and dental offices, will have to adopt strict protocols to prevent infection.",,,,,,Y,,,,,,
23-May-20,"The Governor announced a temporary, $2-per-hour pay raise for direct care workers providing Medicaid-funded in-home behavioral health and long-term care services to Michigan's most vulnerable residents during the continuing pandemic.",,,,,,,,,,,Y,
26-May-20,"The Governor signed Executive Order 2020-104, which expands the types of medical personnel that can order a test, and creates a new category of community testing sites that offer testing to anyone with reason to be tested without an advance order, and without charging an out-of-pocket cost to any resident. Under this, anyone who leaves their home for work, or has symptoms of COVID-19 (even mild symptoms), may receive a test at a community testing location without securing a doctors order in advance.",,,,Y,,,,,,,,
26-May-20,"The Governor launched an online dashboard that visually illustrates COVID-19 risks and trends in Michigan, providing residents with important information about the pandemic status where they live and work. The dashboard, designed and created by faculty at U-M School of Information and School of Public Health, presents risk and capacity indicators that inform implementation of the MI Safe Start Plan.",,,,,,,,,,,Y,
28-May-20,The Governor sent a letter to President Trump requesting an extension of Title 32 authority in order to use Michigan National Guard forces to combat the spread through July 31.,,,,,,,,,,,Y,
1-Jun-20,"The Governor signed Executive Order 2020-110, rescinding her Safer at Home order and moving the entire state to phase four of the MI Safe Start Plan.",,Y,,,,,,,,,,
3-Jun-20,The Governor announced a request to extend use of Michigan National Guard to combat the pandemic.,,,,,,,,,,,Y,
3-Jun-20,"The Governor announced rescissions of executive orders on FOIA, hospital capacity, and emergency medical services, and the Michigan Department of Health and Human services loosened rules on who can visit patients in certain health care settings, as regions across Michigan continue to advance under the MI Safe Start plan.",,,,,,Y,,,,,Y,
9-Jun-20,"The Governor signed Executive Order 2020-117, which continues expanded access and capacity for child care services, giving priority to essential workforces such as health care workers, first responders, and others during the pandemic.",,,,,,,,,,,,
12-Jun-20,"The Governor signed Executive Order 2020-120, which lifts restrictions on overnight summer camps beginning June 15",,,,,,,,,,,,
16-Jun-20,The Governor signed Executive Order 2020-124 extending her previous order which gives pharmacists increased operational capacity and expands access to prescriptions for residents who need them.,,,,,,Y,,,,,,
17-Jun-20,"The Governor announced that Michigan schools may resume in-person learning in phase 4 of the MI Safe Start plan. She also announced that on June 30th, she will release an executive order and a robust document called “Michigan’s Return to School Roadmap” that will provide details on what will be required and what will be recommended for schools.",,Y,,,Y,,,,,,,
18-Jun-20,"The Governor signed Executive Order 2020-127, which extends the state of emergency declaration related to the COVID-19 pandemic until July 16.",,,,,,,,,,,Y,
24-Jun-20,"The Governor signed a number of bills into, which increase access to health care for Michiganders through telemedicine and remote patient monitoring services, and delays the principal residence exemption application deadline under certain circumstances related to the state of emergency.",,,,,,Y,,,,,,
26-Jun-20,The Governor signed executive orders to protect Michigan Nursing Home residents and staff from the spread of the virus. The orders extends existing safety measures to maintain restrictions regarding entry to care facilities and creates the bipartisan Michigan Nursing Homes COVID-19 Preparedness Task Force.,Y,,,,,Y,,,,,,
26-Jun-20,"The Governor signed Executive Order 2020-134 extending the temporary suspension of evictions until July 15 and creating the Eviction Diversion Program, which outlines a process for renters to get fast rental assistance or establish a manageable payment plan to keep residents in their homes.",,,,,,,,,,,Y,
26-Jun-20,"The Governor as well as majority leaders released a statement after reaching a bipartisan budget agreement, which includes adjustments to the fiscal year 2020 budget and allocation of Coronavirus Relief Fund dollars.",,,,,,,,,Y,,Y,
1-Jul-20,"The Governor signed Senate Bill 690, which appropriates nearly $880 million in federal funding to support various COVID-19 response actions across the state, such as supporting direct care workers, small businesses restart grants, and enhanced connectivity, to respond to needs of the pandemic.",,,,,,,,,,,Y,
1-Jul-20,The Governor signed Executive Order 2020-143 closing indoor service at bars throughout most of lower Michigan.,Y,,,,,,,,,,,
10-Jul-20," The Governor signed Executive Order 2020-147, which reiterates that individuals are required to wear a face covering whenever they are in an indoor public space and also requires the use of face coverings in crowded outdoor spaces.",,,,,,,,,,Y,Y,
10-Jul-20, The Governor announced a donation of personal protective equipment from the Kingdom of Jordan to support hospitals and front line medical workers across the state.,,,,,,,,,,,Y,
13-Jul-20," The Governor signed Executive Orders 2020-148 and 2020-149, extending pandemic adaptation in long-term care facilities to protect residents and staff, and extending existing safety measures, including 2 hours a week of reserved shopping time for vulnerable populations.",,,,,,,,,,,Y,
13-Jul-20,"The Governor signed Executive Order 2020-150 which scales back the suspension of scope of practice laws for frontline health care workers while continuing suspension of certain licensing and certification requirements for health care professionals, life support and first aid workers, and 911 operators.",,,,,,,,,,,Y,
17-Jul-20,"The Governor signed Executive Order 2020-153, which strengthens her previous order requiring all Michiganders to wear a mask in indoor public spaces and crowded outdoor spaces. This new order clarifies that businesses may not assume that an unmasked customer cannot medically tolerate a face covering, though they can accept a customer’s verbal representation to that effect. It also requires public safety officers to wear a face covering unless doing so would seriously interfere in the performance of their responsibilities, and clarifies that wearing a mask at a polling place for purposes of voting in an election is not required, but strongly encouraged.",Y,,,,,,,,,,,
23-Jul-20," The Governor signed Executive Order 2020-156, which continues the limited and temporary restrictions on the entry of individuals into health care facilities, residential care facilities, congregate care facilities, and juvenile justice facilities previously imposed by Executive Order 2020-136.",Y,,,,,,,,,,,
29-Jul-20,"The Governor signed Executive Order 2020-160 and Executive Order 2020-161, amending Michigan’s Safe Start Order and issuing revised workplace safeguards.",Y,,,,,,,,,,,
3-Aug-20,Michigan Department of Health and Human Services issued order requiring testing of agricultural and food processing employees,,,,Y,,,,,,,Y,
7-Aug-20,The State launched college town COVID-19 Workplace Safety Program,,Y,,,Y,,,,,,,
19-Aug-20,Michigan Department of Health and Human Services issues order requiring COVID-19 testing of Michigan Department of Corrections staff,,,,Y,,,,,,,Y,
19-Aug-20,The Michigan Department of Health and Human Services Behavioral Health and Developmental Disabilities Administration assigned $1.9 million to continue a crisis counseling program for Michigan residents experiencing mental health effects of the COVID-19 pandemic.,,,,,,Y,,,,,Y,
24-Aug-20,FEMA approved Whitmer Administration's application for federal funding to provide an additional $300 per week to unemployed Michiganders,,,,,,,,,Y,,Y,
10-Sep-20,New Michigan Department of Health and Human Services order will allow outdoor visits at residential facilities while continuing to protect residents from COVID-19,,Y,,,,,,,,,,
14-Sep-20,"New ""Spread Hope, Not COVID"" Campaign urges all Michiganders to join together to safely reopen the State",,Y,,,,,,,,,,
15-Sep-20,Michigan Department of Health and Human Services expanded Rapid Response Staffing Resources statewide for long-term care facilities facing staffing shortages,,,,,,,,,,,Y,
18-Sep-20,"Michigan's health insurers agreed to provide COVID-19 testing, treatment at no cost to patients through the end of 2020",,,,Y,,Y,,,,,,
21-Sep-20,"MDHHS issued an order to protects staff, youth at State's juvenile justice facilities with COVID-19 testing requirement",,,,Y,,,,,,,Y,
1-Oct-20,The Michigan Unemployment Insurance Agency (UIA) today announced that the unemployment insurance benefits period has been lengthened under the Federal Extended Benefits (EB) program. ,,,,,,,,,,,Y,
5-Oct-20,"Michigan Department of Health and Human Services (MDHHS) Director Robert Gordon today issued an Emergency Order under MCL 333.2253 restricting gathering sizes, requiring face coverings in public spaces and places limitations on bars and other venues",Y,,,,,,,,,,,
6-Oct-20,Michigan Department of Health and Human Services (MDHHS) Director Robert Gordon today issued Emergency Orders under MCL 333.2253 that maintain protections for Michigan’s most vulnerable populations and staff in residential care settings.,Y,,,,,,,,,,,
6-Oct-20,Michigan Department of Health and Human Services (MDHHS) Director Robert Gordon issued an Emergency Order requiring K-12 schools to provide public notice to the school community about probable and confirmed cases of COVID-19 within 24 hours.,Y,,,,Y,,,,,,,
7-Oct-20,The Michigan Department of Health and Human Services (MDHHS) is urging low-income households to take advantage of a new program for people who do not have access to water in their homes to ensure safety during the COVID-19 pandemic. ,,,,,,,,,,,Y,
9-Oct-20,"The Michigan Department of Health and Human Services (MDHHS) Director Robert Gordon issued an Emergency Order restricting gathering sizes, requiring face coverings in public spaces and childcare facilities, placing capacity limitations on stores, bars and other public venues and providing for safer workplaces.",Y,,,,,,,,,,,
19-Oct-20,Governor Whitmer announced $1 million investment to contact 1 million Mmichiganders and help those who may have lost health insurance in 2020 get covered,,,,,,Y,,,,,Y,
19-Oct-20,The Michigan Department of Health and Human Services (MDHHS) announced $3.9 million for retention payments for direct care workers with home and community-based services,,,,,,Y,,,,,,
19-Oct-20,"The Michigan Department of Health and Human Services (MDHHS) announced new partnerships with Walgreens and the Michigan Primary Care Association to offer 77 new, free COVID-19 test sites statewide, bringing the total number of state-supported, free test sites to nearly 100",,,,Y,,,,,,,,
20-Oct-20,Governor Whitmer signed bipartisan bills extending unemployment benefits to 26 weeks,,,,,,,,,,,Y,
20-Oct-20,The Michigan Department of Labor and Economic Opportunity (LEO) has been awarded $17 million to help Michigan jobseekers make the jump from education and training to employment by delivering short- and mid-term customized training solutions. ,,,,,Y,,,,,,,
21-Oct-20,The Michigan Department of Health and Human Services (MDHHS) issued Emergency Order updating requirements for residential care facilities to allow for indoor visitation,,Y,,,,,,,,,,
22-Oct-20,"MDHHS announced $50,000 grant for direct care worker infection control training",,,,,,Y,,,,,,
28-Oct-20,"The Michigan Department of Health and Human Services (MDHHS) issued an epidemic order adding requirements for COVID-19 diagnostic testing in homes for the aged and larger adult foster care facilities, and modifying requirements for skilled nursing facilities ",,,,Y,,,,,,,,
29-Oct-20,The Michigan Department of Health and Human Services (MDHHS) revised and extended its epidemic order to contain the spread of COVID-19 adding new provisions target indoor gatherings where COVID has spread most rapidly,Y,,,,,,,,,,,
2-Nov-20,The Michigan Department of Health and Human Services (MDHHS) added new long-term care facility data fields and Adult Foster Care and Homes for the Aged info in weekly report,,,,,,,,,,,Y,
9-Nov-20,"The Michigan Department of Health and Human Services (MDHHS) and Michigan Department of Technology, Management and Budget (DTMB) announced the statewide rollout of the COVID-19 exposure notification app MI COVID Alert",,,,,,,,,,,Y,
12-Nov-20,"The Michigan Occupational Safety and Health Administration (MIOSHA) launched a State Emphasis Program (SEP) focused on office settings that addresses the need for increased vigilance, education and enforcement on remote work policies",Y,,,,,,,,,,,
15-Nov-20,"The Michigan Department of Health and Human Services (MDHHS) issued a new emergency order today that enacts a three-week pause targeting indoor social gatherings but leaves open work that cannot be performed from home and K-8 schools. The order contains measures such as bars and restaurants continue to be open for outdoor dining, carry-out and delivery only; gyms will remain open for individual exercise with strict safety measures in place; casinos, movie theaters and group exercise classes will be closed; professional and college sports may continue without spectators, however all other organized sports must stop; and, colleges and high schools may proceed with remote learning, but must end in-person classes",Y,,,,,,,,,,,
18-Nov-20,The Michigan Occupational Safety and Health Administration (MIOSHA) announced that businesses across the state can now schedule free COVID-19 safety consultations as a part of the new Ambassador program partnership with NSF International,,,,,,,,,,,Y,
25-Nov-20,"MDHHS and Liquor Control Commission issue citations, suspend liquor licenses for not following public health order to contain spread of COVID-19",Y,,,,,,,,,,,
8-Dec-20,MDHHS extends epidemic order 12 days to ensure COVID-19 surge is stabilizing,Y,,,,,,,,,,,
11-Dec-20,MDHHS announces priority groups for COVID-19 vaccination,,,,,,,,,,,,Y
14-Dec-20,COVID-19 vaccinations started at Michigan hospitals and National Guard is helping facilitate,,,,,,Y,,,,,,Y
15-Dec-20,"The Aging and Adult Services Agency at the Michigan Department of Health and Human Services (MDHHS) has announced the launch of CV19 CheckUp in Michigan – a free, anonymous, personalized online tool that evaluates someone’s risks associated with COVID-19",,,,,,,,,,,Y,
15-Dec-20,"The Michigan Department of Health and Human Services (MDHHS) is launching an initiative to not only get Michiganders to 'mask up, but to mask right.'",,,,Y,,,,,,,Y,
16-Dec-20,MDHHS updates priority group information for vaccination; launches COVID-19 vaccine dashboard,,,,,,,,,,,,Y
17-Dec-20,"Gov. Gretchen Whitmer and the Michigan Department of Health and Human Services (MDHHS) announced additional food assistance for 350,000 Michigan families in response to COVID-19 extended through December",,Y,,,Y,,,,,,Y,
18-Dec-20,"MDHHS began cautious re-opening of high schools and indoor entertainment, modifying successful ""Pause""",,,,,,,,,,,,
23-Dec-20,Michigan Department of Health and Human Services (MDHHS) officials updated prioritization guidance for COVID-19 vaccination administration for essential workers and those at high risk of severe infection,,,,,,,,,,,,Y
28-Dec-20,Skilled nursing home residents and staff began receiving the safe and effective COVID-19 vaccine made by Moderna today through the Pharmacy Partnership for LTC program,,,,,,Y,,,,,,Y
4-Jan-21,"The Michigan Department of Health and Human Services (MDHHS) is distributing 3.5 million free masks as part of the state’s Mask Up, Mask Right campaign.",,,,,,,,,,,Y,
6-Jan-21,"Gov. Gretchen Whitmer and Michigan Department of Health and Human Services (MDHHS) officials today announced the state is moving to a new phase of vaccination on Monday, Jan. 11 with a goal of vaccinating 70% of Michiganders over age 16 and bring a quicker end to the COVID-19 pandemic",,,,,,,,,,,,Y
8-Jan-21,"The Michigan Department of Health and Human Services (MDHHS) announced new guidance for schools today to keep students, staff and communities safe during the COVID-19 pandemic while providing the in-person instruction that is crucial to learning and development. ",,,,,Y,,,,,,,
13-Jan-21,"The Michigan Department of Health and Human Services (MDHHS) updated its epidemic order today to allow re-opening of additional activities where Michiganders can remain masked and socially distanced, as this has been scientifically shown to slow the virus. This includes indoor group exercise and non-contact sports. The new order is effective Saturday, Jan. 16 and will last until Sunday, Jan. 31.",Y,,,,,,,,,,Y,
16-Jan-21,"MDHHS identifies first Michigan case of new COVID-19 variant, B.1.1.7. in Washtenaw County",,,,,,,,,,,Y,
18-Jan-21,"Michigan Department of Health and Human Services (MDHHS) released new guidance encouraging colleges and universities to require COVID-19 testing of students who live in the immediate university community, even if the students do not live on campus.",,,,Y,,,Y,,,,,
18-Jan-21,Michigan Department of Health and Human Services (MDHHS) has launched a statewide paid media campaign to inform Michiganders about the safe and effective COVID-19 vaccine in response to research about attitudes toward the vaccine and to address vaccine hesitancy among Michigan residents.,,,,,,,,,,,Y,Y
18-Jan-21,"Michigan Department of Health and Human Services (MDHHS) has been notified by McKesson that several shipments of Moderna vaccine shipped on Sunday, Jan. 17, had their temperature reported as going out of range and getting too cold. The cause of this is under investigation by McKesson.",,,,,,,,,,,,Y
19-Jan-21,MDHHS issues guidance encouraging colleges and universities to require COVID-19 testing for on- and off-campus students,,,,Y,Y,,,,,,,
21-Jan-21,"Indoor Dining Reopens February 1. The order will allow for indoor dining at restaurants with certain requirements; concessions at casinos, movie theaters and stadiums; personal services requiring mask removal; and non-residential gatherings of up to 10 people from two households. The new order will last three weeks, until Sunday, Feb. 21",,Y,,,,,,,,Y,,
25-Jan-21,The Michigan National Guard (MING) is expanding its COVID-19 response force for vaccination and testing efforts across the state. Almost 300 additional guard members are being deployed to support this mission.,,,,Y,,,,,,,,Y
29-Jan-21,"The State of Michigan is expanding on the new MI COVID-19 Safer Dining Program. Under the voluntary program, restaurants utilize a licensed HVAC contractor or engineer to inspect their ventilation systems and receive recommended changes to improve circulation within their workplace to reduce the risk of COVID-19 spread. The program’s parameters are based on the best guidance available from the CDC, EPA and the American Society of Heating, Refrigerating and Air-Conditioning Engineers.",,,,,,,,,,Y,Y,
2-Feb-21,The Michigan Department of Health and Human Services (MDHHS) is moving forward with plans to offer a voluntary COVID-19 testing program that will provide weekly tests to educators. The MI Safe Schools Testing Program will help achieve Gov. Gretchen Whitmer’s goal of having all Michigan school districts offer an in-person learning option for students by March 1.,,,,Y,Y,,,,,,,
4-Feb-21,"Michigan Department of Transportation (MDOT) will receive $600,000 to be distributed to five public transit agencies in rural and urban areas for innovative projects. The program supports strategies to develop, deploy, and demonstrate innovative solutions that improve the operational efficiency of transit agencies and enhance the mobility of transit users affected by the COVID-19 public health emergency.",,,,,,,,Y,Y,,,
4-Feb-21,"Michigan Department of Health and Human Services (MDHHS) updated its current epidemic order to allow contact sports to resume as of Monday, Feb. 8, provided masks are worn during practices and competition. If masks cannot be worn, participants must be regularly tested for COVID-19 consistent with guidelines issued by MDHHS. Safety protocols like wearing masks and testing will help keep kids, coaches and families safe and allow our schools to remain open for in-person instruction. The order remains in effect through Monday, March 29.   ",,,,,,,,,,Y,,
5-Feb-21,"The Michigan Department of Health and Human Services (MDHHS) has issued Interim Guidance for Athletics following its epidemic order announced last week to allow contact sports to resume starting today. The order requires masks are worn during practices and competition. If masks cannot be worn, participants must be regularly tested for COVID-19 consistent with guidelines issued by MDHHS.",,,,,,,,,,Y,Y,
11-Feb-21,"Additional food assistance for 350,000 Michigan families in response to COVID-19 extended through February",,,,,,,,,,,Y,
15-Feb-21,MDHHS announces new program starting March 1 to help enhance state's vaccine equity strategy; Health centers will receive safe and effective COVID-19 vaccine this week,,,,,,,,,,,,Y
23-Feb-21,"The Michigan Department of Health and Human Services (MDHHS) and the Protect Michigan Commission announce details for a new program to help enhance the state's vaccine equity strategy. Michigan providers that are federally enrolled to administer COVID-19 vaccines are encouraged to apply by Monday, March 1 if they can help remove barriers for those ages 60 and up who are most vulnerable to the effects of the virus. Applicants accepted into the community outreach pilot project can request up to 2,500 doses.",,,,,,,,,,,,Y
1-Mar-21,"Michigan Department of Agriculture and Rural Development Director Gary McDowell issued Pandemic Public Health Measures in Migrant Agricultural Worker Housing Emergency Rules, which require licensed housing providers to create and implement plans to prevent exposure to the novel coronavirus that causes COVID-19, care for individuals with COVID-19, and take measures to help prevent the spread of the virus among workers.. The emergency rules are similar to guidance issued by Governor Whitmer and the Michigan Department of Health and Human Services in 2020, including provisions requiring licensed housing providers to have a COVID-19 Preparedness and Response Plan.",,,,,,,,,,,Y,
3-Mar-21,"Gov. Gretchen Whitmer and Michigan Department of Health and Human Services (MDHHS) officials announced the state is expanding vaccination eligibility beginning Monday, March 8. MDHHS is moving forward with the vaccination of Michiganders age 50 and older with medical conditions or disabilities and caregiver family members and guardians who care for children with special health care needs. Beginning Monday, March 22, vaccine eligibility will again expand to include all Michiganders 50 and older.",,,,,,,,,,,,Y
8-Mar-21,MDHHS identifies first Michigan case of new COVID-19 variant B.1.351 in Jackson County,,,,,,,,,,,Y,
12-Mar-21,"Michigan Expanding Access to Safe, Effective COVID-19 Vaccine to Michiganders Ages 16 and Older with Medical Conditions, Disabilities Starting March 22. All Michiganders age 16 and up to become eligible on April 5",,,,,,,,,,,,Y
15-Mar-21,"The State has established the new Return-to-Office Workgroup consisting of business, labor, and public health experts to provide Gov. Whitmer with concise recommendations that will be used to inform MDHHS orders and MIOSHA rules as well as standards and best practices for employers to use in planning their own phased reopening.",,,,,,,,,,,Y,
17-Mar-21,"Michigan Department of Health and Human Services (MDHHS) updated its Residential Care Facilities Order to reflect recent changes in Center for Medicare and Medicaid Services guidance for visitation. The state recently rolled out an expanded visitation program, using a testing protocol to keep residents and staff safe. The updated order and accompanying guidance continues to support visitation and improve quality of life for seniors while maintaining precautions to help keep residents and staff safe. Testing is strongly encouraged prior to visitation, particularly in counties with medium or high positivity, but not required. The order goes into effect immediately. ",,,,,,,,Y,,Y,Y,
19-Mar-21,MDHHS Expands Capacity at Outdoor Stadiums and Arenas and Increases Testing to Protect Youth in Sports. Fully vaccinated individuals may gather at residences without masks per CDC ,,,,,,,,,,Y,Y,
1-Apr-21,First P.1 Variant Case Identified in Bay County; Reported by Commercial Laboratory,,,,,,,,,,,Y,
8-Apr-21,"MDHHS Launches Vaccination Partnership with Universities and Colleges, Expands Mobile Vaccination Sites with Community Partners in Neighborhoods",,,,,,,,,,,,Y
16-Apr-21,Michigan Department of Health and Human Services (MDHHS) extended its Gatherings and Mask epidemic order. The Order - which preserves the strongest public health order in the Midwest - is designed to balance day-to-day activities while controlling the spread of COVID-19 and saving Michiganders' lives. It includes expansion of mask requirements to children ages 2 to 4 to further protect the state's residents.,Y,,,,,,,,,,Y,
22-Apr-21,MDHHS launches pilot Travel Points Testing at Michigan Welcome Centers and airports,,,,Y,,,,,,,,
4-May-21,MDHHS updates epidemic order and lifts mask requirements for outdoor gatherings of under 100 people,,,,,,,,,,Y,Y,
1-Jun-21,"Capacity limits will lift for outdoor events. Additionally, indoor capacity limits will increase to 50%, allowing indoor social gatherings such as weddings and funerals to move closer to normalcy. As of July 1, the state will no longer limit capacity at indoor or outdoor gatherings.",,Y,,,,,,,,Y,,
15-Jun-21,The Michigan Department of Health and Human Services (MDHHS) has updated its Order for COVID-19 testing for agricultural employees to align with Centers for Disease Control and Prevention (CDC) guidance to exempt fully vaccinated individuals from routine screening testing.,,,,Y,,,,,,,Y,
2-Jul-21,The Michigan Department of Health and Human Services (MDHHS) has rescinded its order requiring COVID-19 testing for agricultural employees.,,,,Y,,,,,,,Y,
4-Aug-21,MDHHS issues updated COVID-19 school guidance to help keep kids and educators healthy,,,,,Y,,,,,,,
13-Aug-21,"Michigan Department of Health and Human Services (MDHHS) issued updated recommendations for schools designed to help prevent transmission of COVID-19 within school buildings, reduce disruptions to in-person learning and help protect vulnerable individuals and individuals who are not fully vaccinated. Because many students have yet to be vaccinated and students under age 12 are not yet eligible, layered prevention measures, including universal masking, must be put in place for consistent in-person learning to keep kids, staff and families safe.",,,,,Y,,,,,Y,,Y
9-Sep-21,"MDHHS issues quarantine guidance for asymptomatic students. Prevention measures, including universal masking, reduce COVID-19 transmission and days away from school due to quarantine",,,,,Y,,,,,Y,Y,
22-Nov-21,"Johnson & Johnson, Moderna and Pfizer booster doses authorized for all ages 18 and up",,,,,,,,,,,,Y
2-Dec-21,"Michigan Department of Health and Human Services (MDHHS) issued streamlined quarantine recommendations for schools designed to help prevent transmission of COVID-19 among the school-aged population while reducing disruptions to in-person learning. In addition to vaccination, which is approved for ages 5 and up, layered prevention measures, including masking, should be put in place for consistent in-person learning to keep kids, staff and families safe. ",,,,,Y,,,,,,Y,
9-Dec-21,First Omicron variant detected in Michigan,,,,,,,,,,,Y,
14-Jan-22,MDHHS partnering with libraries across the state to offer free at-home testing kits for Michiganders,,,,Y,,,,,,,,
31-Jan-22,"Gov. Whitmer Announces 250,000 Free COVID-19 Tests for Michiganders",,,,Y,,,,,,,,
16-Feb-22,"MDHHS updates mask guidance as state enters a post-surge recovery phase in the COVID-19 pandemic. Based on current conditions, MDHHS is withdrawing the Public Health Advisory on Masking in Indoor Public Settings, including school settings",,Y,,,,,,,,,Y,
14-Mar-22,"MDHHS updates Isolation & Quarantine Guidance based on low COVID-19 numbers, state entering post-surge, recovery phase LARA updates guidance for childcare facilities",,Y,,,Y,,,,,,,
31-Mar-22,"he Michigan Department of Health and Human Services (MDHHS) has expanded its efforts to provide free, at-home testing kits to underserved areas of the state by providing test kits to additional libraries for a total of 70 locations participating in the program.",,,,Y,,,,,,,,