﻿date,policy,Restrict/Close,Opening (State),Deferring to County,Testing,Education,Health/Medical,Emergency Level,Transportation,Budget,Social Distancing,Other,Vaccine
13-Mar-20,Gov. Ricketts issued an emergency declaration for COVID-19,,,,,,,Y,,,,,
13-Mar-20,The Nebraska Department of Economic Development (DED) allocated Community Development Block Grant funds to assist qualified businesses impacted by the COVID-19 outbreak.,,,,,,,,,,,Y,
13-Mar-20,The Department of Economic Development (DED) allocated Community Development Block Grant (CDBG) funds to assist qualified businesses impacted by the COVID-19 outbreak. This funding is available through DEDs CDBG Economic Development funding category.,,,,,,,,,,,Y,
16-Mar-20,The Governor announced new guidance which limits mass gatherings to 50 people or less and requires bars and restaurants to move to takeout only (on a regional basis).,Y,,,,,,,,,,,
17-Mar-20,"The Governor issued an Executive Order to allow for state and local government boards, commissions and other public bodies to meet by virtual and electronic means through May 31.",,,,,,,,,,,Y,
17-Mar-20,The Governor issued an Executive Order to relax eligibility requirements for unemployment benefits.,,,,,,,,,,,Y,
19-Mar-20,"The Governor announced the state's first Directed Health Measure which limits mass gatherings in certain counties and requires restaurants and bars in those counties to operate delivery, dine-in, or curbside services.The announcement also directed these counties to operate without students in their buildings.",Y,,,,,,,,,,Y,
19-Mar-20,"The Governor issued an Executive Order which included: Waiving penalties or interest with IFTA late filings of quarterly returns; Extending drivers licenses and vehicle registrations to limit the number of individuals at Department of Motor Vehicle facilities; Extending title requirements, registrations, or motor carrier temporary documents by 30 days; and Extending ignition interlock providers by two weeks for all existing customers.",,,,,,,,,,,Y,
19-Mar-20,The Governor issued an Executive Order to provide relief to restaurants and bars who are still serving customers (via non-dine in methods) and provided guidance to these locations that they are limited to serving 10 patrons at a time.,Y,,,,,,,,,,,
20-Mar-20,"The Governor announced that he is requesting $58.6 million of emergency funding from the state legislature for local response efforts, health and human services staffing, surge staffing for VA hospitals and care facilities, and lab testing.",,,,,,,,,,,Y,
20-Mar-20,The Governor announced that the Small Business Administration approved the state's request for an Economic Injury Disaster loan.,,,,,,,,,,,Y,
23-Mar-20,"The Governor announced that residents have until July 15, 2020 to pay state income taxes.",,,,,,,,,,,Y,
25-Mar-20,"The Governor discussed ideas on the flexibility of continuing business operation, in the areas of offering drive-up service to customers, delivery, and the modification of normal day-to-day interactions.",,,,,,,,,,,Y,
25-Mar-20,"The Governor signed LB 1198, which provides emergency funding to help the state during this public health emergency. He also signed an Executive Order preventing eviction of residents who have been impacted.",,,,,,,,,,,Y,
26-Mar-20,"The Governor issued an Executive Order to expand access to childcare options, which eases the licensing requirements to open and operate a temporary, non-residential child care in an alternative setting. The Governor additionally announced that the May 12 primary election will continue as scheduled.",,,,,,,,,,,Y,
27-Mar-20,"The Governor issued an executive order to expedite the entry of medical professionals into the workforce, which: Authorizes the credentialing of retired or inactive health professionals. Defers the requirements for healthcare providers to pay initial licensing fees or to complete continuing education. Temporarily waives the restrictions on licensed out-of-state medical professionals working in Nebraska. Temporarily suspends the limitations on the number of physician assistants that a physician may supervise.",,,,,,Y,,,,,,
28-Mar-20,"The Governor announced new Directed Health Measures for additional counties, which includes limits on public gatherings, restaurant and bar closures, and school closures.",Y,,,,Y,,,,,,Y,
30-Mar-20,"The Governor announced extended statewide social distancing restrictions through April 30th. He also announced that the Department of Labor is preparing to roll out the unemployment programs outlined in the CARES Act through the following actions: Pandemic Unemployment Assistance  Allows unemployment benefits to individuals who have exhausted all other unemployment benefits, and those not eligible for other unemployment benefits, including workers who are self-employed and independent contractors.The minimum PUA weekly payment will be $174 and top out at $440. Federal Pandemic Unemployment Compensation  This emergency increase in Unemployment Insurance Benefits adds $600 per week in federal benefits to the unemployment benefit amount for COVID-19 unemployment claims, including PUA claims. Pandemic Emergency Unemployment Compensation  Allows 13 weeks of federally funded benefits to be added to the end of the normal 26 weeks of benefits. Short Time Compensation Programs (also known as Work Share)  Provides federal funding of Short-Time Compensation, a program that allows businesses to uniformly reduce their teammates hours while the workers receive a partial unemployment benefit.",Y,,,,,,,,,,Y,
30-Mar-20," In an effort to encourage residents to support local dining businesses, the Governor signed a proclamation to designate every Tuesday from March 31st through the end of April 2020 as Takeout Tuesday.",,,,,,,,,,,Y,
31-Mar-20,"The Governor signed an executive order that enables healthcare facilities to expand capacity as the need arises, through activities such as: Waives time limits for how long Critical Access Hospitals and Ambulatory Surgical Centers may keep patients. Waives the time limit on complex nursing interventions in assisted living facilities. Modifies the training and testing requirements for nurse aides, medication aides, and dining assistants to allow individuals with sufficient training and appropriate supervision to serve temporarily in these capacities.",,,,,,Y,,,,,,
1-Apr-20,The Governor issued an executive order to allow online notary services to take place and to provide regulatory flexibility to banks.,,,,,,,,,,,Y,
2-Apr-20,"The Governor announced that the State has entered into an agreement with the University of Nebraska System to provide bed space for the quarantining of individuals who need monitoring, for people in isolation who are waiting for testing results, and the discharging of patients who are convalescing.",,,,,,Y,,,,,,
2-Apr-20,"The Governors wife announced the Nebraska Impact COVID-19 Relief Fund, which aims to help individual communities meet their local needs, through financial assistance for rent, mortgage, and utilities payments; provisions for food pantries; or supplies for students from low-income families now studying from home.",,,,,,,,,,,Y,
2-Apr-20,"The Centers for Medicare & Medicaid Services (CMS) approved Nebraskas request for a Section 1135 Medicaid waiver.The approved waiver enables Nebraska to provide flexibilities in Medicaid provider screening and enrollment, forgo certain pre-admission screening and annual resident review assessments, lift prior authorization requirements, allow for reimbursement facility services in alternative settings, extend fair hearing timelines, and waive public comment and tribal consultation requirements for certain changes to the Medicaid state plan.",,,,,,Y,,,,,,
6-Apr-20,"The Governor declared April 6-12 as Public Health Week in the state. During the same press briefing, the Governor discussed the potential for domestic violence amid this public health emergency and services available to those who need support. ",,,,,,,,,,,Y,
7-Apr-20,"The Governor announced temporary changes to the State's Supplemental Nutrition Assistance Program, such as extending eligibility periods and providing emergency allotments to families for the months of April and May.",,,,,,,,,,,Y,
9-Apr-20,"The Governor proclaimed April 10-30, 2020 as 21 Days to Stay Home and Stay Healthy in Nebraska.The Governor also announced a new statewide Directed Health Measure that orders certain businesses where six feet of social distance cannot be maintained to close through April 30th. ",Y,,,,,,,,,,,
14-Apr-20,The Governor issued a statement thanking the President for approving Nebraskas request for federal funding of the National Guard. ,,,,,,,,,,,Y,
15-Apr-20,The Governor issued an executive order to expand childcare options for working Nebraska families and to provide relief for childcare centers participating in the States Child Care Subsidy Program.,,,,,,,,,,,Y,
18-Apr-20,The Governor encouraged Nebraskans to stay connected to friends and family and take care of their mental health. ,,,,,,Y,,,,,Y,
20-Apr-20,"The Governor announced the states first step to relax the health measures implemented to slow COVID-19's spread, which includes resuming elective surgeries as long as hospitals and healthcare facilities meet requirements for available bed capacity and have adequate supplies of personal protective equipment. ",,Y,,,,,,,,,,
22-Apr-20,"The Governor encouraged Nebraskans to take an online assessment as part of the states Test Nebraska plan, to help increase the state's the rate of testing. ",,,,Y,,,,,,,Y,
24-Apr-20,"The Governor announced that he is relaxing some restrictions related to places of worship, salons, restaurants, childcare facilities and other establishments. ",,Y,,,,,,,,,,
27-Apr-20,The Governor announced the formation of a business task force to develop guidelines that prioritize public safety and allow for the state to reopen its economy. ,,,,,,,,,,,Y,
29-Apr-20,"The Governor discussed best practices to resume elective surgeries at dental offices and dining in restaurants with industry leaders and practitioners across the state. During this, the Governor also announced new guidance for restaurants. ",,Y,,,,,,,,,,
30-Apr-20,"The Governor issued an Executive Order which, among other things, retroactively extends eligibility for pandemic-related unemployment benefits. ",,,,,,,,,,,Y,
4-May-20,"The Governor announced new testing facilities, as well as a childcare referral resource created by the Nebraska Children and Families Foundation in partnership with state agencies. ",,,,Y,,,,,,,,
4-May-20,"The Governor announced a new shipment of PPE through the Department of Administrative Services Material Division, who works with government procurement professionals throughout the state to source and supply necessary items. ",,,,,,Y,,,,,,
7-May-20,The Governor announced this week as Teacher Appreciation Week.,,,,,Y,,,,,,,
8-May-20,"The Governor highlighted four regional directed health measures, as well as new mother friendly initiatives.",,,,,,Y,,,,,,
8-May-20,The Centers for Medicare and Medicaid Services (CMS) approved Nebraska's second request for a Medicaid 1135 waiver.The waiver allows Nebraska to lift prior authorization requirements.,,,,,,Y,,,,,,
11-May-20,The Governor announced that less restrictive Directed Health Measures will take effect in three additional regions. He also issued guidance to resume baseball and softball in June and highlighted new business reopening guidelines.,,Y,,,,,,,,,,
13-May-20,The Governor announced that a dedicated hotline has been set up to answer questions about the Test Nebraska initiative.,,,,Y,,,,,,,,
14-May-20,The Governor outlined the contact tracing process in the state.,,,,,,,,,,,Y,
15-May-20,The Governor previewed a new tool being developed by the Nebraska Department of Health and Human Services to help long-term care facilities assess and improve their preparedness planning.,,,,,,,,,,,Y,
19-May-20,"The Governor discussed results from the Nebraska Business Response Survey which was completed by 4,500 businesses across the state to understand the impacts of the pandemic on their companies.",,,,,,,,,,,Y,
20-May-20,The Governor announced that Test Nebraska sites will be in seven communities next week.,,,,Y,,,,,,,,
21-May-20,The Governor announced that new directed health measures for Phase I and Phase II will take effect on June 1 for certain districts in the state.,,,,,,Y,,,,,,
26-May-20,The Governor announced an executive order waiving the requirement for older Nebraskans to renew their drivers licenses in-person.,,,,,,,,,,,Y,
27-May-20,"The Governor announced that he will be using CARES Act funding to stabilize businesses and livestock producers; support community institutions to meet critical needs such as food security, shelter, and mental health care; reimburse state and local governments for coronavirus-related expenses; and shore up the States Unemployment Insurance Trust Fund and potential General Fund budget flexibility.",,,,,,,,,,,Y,
15-Jun-20,The Governor announced the next steps in the state’s phased plan to loosen restrictions which will take effect June 22. His administration also announced that school systems can expect to resume in-person instruction in the fall.,,Y,,,,,,,,,,
26-Jun-20,"The Governor announced that the State of Nebraska’s Community CARES program is allocating $85 million to support community organizations such as food banks, shelters, and mental health care providers as they face increased demand for their services.",,,,,,,,,,,Y,
15-Jul-20,The Governor unveiled a new website dedicated to providing updates about the state’s response to coronavirus. The website features information about the state’s plans for coronavirus relief funding as well as links to key public health and virus testing information.,,,,,,,,,,,Y,
3-Aug-20,Governor Pete Ricketts and Nebraska Department of Education (NDE) Commissioner Matthew Blomstedt held a press briefing to discuss plans for K-12 students to head back to the classroom this fall.,,Y,,,Y,,,,,,,
24-Aug-20,Gov. Ricketts provided additional coronavirus relief to local governments,,,Y,,,,,,Y,,,
24-Aug-20,Nebraska Department of Health and Human Services announced Phase 3 directed health measures (DHMs) that are in effect until Aug. 31 are being extended through Sept. 13,,Y,,,,,,,,,,
4-Sep-20,Nebraska Department of Health and Human Services announced Panhandle Public Health District will be the fourth local health department to move to Phase 4 of the Directed Health Measures (DHMs),,Y,,,,,,,,,,
9-Sep-20,The Nebraska Department of Health and Human Services (DHHS) will apply for the next round of Pandemic Electronic Benefits Transfer (P-EBT) through the United States Department of Agriculture's (USDA) Food and Nutritional Service (FNS),,,,,,,,,,,Y,
17-Sep-20,"Test Nebraska partnered with Children's Hospital & Medical Center, Nebraska's pediatric health care leader, to offer mobile COVID-19 testing for infants, children and adolescents.",,,,Y,,,,,,,,
17-Sep-20,"The Nebraska Department of Health and Human Services (DHHS) has announced a partnership with Omaha Public Schools, supporting the largest school district in Nebraska with regular testing of OPS staff as they return to in-person learning.",,Y,,Y,Y,,,,,,,
6-Oct-20,The United States Department of Agriculture (USDA) Food and Nutrition Services (FNS) has announced that Nebraska has been approved to disburse a second round of Pandemic Electronic Benefit Transfer (P-EBT) benefits,,,,,,,,,,,Y,
16-Oct-20,"Governor Pete Ricketts announced changes to the State's directed health measures (DHMs) allowing 100% of rated occupancy in bars and restaurants, allowing indoor gatherings limited to 50% capacity, and outdoor gatherings at 100% capacity",,Y,,,,,,,,,,
19-Oct-20,Governor Pete Ricketts announced new grant programs to continue growing Nebraska in the midst of the disruptions of the coronavirus pandemic.,,,,,,,,,,,Y,
28-Oct-20,Nebraska's Department of Health and Human Services (DHHS) with the Department of Administrative Services (DAS) and the Department of Economic Development (DED) announced the purchase five walk-up and five drive-through freestanding COVID-19 testing sites,,,,Y,,,,,,,,
2-Nov-20,Gov. Ricketts announced additional support for long-term care facilities,,,,,,Y,,,,,,
9-Nov-20,"Governor Pete Ricketts announced new Directed Health Measures (DHMs) in response to rising hospitalizations across the state in an effort to slow the spread of the coronavirus. These measures include requiring social distancing in gyms, restaurants, bars, indoor gatherings; and, requiring masks in indoor establishments",Y,,,,,,,,,,,
11-Nov-20,"The Nebraska Department of Health and Human Services announced new Directed Health Measure which includes social distancing measures at any indoor gathering. Auditoriums, libraries, theaters, sports complexes and arenas can operate at 25% capacity but restaurants and bars can operate at 100% as long as social distancing measures are put in place. Masks are required in close contact businesses and limited spectators at indoor sporting events.",Y,,,,,,,,,,,
3-Dec-20,"Gov. Ricketts Announces Shortened Quarantines, Guidance for Essential Caregiver Visitation in Long-Term Care Facilities",,,,,,Y,,,,,,
11-Dec-20,"Governor Pete Ricketts announced that the State is moving from the “orange"" to “yellow"" phase of its coronavirus pandemic response plan. Masks are recommended, rather than required. The maximum capacity for indoor gatherings goes from 25% to 50%. Fan attendance at extracurricular activities—both school and club—is no longer limited to household members of participants. Parties at restaurants and bars remain limited to groups of 8 or less.",,Y,,,,,,,,,,
14-Dec-20,Nebraska Receives First Shipment of COVID-19 Vaccine,,,,,,,,,,,,Y
23-Dec-20,"Governor Pete Ricketts announced that the State is moving from the “yellow"" to “blue"" phase of its coronavirus pandemic response plan increasing maximum capacity for indoor gatherings from 50% to 75%, and resuming elective surgeries",,Y,,,,,,,,,,
1-Feb-21,Governor Pete Ricketts announced that the State has launched an online portal where Nebraskans can register for coronavirus vaccinations (vaccinate.nebraska.gov).,,,,,,,,,,,,Y
12-Feb-21,Pharmacy Locations Now Offering COVID-19 Vaccine for Phase 1B Groups in Nebraska ,,,,,,,,,,,,Y
26-Feb-21,Nebraska Identifies B-117 Variant of COVID-19 ,,,,,,,,,,,Y,
27-Feb-21,Nebraska Identifies B.1.429 Variant of COVID-19,,,,,,,,,,,Y,
17-Mar-21,"Nebraska Identifies P.1 Variant of COVID-19. The Department of Health and Human Services (DHHS) and Nebraska Public Health Lab (NPHL) have confirmed the first known cases of the Brazil variant of COVID-19, known as P.1, in the state.",,,,,,,,,,,Y,
26-Mar-21,Federal Retail Pharmacy Program Able to Vaccinate 18 and Older,,,,,,,,,,,,Y
12-Apr-21,"The Department of Health and Human Services (DHHS) and Nebraska Public Health Lab (NPHL) have confirmed that the New York variant of COVID-19, known as B1.526 has arrived in the state.",,,,,,,,,,,Y,
16-Apr-21,"The Department of Health and Human Services (DHHS) and Nebraska Public Health Lab (NPHL) have confirmed that the South Africa variant of COVID-19, known as B.1.351 has arrived in the state.",,,,,,,,,,,Y,
13-May-21,The Department of Health and Human Services (DHHS) and Nebraska Public Health Lab (NPHL) have confirmed that the B.1.617 variant of COVID-19 that originated in India has arrived in the state.,,,,,,,,,,,Y,
28-Jun-21,Gov. Ricketts Ends Coronavirus State of Emergency,,Y,,,,,Y,,,,,
27-Jul-21,Gov. Ricketts: Nebraska’s Return to Normal Won’t Be Interrupted by New CDC Guidance,,,,,,,,,,,Y,
26-Aug-21,"The Governor issued Executive Order (EO) 21-12 to expand the pool of healthcare professionals who are eligible to care for Nebraskans.  Among its provisions, the EO authorizes the credentialing of retired or inactive healthcare professionals, defers certain continuing education requirements, and suspends various statutes to allow new healthcare providers seeking a license to begin practice.  EO 21-12 is effective immediately and will remain in effect through the end of 2021",,,,,,Y,,,,,,
26-Sep-21,Gov. Ricketts Announces Extension of Directed Health Measure to Protect Hospital Capacity,,,,,,Y,,,,,,
22-Oct-21,"Governor Pete Ricketts announced that the State will rescind its Directed Health Measure (DHM) that had temporarily suspended inpatient Class D and Class E elective surgeries for all Acute Care, Critical Care, and Children's Hospitals in Nebraska.",,,,,,Y,,,,,,
14-Jan-22,"Governor Pete Ricketts announced that the Nebraska Department of Health and Human Services (DHHS) has issued a new Directed Health Measure (DHM). The DHM suspends Class C, D, and E inpatient and outpatient surgeries (pre-scheduled, non-emergency medical surgeries) at The Nebraska Medical Center (NMC) in Omaha after the hospital facility chose to begin operating under a crisis standard of care yesterday.",,,,,,Y,,,,,,
4-Feb-22," Governor Pete Ricketts announced that the Nebraska Department of Health and Human Services (DHHS) has revised its Directed Health Measure (DHM) for Nebraska Medical Center (NMC) issued on January 13, 2022.  The DHM suspended Class C, D, and E inpatient and outpatient surgeries (pre-scheduled, non-emergency medical surgeries) at NMC in Omaha after NMC began operating under a crisis standard of care",,,,,,Y,,,,,,
,,,,,,,,,,,,,
,,,,,,,,,,,,,