﻿date,policy,Restrict/Close,Opening (State),Deferring to County,Testing,Education,Health/Medical,Emergency Level,Transportation,Budget,Social Distancing,Other,Vaccine
5-Mar-20,"Governor Murphy placed restrictions on state-related business travel for state employees. New Jersey suspended all international travel for state employees until further notice. All domestic out-of-state travel on state-related business must be approved by the Governor's Office, including same-day travel.",Y,,,,,,,,,,,
9-Mar-20,"Governor Murphy signed an executive order declaring astate ofemergency and public health emergency.The declaration allows for certain safeguards, such as the prohibition of price increases pursuant to New Jersey's Consumer Fraud Act, as well as the ability to expedite the delivery of goods and services essential for preparedness and response efforts.",,,,,,,Y,,,,,
12-Mar-20,The Governor cancelled all public gatheringswith more than 250 individuals.,Y,,,,,,,,,,,
15-Mar-20,The Governor closed all motor vehicle agencies and road-testing facilities until March 30.,Y,,,,,,,,,,,
15-Mar-20,The Governor requested the federal government open a Special Enrollment Period for New Jersey residents to allow those uninsured or underinsured to enroll in health coverage.,,,,,,,,,,,Y,
16-Mar-20,"The Governor issued closures across the state of restaurants, bars, gyms, and movie theaters, and is limiting restaurants to only delivery and takeout. The Governor also issued a statewide curfew from 8 p.m. to 5 a.m.",Y,,,,,,,,,,,
16-Mar-20,The Governor signed an executive order closing all schools in the state (for an unspecified period of time). The order also provides resources for how districts can continue to provide meals to students and creates a process for virtual learning.,Y,,,,Y,,,,,,,
16-Mar-20,The Governor activated the New Jersey National Guard to assist in state efforts to control the COVID-19 outbreak.,,,,,,,,,,,Y,
16-Mar-20,"The Governors of Connecticut, New York and New Jersey announced a regional approach to combatting the novel coronavirus throughout the tri-state area.",,,,,,,,,,,Y,
17-Mar-20,The Governor announced an administrative order that closes all indoor retail shopping malls and other places of public amusement.,Y,,,,,,,,,,,
17-Mar-20,The Governor sent a letter to the president requesting additional support from the U.S. military and Army Corps of Engineers to assist state efforts in expanding hospitals and intensive care unit capacity.,,,,,,Y,,,,,Y,
18-Mar-20,"The Governor announced new amendments and resources for the states Child Care Subsidy program, which will implement temporary flexible enrollment policies and robust payment policy amendments for families and providers that have been impacted by COVID-19.",,,,,,,,,,,Y,
18-Mar-20,"The Governors of Connecticut, New York and New Jersey announced that the Governor of Pennsylvania is joining their coalition to implement a regional approach to combatting COVID-19.The Governors expanded their previous orders to include: Limiting crowd capacity for social and recreational gatherings to 50 people; Closing restaurants and bars for on premise service and move to take-out and delivery services only; and Temporary closing of movie theaters, gyms, and casinos.",Y,,,,,,,,,,,
18-Mar-20,"The Department of Human Services outlined new actions within the state to support individuals and families with children, older adults, and individuals with disabilities. Actions also include the issuance of guidance for mental health and substance use disorder services.",,,,,,Y,,,,,,
18-Mar-20,The Governor announced new amendments and resources for the New Jerseys Child Care Subsidy Program.,,,,,,,,,,,Y,
18-Mar-20,"The Department of Human Services waived requirements for childcare and cash assistance programs, including: Waiving parent co-pays in the state's childcare subsidy for parents who request it due to impacts from COVID-19; Providing an additional $100 per child per month to childcare providers for children in the State childcare subsidy program to help childcare centers remain open during this critical time to support working parents, emergency and essential personnel; Automatically extending for 60 days WorkFirst New Jersey cash assistance to individuals whose case is up for renewal in March or April; Extending all Emergency Assistance cases through April 30; and Deeming the current state of emergency as a good cause exemption for the work requirements in WorkFirst New Jersey and SNAP and suspending all adverse actions for non-compliance.",,,,,,,,,,,Y,
19-Mar-20,"The Governor signed Executive Order No. 105, which temporarily changes certain election procedures and changes the date of upcoming elections.",,,,,,,,,,,Y,
19-Mar-20,"The Governor announced the opening of a drive-thru community-based testing site, which was established in partnership with FEMA.",,,,Y,,,,,,,,
19-Mar-20,"The Governor signed Assembly Bill No. 3859, declaring a moratorium on removing individuals from their homes due to evictions or foreclosures.",,,,,,,,,,,Y,
19-Mar-20,The Governor announced an administrative order that mandates the indefinite closure of all personal care businesses and social clubs.,Y,,,,,,,,,,,
19-Mar-20,The Governor signed legislation expanding to telehealth services and allowing professional and occupation licensing boards to expedite licensure of out-of-state professionals.,,,,,,Y,,,,,,
20-Mar-20,The Governor announced the waiving of fees for COVID-19 testing for the uninsured.,,,,,,,,,,,Y,
20-Mar-20,The Governor urged the federal government to consider a fiscal stimulus in the form of a direct cash assistance program to combat this public health emergency.,,,,,,,,,,,Y,
20-Mar-20,The Governor announced a new private sector partnership to increase the availability of testing.,,,,Y,,,,,,,,
20-Mar-20,The Department of Banking and Insurance issued a bulletin encouraging entities regulated by the department to work with and assist customers who have been adversely affected by this public health emergency.,,,,,,,,,,,Y,
20-Mar-20,"The Governor signed Assembly Bill 3848, which prohibits an employer, during the ongoing public health emergency, from terminating or refusing to reinstate an employee who has, or is likely to have, an infectious disease which requires the employee to miss time at work.",,,,,,,,,,,Y,
20-Mar-20,"The Governor signed close to a dozen bills and resolutions, which include but are not limited to, requiring school districts to provide meals to students eligible for free or reduced meals, providing extension deadline adoption of county or municipal budgets, and urging the FCC to take temporary measures to secure broadband access.",,,,,,,,,,,Y,
21-Mar-20,"The Governor signed Executive Order No. 107, directing all residents to stay at home until further notice.",Y,,,,,,,,,,,
22-Mar-20,The Governor announced the opening of a Community-Based Testing Site at the PNC Bank Arts Center in Holmdel.,,,,Y,,,,,,,,
22-Mar-20,"The Governor announced departmental actions from the Department of Human Services, Department of Banking and Insurance, Department of Treasury, Department of Health, Department of Children and Family Services and the New Jersey Division of Consumer Affairs to ensure residents have access to telehealth and tele-mental health services to the greatest extent possible.",,,,,,Y,,,,,,
23-Mar-20,"The Governor signed Executive Order No. 109, suspending all elective surgeries and invasive procedures performed on adults.",Y,,,,,,,,,,,
23-Mar-20,The Governors administration sent a letter to commercial laboratory operators directing them to send the reporting of all COVID-19 test results to the Department of Health.,,,,Y,,,,,,,,
23-Mar-20,The Governors announced that the Department of Health issued guidance to health care professionals statewide on how to safely evaluate patients who may have COVID-19 and how to care for them.,,,,,,Y,,,,,,
23-Mar-20,"The Centers for Medicare & Medicaid Services (CMS) approved New Jerseys request for a Section 1135 Medicaid waiver.The approved waiver enables New Jersey to provide flexibilities in Medicaid provider screening and enrollment, forgo certain pre-admission screening and annual resident review assessments, lift prior authorization requirements, allow for reimbursement facility services in alternative settings, and extend fair hearing and appeals timelines.",,,,,,Y,,,,,,
24-Mar-20,The Governor announced the launch of a new online portal to connect New Jersey residents with jobs in critical industries responding to this public health emergency.,,,,,,,,,,,Y,
24-Mar-20,"The Governor announced an Administrative Order, permitting additional retail businesses, such as mobile phone retailers, livestock feed stores, and garden centers, to operate during their normal business hours.",,Y,,,,,,,,,,
25-Mar-20,The Governor signed Executive Order No. 110 directing all child care centers in New Jersey to solely serve as emergency child care centers for the children of essential workers.,,,,,,,,,,,Y,
25-Mar-20,"The Governor signed S2304, which expands the State's Temporary Disability Insurance and Family Leave Insurance programs to provide more workers with access to paid leave benefits during public health emergencies.",,,,,,,,,,,Y,
26-Mar-20,The Governor announced that the President has issued a Major Disaster Declaration for the state which will provide federal assistance to supplement statewide recovery efforts.,,,,,,,,,,,Y,
26-Mar-20,"The Governor and New Jersey Economic Development Authority approved a suite of new programs designed to support businesses and workers facing economic hardship, such as a grant program for small businesses, a zero-interest loan program for mid-size companies, support for private-sector lenders and Community Development Finance Institutions, funding for entrepreneurs, and a variety of resources providing technical support and marketplace information.",,,,,,,,,,,Y,
26-Mar-20,The Governor announced a new state website for reporting personal protective equipment as well as the donation process.,,,,,,Y,,,,,,
27-Mar-20,The Governor and Human Services Department announced a $70 million supplemental payment that allows residents who receive food assistance through SNAP to receive extra benefit payments.,,,,,,,,,,,Y,
28-Mar-20,"The Governor announced a $140 million pre-payment to health care providers to support preparations for the public health emergency, and announced that the New Jersey Health Care Facilities Financing Authority has launched a $6 million emergency loan program to assist New Jerseys health care organizations.",,,,,,Y,,,,,,
28-Mar-20,"The Governor announced that financial institutions will provide mortgage forbearance, such as a 90-day grace period for mortgage payments, and financial protections, such as a moratorium on initiating foreclosure sales or evictions, for residents facing economic hardship.",,,,,,,,,,,Y,
28-Mar-20,"The Governor signed Executive Order No. 111, directing health care facilities to report daily data concerning their capacity and supplies to the New Jersey Office of Emergency Management.",,,,,,Y,,,,,,
30-Mar-20,"The Governors Administration announced the formation of a joint federal-state task force to investigate and prosecute a wide range of misconduct arising from the pandemic, including the unlawful hoarding of medical supplies, price gouging, charity scams, procurement fraud, insurance fraud, phishing schemes, and false and misleading investment opportunities.",,,,,,,,,,,Y,
30-Mar-20," In an effort to address concerns of potential drug shortages caused by the inappropriate prescribing and hoarding of drugs that have touted as potential treatments, the Governors Administration announced a statewide restriction for prescribing and dispensing those medications.",,,,,,Y,,,,,,
30-Mar-20,The Division of Consumer Affairs announced that they are allowing supervising nurses to conduct required plan-of-care evaluations by phone or video-chat instead of in person for the elderly and fragile populations.,,,,,,Y,,,,,,
31-Mar-20,"The Department of Labor and Workforce Development urged employers to keep employees on the payroll throughout the pandemic and to take advantage of a 100 percent, dollar for dollar, payroll tax credit provided under the Families First Coronavirus Response Act.",,,,,,,,,,,Y,
1-Apr-20,"The Governor signed Executive Order No. 112, which authorizes the Division of Consumer Affairs to temporarily reactivate the licenses of recently retired health care professionals and grant temporary licenses to doctors licensed in foreign countries.The order also temporarily permits certain health care professionals to perform acts outside of their ordinary scope of practice and grants broad civil immunity to health care professionals and facilities providing services.",,,,,,Y,,,,,,
2-Apr-20,The Governor's Administration issued guidance for the Emergency Child Care Assistance Program for children of workers designated as essential under Governor Murphys Executive Order 110.,,,,,,,,,,,Y,
2-Apr-20,"The Governor signed Executive Order No. 113, authorizing the New Jersey State Director of Emergency Management to use the Governor's full authority under the Disaster Control Act to commandeer personal services and/or real or personal property, including personal protective equipment from private companies and institutions.",,,,,,,,,,,Y,
4-Apr-20,The Governor announced an Administrative Order allowing municipalities and counties to impose additional restrictions on short-term rentals. ,,,Y,,,,,,,,,
6-Apr-20,"The Governor signed Executive Order No. 115, which allows retirees to return to state and local government employment without impacting their retirement pensions and removes restrictions on law enforcements ability to temporarily supplement their ranks. ",,,,,,,,,,,Y,
7-Apr-20,"The Governor signed Executive Order No. 117, which waives 2019-2020 statutory school year assessment requirements for eighth grade students and twelfth grade students who have not yet met the graduation assessment requirement due to this public health emergency. ",,,,,Y,,,,,,,
7-Apr-20,"The Governor announced Executive Order 118, closing all state parks and forests and county parks to further social distancing measures.",Y,,,,,,,,,,,
7-Apr-20,"The Governor signed Executive Order No. 119, which extends the Public Health Emergency for another 30 days. ",Y,,,,,,,,,,,
8-Apr-20,"The Governor signed Executive Order No. 120,  postponing primary elections on June 2nd to July 7th.      ",,,,,,,,,,,Y,
8-Apr-20,"The Governor signed Executive Order No. 121, allowing an increase in the maximum weight limit on certain interstate highways and toll roads for vehicles transporting relief supplies. ",,,,,,,,,,,Y,
8-Apr-20,"The Governor signed Executive Order No. 122, ceasing all non-essential construction projects and imposing additional mitigation requirements on essential retail businesses and essential industries to limit the spread.The order also outlines specific protections and policies for all essential retail, manufacturing, and warehousing businesses, as well as businesses engaged in essential construction projects. ",Y,,,,,,,,,,,
9-Apr-20,"The Governor signed Executive Order No. 123, which extends grace periods during which certain insurance companies, including health insurers, life insurers, and property and casualty insurers, will not be able to cancel policies for nonpayment of premiums. ",,,,,,,,,,,Y,
10-Apr-20,"The Governor signed Executive Order No. 124, establishing a process by which the Department of Corrections may grant temporary reprieve to certain at-risk inmates during the public health emergency",,,,,,,,,,,Y,
11-Apr-20,"The Governor announced that FEMA has approved the states request to use emergency, non-congregate sheltering for individuals impacted by COVID-19 that do not have the means or ability to isolate themselves.",,,,,,,,,,,Y,
11-Apr-20,"The Governor signed Executive Order No. 125, imposing additional mitigation requirements on NJ TRANSIT and all private carriers to limit the spread. ",,,,,,,,,,,Y,
13-Apr-20,"The Governor, along with Governors from Massachusetts, New York, Connecticut, Pennsylvania, Delaware and Rhode Island announced the creation of a multi-state council to restore the economy and get people back to work. ",,,,,,,,,,,Y,
13-Apr-20,"The Governor signed Executive Order No. 126, prohibiting cable and telecommunications providers from terminating Internet and voice service due to nonpayment until 30 days after the current public health emergency has ended. ",,,,,,,,,,,Y,
13-Apr-20," In an effort to increase blood donations during the public health emergency, the Governor's Administration signed on with a national coalition of lieutenant governors urging the U.S. Food and Drug Administration to lift the discriminatory 3-month waiting period that gay, bisexual, queer and transgender men must adhere to before donating blood.",,,,,,Y,,,,,,
14-Apr-20,The Department of Labor and Workforce Development announced that they have made a series of moves from upgrading computer technology to adding personnel and boosting phone capacity to get unemployment claims processed faster. ,,,,,,,,,,,Y,
14-Apr-20,The Governor signed legislation which expands protections of the Family Leave Act to allow employees forced to take time off to care for a family member during the COVID-19 outbreak with up to 12 weeks of unpaid family leave in a 24-month period without losing their jobs,,,,,,,,,,,Y,
14-Apr-20,"The Governor signed the following bills into law which: Permits professional and occupational licensing boards to reactivate licensure of certain individuals during state of emergency or public health emergency. Allows remote notarial acts during Public Health Emergency and State of Emergency declared by Governor in Executive Order 103 of 2020. Permits use of virtual or remote instruction to meet minimum 180-day school year requirement under certain circumstances. Provides civil and criminal immunity to certain health care professionals and health care facilities during public health emergency and state of emergency.Permits nonprofit corporations to allow members to participate in meetings by means of remote communication, and permits nonprofit corporations to hold meetings in part or solely by means of remote communication during state of emergency. Changes date of 2020 primary election from June 2 to July 7. ",,,,,,Y,,,,,,
16-Apr-20,The Governor announced that the Housing and Mortgage Finance Agency has unanimously voted to suspend rent increases at all eligible properties. ,,,,,,,,,,,Y,
17-Apr-20,The Governor announced that physicians who are licensed in another country but living in the United States can now apply for a temporary emergency license to practice medicine in New Jersey. ,,,,,,Y,,,,,,
18-Apr-20,"The Governor, along with New York Governor Cuomo and Connecticut Governor Lamont, announced that marinas, boatyards and marine manufacturers will be allowed open for personal use as long as strict social distancing and sanitization protocols are followed. ",,Y,,,,,,,,,,
19-Apr-20,"The Governor, along with the governors of Connecticut, New York, Massachusetts, Rhode Island, Pennsylvania and Delaware, announced their appointees that will serve on the multi-state, regional council to restore the economy and get people back to work.The appointees include a health expert, an economic development expert and the respective chief of staff from each state.",,,,,,,,,,,Y,
20-Apr-20,"The Governor announced that United Airlines and Delta Airlines, in conjunction with the New Jersey Department of Health, are offering free round-trip flights to health care workers traveling to New Jersey to help the states efforts to fight the virus.",,,,,,Y,,,,,,
21-Apr-20,The Governor announced that the state has secured relief options with private student loan servicers to expand on the protections the federal government granted to federal student loan borrowers. ,,,,,,,,,,,Y,
21-Apr-20,The Governors administration and New Jersey Infrastructure Bank implemented a backstop municipal bond note program designed to help mitigate financial impacts to municipalities during the state of emergency. ,,,,,,,,,,,Y,
22-Apr-20,"The Governor signed legislation which requires hospitals to report demographic data to the Department of Health. In conjunction with this signing, the COVID-19 Information Hub has been updated with preliminary racial data that has already been collected.",,,,,,Y,,,,,Y,
24-Apr-20,"The Governors Administration reported on how the New Jersey Office of Homeland Security and Preparedness is leading the states efforts to combat COVID-19 disinformation, rumors, and scams. ",,,,,,,,,,,Y,
24-Apr-20,"The Governor signed Executive Order No. 128, allowing tenants to direct their landlords to use their security deposits to offset rent or back rent.",,,,,,,,,,,Y,
24-Apr-20,"The Governor announced an Administrative Order protecting access to hotels and motels for individuals without safe, permanent housing.",,,,,,,,,,,Y,
27-Apr-20,"The Governor announced his vision, The Road Back: Restoring Economic Health Through Public Health, to restart New Jersey and put the state on the road to recovery.",,,,,,,,,,,Y,
27-Apr-20,"The Governor signed Executive Order No. 129, which extends Retired Officer Carry Permits by a period of 90 days until after the ongoing Public Health Emergency ends. ",,,,,,,,,,,Y,
27-Apr-20,The Governor announced an Administrative Order clarifying which businesses are permitted to operate and ways in which certain businesses may operate in accordance with Executive Order 107. ,,,,,,,,,,,Y,
28-Apr-20,"The Governor signed Executive Order No. 130, which allows municipalities to extend the grace period for property tax payments. ",,,,,,,,,,,Y,
28-Apr-20,The Governor signed an Executive order creating the Governors Restart and Recovery Commission charged with advising the administration on the timing and preparation for the states recovery plan. ,,,,,,,,,,,Y,
29-Apr-20,"The Governor signed Executive Order No. 132, allowing county and municipal clerks to accept initiative and referendum petitions electronically, and allowing signatures for these petitions to be collected electronically",,,,,,,,,,,Y,
29-Apr-20,"The Governor signed Executive Order No. 133, reopening state parks and golf courses, and restoring the authority of county governments to determine whether county parks will be open or closed.",,Y,,,,,,,,,,
30-Apr-20,The Governor announced that the New Jersey Office of Emergency Management has secured the Battelle Critical Care Decontamination System to decontaminate N95 respirators. ,,,,,,Y,,,,,,
30-Apr-20,The Governor's Administration announced testing will be available for NJ TRANSIT employees in East Rutherford. ,,,,Y,,,,,,,,
1-May-20,"The Governor announced plans to provide COVID-19 tests to staff, inmates, and residents on-site at each of NJDOCs facilities and halfway houses.",,,,Y,,,,,,,,
1-May-20,"The Governor's Administration announced new funding to help support residents' health and well-being through funding for food assistance, emergency childcare services, and support to individuals with intellectual and development disabilities. ",,,,,,Y,,,,,Y,
1-May-20,"The Governor signed Executive Order No. 135, suspending in-person requirements for receipt of a marriage license and marriage ceremonies, and for the receipt of working papers for minors.",,,,,,,,,,,Y,
2-May-20,The Governor announced an Administrative Order declaring construction of new religious facilities or involving existing religious facilities to be essential construction projects.,,,,,,,,,,,Y,
2-May-20,"The Governor signed Executive Order No. 136, extending statutory deadlines required under environmental laws during a public health emergency, which suspends timeframes for certain permit decisions and reporting, and will ensure greater opportunities for public engagement. ",,,,,,,,,,,Y,
3-May-20,"The Governor, in partnership with other states in the Northeast Pact, announced a joint multi-state agreement to develop a regional supply chain for personal protective equipment, other medical equipment and testing.",,,,,,Y,,,,,,
4-May-20,The Governor announced that statewide school closures will be extended through the end of the 2019-2020 academic year. ,Y,,,,,Y,,,,,,
4-May-20,"The Governor signed Executive Order No. 137, rescinding Executive Order No. 73, created in 2019, which directed the Department of the Treasury to achieve a $1.276 billion surplus by the end of this current fiscal year.",,,,,,,,,,,Y,
4-May-20,"The Governor signed A1104, the Hunger Free Students Bill of Rights Act, which seeks to prevent school districts from taking adverse action, such as denial of meals or public identification measures, against students who have school meal bills that are in arrears.",,,,,Y,,,,,,,
5-May-20,"The Governor announced that recent graduates of nursing, physician assistant, pharmacy, and respiratory care therapy programs who have not yet been able to take and pass their licensing exams will be granted temporary emergency licenses.",,,,,,Y,,,,,,
6-May-20,The Governor announced that New Jersey has engaged a team of experts to conduct a rapid review of the states 575 long-term care facilities to mitigate the impact of COVID-19 and reduce impacts of future outbreaks.,,,,,,Y,,,,,,
6-May-20,The Governor signed Executive Order No. 138 which extends the Public Health Emergency for 30 days unless renewed.,Y,,,,,,,,,,,
6-May-20,The Governor announced an Administrative Order clarifying recreational and entertainment activities.,,,,,,,,,,,Y,
8-May-20,The Governor announced expanded testing at two current testing centers.,,,,Y,,,,,,,,
8-May-20,"The Governor announced the formation of the Restart and Recovery Advisory Council, a statewide council of leaders to advise on New Jerseys restart and recovery from the pandemic.",,,,,,,,,,,Y,
9-May-20,The Governor announced two new American Red Cross convalescent plasma collection sites.,,,,,,Y,,,,,,
11-May-20,"The Governors Administration announced that the state received $31 million from the second round of Community Development Block Grant funding, allowing the state torespond to public health, housing, and economic disruption needs that have arisen as a result of the pandemic.",,,,,,,,,,,Y,
12-May-20,"The Governor announced a comprehensive strategy to expand testing capacity, to increase capacity to 20,000 tests per day, and implement a robust contact tracing program.",,,,Y,,,,,,,,
13-May-20,"The Governor announced departmental actions from the Department of Banking and Insurance, Department of Health, Department of Human Services, and Department of Treasury to increase insurance coverage to cover expanded testing access and related services for COVID-19.",,,,,,,,,,,Y,
13-May-20,"The Governors Administration announced that the Casino Reinvestment Development Authority approved an additional $300,000 in funding support for various food services in Atlantic City in response to the pandemic.",,,,,,,,,,,Y,
14-May-20,"The Governor signed Executive Order No. 143, allowing beaches, boardwalks, lakes, and lakeshores to remain open with social distancing measures in place.",,Y,,,,,,,,Y,,
15-May-20,The Governor signed legislation to provide relief for students enrolled in various state higher education financial aid programs and address the unique circumstances brought on by the COVID-19 pandemic.,,,,,,,,,,,Y,
15-May-20,The Governor signed legislation authorizing the sale and delivery of alcoholic beverages by certain license and permit holders for takeout and delivery.,,,,,,,,,,,Y,
15-May-20,The Governor signed an Executive Order to create a modified vote-by-mail election for the July 7th Primary.,,,,,,,,,,,Y,
15-May-20,"The Governor signed Executive Order No. 145, allowing elective surgeries and invasive procedures, both medical and dental, to resume on May 26.",,Y,,,,,,,,,,
16-May-20,"The Governor signed Executive Order No. 146, which allows charter fishing services and for-hire vessel activities, as well as watercraft rental businesses, to open with required social distancing measures.",,Y,,,,,,,,,,
16-May-20,The Governor announced that NJ TRANSIT has been awarded $1.4 billion in federal aid through the CARES Act funding.,,,,,,,,,,,Y,
18-May-20,"The Governor unveiled a multi-stage approach to execute a responsible and strategic economic reopening for the state of New Jersey.The plan is methodical, assessing the reopening of businesses and activities based on the level of disease transmission and essential classification.",,,,,,,,,,,Y,
18-May-20,"The Governor signed Executive Order No. 147, allowing certain outdoor activities at recreational businesses, including archery ranges, batting cages, golf driving ranges, horseback riding, shooting ranges, and tennis clubs as well as community gardens to open with required social distancing measures in place.",,Y,,,,,,,,,,
19-May-20,The Governor's Administration announced that the Division of Consumer Affairs has authorized licensed New Jersey pharmacists to widely administer COVID-19 tests to customers.,,,,Y,,,,,,,,
19-May-20,The Department of Health issued guidelines on the conditions for hospitals and ambulatory surgery centers to begin resuming elective surgeries.,,,,,,Y,,,,,,
19-May-20,"The Governor announced an Administrative Order authorizing in-person sales to resume at car dealerships, motorcycle dealerships, boat dealerships, and bike shops, by appointment only and with social distancing measures in place.",,Y,,,,,,,,,,
20-May-20,"The Governor announced that seven Walmart stores across New Jersey will open COVID-19 drive-thru testing sites beginning on May 22.The testing sites will test adults who meet federal guidelines and state and local criteria on who should be tested, including first responders, health care providers, and others with symptoms.",,,,Y,,,,,,,,
20-May-20,The Governor announced that residents enrolled in the states Supplemental Nutrition Assistance Program will be able to use their benefits to order groceries online starting next week.,,,,,,,,,,,Y,
21-May-20,"The Departments of Health, Agriculture, and Labor and Workforce Development issued guidance on working conditions as well as testing/treatment procedures to assist agricultural businesses and farm workers in minimizing the risk and potential exposureto COVID-19.",,,,,,,,,,,Y,
22-May-20,"The Governor signed Executive Order No. 148, increasing the limit on outdoor gatherings from 10 to 25 people and allowing recreational campgrounds to reopen with social distancing measures in place.",,Y,,,,,,,,,,
22-May-20,"The Department of the Treasury delivered a budget update to the Legislature, providing a detailed revenue report that illustrates the devastating impact the pandemic has had on New Jerseys finances, and laid out plans to close the looming gap for the remainder of the extended fiscal year through a series of deep cuts and spending deferrals.",,,,,,,,,,,Y,
22-May-20,The Governor's Administration launched the PPE Supplier Registry to connect suppliers of personal protective equipment that can prevent the spread of COVID-19 with potential buyers.,,,,,,Y,,,,,,
22-May-20,"Through funding from the U.S. Department of Education's Governors Emergency Education Relief, the Governor announced that a total of $68.8 million will be available to the states public colleges and universities to help them continue providing education services to students during the pandemic.",,,,,Y,,,,,,,
26-May-20,The Governor announced that the New Jersey Department of Education and the Office of the Secretary of Higher Education will issue updated guidance allowing school districts and colleges/universities to hold modified in-person graduation ceremonies beginning on July 6.,,,,,Y,,,,,,,
27-May-20,The Governor Office of the Secretary of Higher Education published graduation guidance for institutions of higher education that outline considerations for drive-in/drive-through and modified in-person graduation ceremonies beginning on July 6.,,Y,,,Y,,,,,,,
28-May-20,The Governor signed legislation which temporarily extends the deadline to file a property tax appeal to July 1 and the deadline for county boards of taxation to render decisions in tax appeal cases to September 30.,,,,,,,,,,,Y,
1-Jun-20,"The Governor announced that New Jersey will enter Stage Two on June 15 which include outdoor dining for restaurants and indoor, non-essential retail.",,Y,,,,,,,,,,
3-Jun-20,The Governor announced a series of recommendations and actions from Manatt Health's rapid review of New Jerseys long-term care facilities to address systemic challenges in long-term care and mitigate the impact of COVID-19 and reduce impacts of future outbreaks.,,,,,,,,,,,Y,
3-Jun-20,"The Governor signed Executive Order No. 150, permitting outdoor dining starting on Monday, June 15th, with an accompanying Executive Directive from the New Jersey Department of Health that lays out health and safety standards that food or beverage establishments are required to follow. He also announced a special ruling by the New Jersey Division of Alcoholic Beverage Control creating a pathway for liquor license holders to expand the premises on which they may serve alcohol.",,Y,,,,,,,,,,
8-Jun-20,The Department of Health issued COVID-19 health and safety guidelines for summer youth camps.,,,,,,,,,,,Y,
9-Jun-20,The Governor signed two executive orders 1) raising limits on outdoor and indoor gatherings and 2) opening pools effective June 22 and additional outdoor recreational businesses effective immediately.,,Y,,,,,,,,,,
13-Jun-20,"The Governor signed Executive Order No. 154, allowing personal care service facilities to reopen to the public on June 22.",,Y,,,,,,,,,,
14-Jun-20,The Governor announced an Administrative Order which permits libraries to allow curbside pickup.,,Y,,,,,,,,,,
15-Jun-20,The Department of Health issued guidance on health and safety protocols for outdoor organized sports activities.,,,,,,,,,,,Y,
19-Jun-20,The Governor’s Administration announced that residents of long-term care facilities will be able to have outdoor visits with loved ones in designated outdoor spaces starting June 21.,,Y,,,,,,,,,,
22-Jun-20,"First Lady Tammy Murphy announced her plans to continue supporting New Jersey’s COVID-19 volunteer efforts, by traveling throughout New Jersey to provide support and highlight critical non-profits in communities across the state.",,,,,,,,,,,Y,
22-Jun-20,"The Governor announced that indoor gatherings are now limited to 25% capacity of the rooms in which they will take place, with a maximum of 100 persons. Outdoor gatherings are now limited to 250 persons, with no limits on outdoor religious services or political activities.",,Y,,,,,,,,,,
24-Jun-20,"The Governor, along with those from Connecticut and New York announced joint incoming travel advisory that all individuals traveling from states with significant community spread to quarantine for a 14-day period from the time of last contact within the identified state.",Y,,,,,,,,,,,
29-Jun-20," The Governor signed Executive Order No. 158, temporarily pausing the resumption of indoor dining and prohibits the consumption of food or beverages and smoking in the indoor premises of any retail, recreational, or entertainment business, including casinos, where masks are strictly required.",Y,,,,,,,,,,,
2-Jul-20,The Governor signed Executive Order No. 162. The Order extends the Public Health Emergency.,,,,,,,,,,,Y,
7-Jul-20,"The Governor advised individuals traveling to New Jersey from three additional states (Delaware, Kansas, and Oklahoma) with significant community spread of COVID-19 to quarantine for a 14-day period from the time of last contact within the identified state.  ",Y,,,,,,,,,,,
8-Jul-20,"The Governor signed Executive Order No. 163, which requires individuals to wear face coverings in outdoor public spaces when it is not practicable to socially distance and keep a six-foot distance from others.  ",Y,,,,,,,,,,,
9-Jul-20, The Governor announced that he will direct $20 million from the Coronavirus Relief Fund to support New Jersey food banks.,,,,,,,,,,,Y,
13-Jul-20," The Governor signed Executive Order No. 165, which lifts 50 percent capacity limits on NJ TRANSIT and private-carrier buses, trains, light rail vehicles, and now requires that NJ TRANSIT and private-carriers limit vehicles to the maximum seated capacity.",Y,,,,,,,Y,,,,
14-Jul-20,"The Governor advised individuals traveling to New Jersey from states with significant community spread to quarantine for a 14-day period from the time of last contact within the identified state. The updated advisory includes four more states – Minnesota, New Mexico, Ohio, and Wisconsin – and removed Delaware from the list.",Y,,,,,,,,,,,
14-Jul-20,"The Governor convened the first meeting of the Atlantic City Restart and Recovery Working Group which will examine the post-COVID-19 recovery of Atlantic City, including continued efforts for citywide economic diversification, workforce development, and improved public health.",,,,,,,,,,,Y,
17-Jul-20,"Governor signed Executive Order No. 166, which establishes the Governor’s Disaster Recovery Office and COVID-19 Compliance and Oversight Task Force, to ensure greater oversight and accountability in the state’s administration of federal COVID-19 resources.",,,,,,,,,,,Y,
20-Jul-20,"The Governor signed Executive Order No. 168, allowing the resumption of contact practices and competitions in outdoor settings for organized sports defined as “high risk” by the New Jersey Department of Health’s “Guidance for Sports Activities.”",,Y,,,,,,,,,,
24-Jul-20, The New Jersey Department of Education issued clarifying guidance to allow parents to select fulltime remote learning for their children in the 2020-2021 school year.,,,,,Y,,,,,,Y,
28-Jul-20,"The Governor advised individuals traveling to New Jersey from additional states with significant community spread of COVID-19 to quarantine for a 14-day period from the time of last contact within the identified state. In addition to the District of Columbia and Puerto Rico, the updated advisory includes 3 additional states - Illinois, Kentucky, and Minnesota, bringing the total to 36 states and territories.",Y,,,,,,,,,,,
1-Aug-20,Governor Murphy signed Executive Order extending public health emergency in New Jersey,,,,,,,Y,,,,,
3-Aug-20,Governor Murphy announced decreased indoor gathering capacity limit,Y,,,,,,,,,Y,,
7-Aug-20,Governor Murphy and Lieutenant Governor Oliver announced emergency grant funding program to assist small landlords and tenants,,,,,,,,,,,Y,
7-Aug-20,New Jersey Department of Health launched Contact Tracing Dashboard,,,,,,,,,,,Y,
10-Aug-20,"Murphy Administration announced $155 million in additional funding to ensure health, safety and quality in long-term care facilities",,,,,,,,,Y,,Y,
10-Aug-20,Governor Murphy and Superintendent Callahan announced administrative order authorizing reopening of computer labs at colleges and universities,,Y,,,Y,,,,,,,
11-Aug-20,The Governor announced an updated Quarantine Advisory issued for individuals traveling to New Jersey,,,,,,,,Y,,,Y,
13-Aug-20,Murphy Administration to open New Jersey’s schools for in-person instruction subject to critical health and safety protocols,,Y,,,Y,,,,,,,
18-Aug-20,The Governor announced an updated Quarantine Advisory issued for individuals traveling to New Jersey,,,,,,,,Y,,,,
20-Aug-20,Governor Murphy announced $37 million in funding for counties to combat COVID-19,,,Y,,,,,,Y,,,
27-Aug-20,Governor Murphy signed Executive Order extending public health emergency in New Jersey,,,,,,,Y,,,,,
27-Aug-20,Governor Murphy sgned Executive Order allowing gyms and indoor amusement and water parks to reopen,,Y,,,,,,,,,,
28-Aug-20,Governor Murphy announced Child Care Initiative from Coronavirus Relief Fund to support working families,,,,,,,,,,,Y,
31-Aug-20,Governor Murphy signed legislation authorizing municipalities and counties to issue Coronavirus Relief Bonds,,,Y,,,,,,Y,,,
1-Sep-20,Governor Murphy signed Executive Order allowing the resumption of indoor dining,,Y,,,,,,,,,,
1-Sep-20,The Governor announced an updated Quarantine Advisory issued for individuals traveling to New Jersey,,,,,,,,Y,,,Y,
2-Sep-20,Sheltered workshop programs to reopen statewide,,Y,,,,,,,,,,
8-Sep-20,"Governor Murphy and Superintendent Callahan announced administrative order clarifying that health club facilities located in hotels, motels, condominiums, cooperatives, corporate pffices, and other businesses can open",,Y,,,,,,,,,,
15-Sep-20,The Governor announced an updated Quarantine Advisory issued for individuals traveling to New Jersey,,,,,,,,Y,,,,
16-Sep-20,Governor Murphy signed legislative package to strengthen the resiliency and preparedness of New Jersey’s long-term care industry,,,,,,,,,Y,,Y,
22-Sep-20,"The Governor updated the Quarantine Advisory issued for individuals traveling to New Jersey, bringing new total to 35 States and Territories",,,,,,,,Y,,,,
25-Sep-20,Governor Murphy signed an Executive Order extending public health emergency in New Jersey,,,,,,,Y,,,,,
29-Sep-20,"The Governor updated the Quarantine Advisory issued for individuals traveling to New Jersey, bringing down new total to 34 States and Territories",,,,,,,,Y,,,,
1-Oct-20,Governor Phil Murphy and New York Governor Andrew M. Cuomo announced the launch of COVID-19 exposure notification mobile apps in their respective states that will serve as crucial tools to supplement the effort to trace and contact individuals subject to a COVID exposure. ,,,,,,,,,,,Y,
9-Oct-20,Governor Murphy announced $60 million in Coronavirus Emergency Relief Funds for counties and local governments,,,,,,,,,Y,,,
13-Oct-20,"Updated Quarantine Advisory Issued for Individuals Traveling to New Jersey, Bringing New Total to 38 States and Territories",,,,,,,,Y,,,,
13-Oct-20,"Governor Murphy, Lieutenant Governor Oliver, Legislative Leadership, and Congressional Representatives announced additional $100 million for COVID-19 economic recovery",,,,,,,,,Y,,Y,
13-Oct-20,Governor Murphy signed an Executive Order allowing the resumption of contact practices and competitions for certain organized sports in indoor settings,,Y,,,,,,,,,,
19-Oct-20,Governor Murphy signed legislation requiring public health emergency credits to be awarded to certain inmates and parolees during a public health emergency,,,,,,,,,,,Y,
20-Oct-20,"Updated Quarantine Advisory issued for individuals traveling to New Jersey, bringing new total to 39 states and territories",,,,,,,,Y,,,,
22-Oct-20,"Governor Murphy, Congressman Norcross announced new workforce development programs from Coronavirus Relief Fund",,,,,,,,,,,Y,
23-Oct-20,Governor Murphy signed legislation requiring reforms to long-term care industry,,,,,,Y,,,,,,
24-Oct-20,Governor Murphy signed Executive Order extending Public Health Emergency in New Jersey,,,,,,,Y,,,,,
26-Oct-20,Governor Murphy and Department of Health Commissioner Judy Persichilli announced New Jersey’s COVID -19 Vaccination Plan,,,,,,,,,,,Y,
27-Oct-20,"Updated Quarantine Advisory issued for individuals traveling to New Jersey, bringing new total to 41 States and Territories",,,,,,,,Y,,,,
28-Oct-20,Governor Murphy signed Executive Order to protect New Jersey’s workforce during the COVID-19 Pandemic,,,,,,,,,,,Y,
31-Oct-20,"Governor Phil Murphy and Superintendent of the State Police Colonel Patrick Callahan announced an Administrative Order clarifying restrictions on professional and college athletic competitions, indoor mall services, self-service food and drink, and private tutoring facilities",,Y,,,,,,,,,,
4-Nov-20,"Updated Quarantine Advisory issued for individuals traveling to New Jersey, bringing new total to 43 states and territories",,,,,,,,Y,,,,
10-Nov-20,"Updated Quarantine Advisory issued for individuals traveling to New Jersey, bringing new total to 45 states and territories",,,,,,,,Y,,,,
10-Nov-20,"Governor Phil Murphy signed Executive Order No. 194, which includes new COVID-19 mitigation measures. The measures include restrictions on seating and hours for restaurants, bars, clubs, and lounges, and prohibition of interstate indoor K-12 and youth sports.",Y,,,,,,,,,,,
11-Nov-20,Governor Murphy announced additional $60 million to fulfill pipeline of small business grant applications,,,,,,,,,,,Y,
17-Nov-20,"Updated Quarantine Advisory issued for individuals traveling to New Jersey, bringing new total to 46 states and territories",,,,,,,,Y,,,,
17-Nov-20,"New Jersey Department of Health issued new guidance protocols for long-term care facilities and holiday visitation which provides measures for residents who leave the facility for a holiday gathering, including a 14-day quarantine at the conclusion of their visit",Y,,,,,,,,,,,
17-Nov-20,"Governor Murphy signed an Executive Order lowering limits on indoor and outdoor gatherings. The limit for weddings, funerals, memorial services and religious and political activities will will remain to 25% capacity. Weddings, funerals, memorial services, and religious and political activities are not subject to the outdoor gatherings limit. All other types of gatherings, such as a high school football game or an outdoor concert, will be limited to 150 individuals.",Y,,,,,,,,,,,
18-Nov-20,The Regional Coalition of Northeast Governors announced they will encourage residential colleges and universities in their respective states to provide testing for all students traveling home for Thanksgiving break to the maximum extent possible before they leave campus,,,,Y,Y,,,,,,,
21-Nov-20,Governor Phil Murphy signed Executive Order No. 200. The Order extends the Public Health Emergency and extends all actions taken by any Executive Branch departments and agencies in response to the Public Health Emergency presented by the COVID-19 outbreak,Y,,,,,,Y,,,,,
25-Nov-20,"Governor Phil Murphy annouces travel precautions. New Jersey will no longer utilize previously outlined metrics to inform its travel advisory. Travelers and residents returning from any U.S. state or territory beyond the immediate region (New York, Connecticut, Pennsylvania, and Delaware) should self-quarantine at their home, hotel, or other temporary lodging for the CDC recommended period, which is currently 14 days. ",,,,,,,,Y,,,,
1-Dec-20,Governor Murphy Signs Executive Order Pausing Indoor Practices and Competitions for Youth and Adult Sports and Lowering Limits on Outdoor Gatherings,Y,,,,,,,,,Y,,
5-Dec-20,Governor Murphy Signs Executive Order Enrolling Residents Who Choose to Receive a COVID-19 Vaccine in the New Jersey Immunization Information System,,,,,,,,,,,,Y
15-Dec-20,COVID-19 Vaccinations for Health Care Personnel to Begin in Hospitals Across New Jersey,,,,,,,,,,,,Y
18-Dec-20,N.J. Health Department Announces Mega Sites As Part of Overall Statewide COVID-19 Vaccine Planning Effort,,,,,,,,,,,,Y
24-Dec-20,Governor Murphy announced new testing requirements for United customers with flights originating in the U.K.,,,,Y,,,,Y,,,,
31-Dec-20,"Governor Murphy and Superintendent of the State Police Colonel Patrick Callahan today announced Administrative Order 2020-25, which clarifies that indoor sports practices and competitions are subject to current indoor gathering limits, which was most recently set at 10 persons.",,,,,,,,,,Y,,
4-Jan-21,"Governor Murphy signs A-4525/S-3128 which expands  opportunities for restaurants, bars, distilleries and breweries to provide outdoor dining and permits certain farms to adjust operations in response to COVID-19 public health emergency.",,Y,,,,,,,,Y,Y,
8-Jan-21,Governor Murphy Marks Start of COVID-19 Vaccination Effort for Sworn Law Enforcement and Fire Professionals,,,,,,,,,,,,Y
15-Jan-21,Governor Chris Sununu issued two emergency orders as part of the state's efforts to combat COVID-19 which extended the statewide mask mandate through March 26 and extended Emergency Order #53 which provided travel guidance,,,,,,,Y,Y,,,Y,
19-Jan-21,"Governor Murphy signed Executive Order No. 215. The Order extends the Public Health Emergency that was declared on March 9, 2020 through Executive Order No. 103, which was previously extended in 2020 on April 7, May 6, June 4, July 2, August 1, August 27, September 25, October 24, November 21, and December 21. Under the Emergency Health Powers Act, a declared public health emergency expires after 30 days unless renewed.",Y,,,,,,Y,,,,,
28-Jan-21,"Governor Phil Murphy announced the State is extending the health insurance enrollment period for uninsured residents to sign up for coverage through Get Covered New Jersey, the state's official health insurance marketplace, in response to the coronavirus pandemic.",,,,,,Y,,,,,,
29-Jan-21,"Governor Phil Murphy announced an extension of the suspension of interstate youth hockey competitions for public and private schools and youth hockey leagues through at least March 31, 2021.",,,,,Y,,,,,Y,,
3-Feb-21,"Governor Phil Murphy signed Executive Order No. 219, which increases indoor capacity limits from 25 percent to 35 percent for several businesses, including food and beverage establishments and entertainment and recreational businesses, effective Friday, February 5 at 8:00 a.m. The Executive Order also lifts the 10:00 p.m. curfew for in-person indoor restaurant service, however local officials may continue to regulate the hours of operation of indoor restaurant service and indoor operations of other non-essential businesses after 8:00 p.m., as they have been able to since November 12. The prohibition on seating at indoor bar areas remains in effect.",,Y,,,,,,,,,,
5-Feb-21,"Governor Phil Murphy signed legislation that will expand opportunities for outdoor dining in New Jersey. The bill (S3340) sets forth a framework for municipalities to allow restaurants, bars, distilleries, and breweries to utilize outdoor spaces or public sidewalks as extensions of their business premises.",,Y,,,,,,,,,,
12-Feb-21,Governor Murphy Announces Executive Order Allowing Limited Spectators at Youth Sporting Events,,,,,,,,,,Y,,
12-Feb-21,Governor Murphy Announces Community-Based Vaccination Partnership for Underserved Communities,,,,,,,,,,,,Y
17-Feb-21,Governor Murphy Signs Executive Order Extending Public Health Emergency in New Jersey,,,,,,,Y,,,,,
22-Feb-21,"Governor Murphy Announces Executive Order No. 225 which Increased Capacity Limits for Religious Services and Large Sports and Entertainment Venues, and Spectators for Collegiate Sporting Events",,Y,,,,,,,,Y,,
26-Feb-21,Governor Murphy Announces Second Phase of Community-Based Vaccination Partnership for Underserved Communities,,,,,,,,,,,,Y
1-Mar-21,"Governor Murphy announced the expansion of eligibility for more frontline essential workers and high-risk groups in New Jersey's COVID-19 vaccination program. Eligible groups include educators and staff in pre-k through 12th grade settings, childcare workers, and transportation workers, among others.",,,,,,,,,,,,Y
3-Mar-21,"Governor Phil Murphy signed Executive Order No. 228, allowing indoor wedding receptions to operate at 35% capacity of the room in which they are held, up to 150 individuals, and outdoor wedding receptions to permit up to 150 individuals. Both capacity limits are exclusive of venue staff. Receptions will be required to follow indoor and outdoor dining guidance, which requires that people eat and drink while seated and wear face coverings at all other times.",,Y,,,,,,,,Y,,
10-Mar-21,"Governor Phil Murphy announced that New Jersey will expand indoor dining capacity to 50 percent beginning March 19. Currently, New Jersey and New York City restaurants are operating at 35 percent capacity and the rest of New York State is operating at 50 percent capacity.",,Y,,,,,,,,Y,,
11-Mar-21,"Governor Phil Murphy signed Executive Order No. 230, which will increase indoor capacity limits for certain businesses and increase both the general indoor and outdoor gathering limit.",,Y,,,,,,,,,,
17-Mar-21,Governor Murphy Signs Executive Order Extending Public Health Emergency in New Jersey,,,,,,,Y,,,,,
18-Mar-21,Governor Murphy Signs Executive Order Allowing Outdoor Interstate Youth Sports Competitions,,,,,,,,,,Y,Y,
24-Mar-21,"The New Jersey Department of Health (NJDOH) today released updated COVID-19 K-12 operational guidance for local health departments (LHDs). The updated guidance, which reflects recent changes to K-12 recommendations from the Centers for Disease Control and Prevention (CDC), is aligned with the Administration's goal of opening schools for in-person instruction for the remainder of the 2020-2021 school year.",,,,,Y,,,,,,,
26-Mar-21,"Governor Murphy Expands Eligibility for New Jersey's COVID-19 Vaccination Program. Expansion Includes Individuals Ages 55-64, Individuals with Intellectual and Developmental Disabilities, Higher Education Workers, and Other Frontline Essential Workers and High-Risk Groups ",,,,,,,,,,,,Y
29-Mar-21,Governor Murphy Announces Increased Outdoor Gathering Limits and Increased Capacity for Large Venues,,Y,,,,,,,,,,
1-Apr-21,Governor Phil Murphy and the New Jersey Department of Health issued new COVID-19 travel guidance. The restrictions follow updated travel recommendations released by the Center for Disease Control (CDC) earlier this month,,,,,,,,Y,,,,
12-Apr-21,Governor Murphy Signs Legislation Providing $15 Million in Aid to Small Businesses and Non-Profits,,,,,,,,,Y,,Y,
13-Apr-21,"Governor Phil Murphy signed into law A-5445, which provides $10 million in federal COVID-19 relief aid for child care providers throughout New Jersey.",,,,,,,,,Y,,Y,
15-Apr-21,Governor Murphy Signs Executive Order Extending Public Health Emergency in New Jersey,,,,,,,Y,,,,,
26-Apr-21,"Governor Murphy Announces Loosening of COVID-19 Restrictions. Changes Will Include Higher Outdoor Gathering Limits, Increased Capacity at Outdoor Venues and Indoor Catered Events, and Guidance for Graduations and Proms",,Y,,,,,,,,,,
3-May-21,"Governor Murphy announced an additional easing of restrictions, including a removal of all percentage capacity limits for indoor and outdoor businesses, a lifting of the prohibition on indoor bar seating, and an end to the outdoor gathering limit. Changes will take effect on Friday, May 7, with others taking effect on Wednesday, May 19, in coordination with both New York and Connecticut.",,Y,,,,,,,,,,
6-May-21,Governor Murphy Announces $275 Million in Relief for Small Businesses and Individuals Impacted by COVID-19 Public Health Crisis,,,,,,,,,Y,,Y,
13-May-21,Governor Murphy Signs Executive Order Implementing Second Phase of COVID-19 Restriction Easing,,Y,,,,,,,,,,
14-May-21,"Governor Extends the Public Health Emergency for Another 30-Day Period, But Will Allow It to Expire if Legislation is Enacted Within the Next Month",,,,,,,Y,,,,,
17-May-21,"Governor Murphy Announces That Schools Will Be Required to Provide Full-Time, In-Person Instruction Beginning Fall 2021",,,,,Y,,,,,,,
17-May-21,"Governor Phil Murphy today announced the lifting of New Jersey's travel advisory, which outlined quarantine and testing recommendations for residents and visitors to the state following interstate travel. Effective immediately, the travel advisory is no longer in place for both vaccinated and unvaccinated individuals.",,,,Y,,,,Y,,,,
21-May-21,"Governor Murphy Announces New Incentives to Encourage COVID-19 Vaccinations, Including Free Entrance to State Parks and Free Wine at Participating Wineries",,,,,,,,,,,,Y
26-May-21,"Governor Phil Murphy today issued Executive Order No. 243, which rescinds the requirement in Executive Order No. 107 that businesses and non-profits accommodate telework arrangements for their workforce to the maximum extent practicable and reduce their on-site staff to the minimal number necessary for their operations. Employers bringing employees back to the physical worksite must continue to follow all applicable portions of Executive Order No. 192, including notifying employees of on-site exposure and performing health screenings of employees entering the worksite.",,,,,,,,,,Y,Y,
4-Jun-21,Governor Murphy Signs Legislation and Executive Order Ending COVID-19 Public Health Emergency,,Y,,,,,Y,,,,,
11-Jun-21,Governor Murphy Signs Legislation Creating COVID-19 Pandemic Task Force on Racial and Health Disparities,,,,,,Y,,,,,Y,
4-Jul-21,"Governor Murphy Highlights Aspects of Legislation for the Termination of the Public Health Emergency. Because Executive Order No. 192 (2020) is not specified in the legislation as continuing beyond July 4, 2021, masking, social distancing, and other health and safety protocols originally set forth in Executive Order No. 192 (2020) will no longer be mandatory across businesses and facilities, regardless if they are open to the public or not.",,Y,,,,,,,,Y,,
2-Aug-21,Governor Murphy Announces Vaccine Requirement for Workers in Health Care Facilities and High-Risk Congregate Settings,,,,,,Y,,,,,,Y
4-Aug-21,"Governor Murphy Signs Sweeping Housing Eviction Prevention and Utility Assistance Bill. The legislation (S-3691) appropriates an additional $500 million for the COVID-19 Emergency Rental Assistance Program (CVERAP) and $250 million for utility assistance, both programs administered by the New Jersey Department of Community Affairs (DCA). ",,,,,,,,,Y,,,
6-Aug-21,Governor Murphy Announces Indoor Mask Requirement for Beginning of 2021-2022 School Year,,,,,Y,,,,,,Y,
23-Aug-21,Governor Murphy Signs Executive Order Instituting Vaccination or Testing Requirement for All Preschool to Grade 12 Personnel,,,,Y,Y,,,,,,,Y
22-Oct-21,Governor Murphy Signs Executive Order Instituting Vaccination or Testing Requirement for State Contracted Employees,,,,,,,,,,,,Y
22-Dec-21,"Governor Murphy signed legislation (S-2559) that extends for the next two years the requirement adopted at the outset of the COVID-19 pandemic that health benefits plans reimburse health care providers for telehealth and telemedicine services at the same rate as in-person services, with limited exceptions.",,,,,,Y,,,,,,
11-Jan-22,Governor Murphy Reinstates Public Health Emergency to Respond to Omicron Variant of COVID-19,,,,,,,Y,,,,,
6-Feb-22,Governor Murphy Announces That Universal School Mask Mandate Will Be Lifted Effective March 7,,Y,,,,,,,,,Y,
2-Mar-22,"Governor Phil Murphy today signed Executive Order No. 290, which updates and clarifies timeframes for requiring covered workers at health care facilities and high-risk congregate settings to be up to date with their COVID-19 vaccinations, including having received a booster shot. EO No. 290 aligns state timelines with updated Centers for Disease Control and Prevention (CDC) recommendations on optimal intervals between first and second doses of an mRNA COVID-19 vaccination series, in addition to other updates.",,,,,,Y,,,,,,Y
7-Mar-22,Governor Murphy Signs Executive Order Lifting COVID-19 Public Health Emergency,,Y,,,,,,,,,,