﻿date,policy,Restrict/Close,Opening (State),Deferring to County,Testing,Education,Health/Medical,Emergency Level,Transportation,Budget,Social Distancing,Other,Vaccine
12-Mar-20,"Governor Sununu announced a new order, issued by the state's Insurance Commissioner, requiring health insurers to cover services associated with testing of COVID-19. It outlines a series of actions that health insurers must take, such as offering telehealth services and expanding access to prescription drug refills.",,,,,,Y,,,,,Y,
15-Mar-20,The Governor issued an emergency order closing all public schools in the state while also providing guidance to districts on remote learning plans.,Y,,,,Y,,,,,,,
16-Mar-20,The Governor limited scheduled public gatherings over 50 people and required that all bars and restaurants transition to offsite eating options.,Y,,,,,,,,,,,
16-Mar-20,The Governor sent a memo to municipal officials and state boards and commissioners on compliance with the states Right to Know law.,,,,,,,,,,,Y,
17-Mar-20,The Governor issued three emergency orders that: Prohibit service providers from disconnecting or discontinuing services for non-payments; Prohibit evictions for those impacted by COVID-19; and Provide immediate access to unemployment benefits for those impacted by COVID-19.,,,,,,,,,,,Y,
17-Mar-20,The New Hampshire Insurance Department posted Frequently Asked Questions about Business Interruption Insurance Coverage and the Novel Coronavirus 2019 (COVID-19).,,,,,,,,,,,Y,
18-Mar-20,"The Governor issued Executive orders 6, 7, and 8 which: Allow for temporary authorization for takeout or delivery of beer or wine; Modify data and privacy governance plans to allow school district to have greater flexibility in developing remote learning software tools; and Expand access to telehealth services.",,,,,Y,Y,,,,,Y,
18-Mar-20,The Department of Motor Vehicles transitioned to phone and online services.,,,,,,,,,,,Y,
19-Mar-20,The Governor issued Emergency Order 9 establishing the Emergency Healthcare System Relief Fund.,,,,,,,,,,,Y,
20-Mar-20,The Governor sent a letter to Leader McConnell and Speaker Pelosi regarding the Disaster Unemployment Assistance program.,,,,,,,,,,,Y,
20-Mar-20,The Governor and state delegation sent a letter to President Trump urging him to take additional steps to speed up the production and distribution of medical supplies needed to combat this public health emergency.,,,,,,Y,,,,,Y,
21-Mar-20,The Governor issued an Executive Order requiring all grocers and retail stores to temporarily transition to the use of single use paper or plastic bags in order to reduce the transmission of the virus.,,,,,,,,,,,Y,
23-Mar-20,"The Governor issued Emergency Orders 11, 12, 13, 14, and 15 which: Provide temporary authority perform secure remote online notarization. Provide temporary modification of public access to meetings under RSA 91-A. Temporarily allow pharmacists and pharmacies to compound and sell hand sanitizer over the counter and allow pharmacy technicians to perform non-dispensing tasks remotely. Temporarily authorize out-of-state pharmacies to act as licensed mail-order facilities within the State of New Hampshire. Temporarily authorize out-of-state medical providers to provide medically necessary services, as well as services through telehealth.",,,,,,Y,,,,,Y,
23-Mar-20,The Governor sent a letter to Leader McConnell and Speaker Pelosi regarding short-term and long-term steps that can be taken to provide economic assistance to small businesses.,,,,,,,,,,,Y,
23-Mar-20,"The Centers for Medicare & Medicaid Services (CMS) approved New Hampshires request for a Section 1135 Medicaid waiver.The approved waiver enables New Hampshire to provide flexibilities in Medicaid provider screening and enrollment, forgo certain pre-admission screening and annual resident review assessments, lift prior authorization requirements, allow for reimbursement facility services in alternative settings, and extend fair hearing and appeals timelines.",,,,,,Y,,,,,,
24-Mar-20,The Governor issued Emergency Order 16 which prohibits mass gatherings of 10 or more people.,Y,,,,,,,,,,,
24-Mar-20,The Governor announced that the state has mobilized three websites to coordinate volunteer efforts in response to this public health emergency.,,,,,,,,,,,Y,
26-Mar-20,"The Governor issued Emergency Order 17, which directed the closure of non-essential businesses and required residents to shelter in place.",Y,,,,,,,,,,,
26-Mar-20,"The Department of Health and Human Services established an Emergency Child Care Collaborative, a public-private partnership to meet the needs of essential workers.",,,,,,,,,,,Y,
27-Mar-20,"The Governor issued Emergency Orders 18 and 19, which temporarily modify Department of Safety Laws and Regulations, and extend Emergency Order 1 by requiring schools to maintain remote learning for all public K-12 school districts.",Y,,,,Y,,,,,,Y,
30-Mar-20,"The Governor signed the Relief for Workers Affected by Coronavirus [CARES] Act agreement which provides New Hampshire with 100 percent funding from the U.S. Department of Labor to support benefit payments to people receiving unemployment. This activity supports the program by: For those eligible under Pandemic Unemployment Assistance, there will be an increase of the minimum weekly benefit amount from $32/week to $168/week, which includes people earning less than $15,500 during their base period. An additional $600 per week to be added to an individuals weekly benefits for all weeks claimed starting this week  100% federally funded. Extends the length of time a person can receive benefits by 13 weeks, totaling 39 weeks  100% federally funded.",,,,,,,,,,,Y,
30-Mar-20,The Governor announced that the Department of Education is suspending standardized testing requirements.,,,,,Y,,,,,,,
30-Mar-20,The Governor announced that the State will be extending business tax payment deadlines to June 15 for 98% of New Hampshire small businesses.,,,,,,,,,,,Y,
31-Mar-20,The Governor signed Emergency Order 2020-04 which provides temporary emergency wage enhancement for New Hampshire Liquor Commission retail employees.,,,,,,,,,,,Y,
31-Mar-20,The Governor sent a letter to the states lead disability organization on New Hampshires commitment to providing appropriate educational opportunities for students with disabilities as students learn remotely.,,,,,Y,,,,,,,
31-Mar-20,The Governor sent a letter to Secretary Alex Azar and Administrator of the Centers for Medicare and Medicaid Services Seema Verma requesting an 1135 waiver for New Hampshire.,,,,,,Y,,,,,,
1-Apr-20,"The Governor issued Emergency Order 21, which aims to ensure that domestic and sexual violence crisis centers have the resources needed to provide critical services to victims of domestic violence.",,,,,,,,,,,Y,
1-Apr-20,"The Governor issued Emergency Order 22, which authorizes emergency funding for child protection services, including domestic violence support, substance use support, the Strength to Success program, technology to support youth family services families, and the family resiliency support line.",,,,,,,,,,,Y,
1-Apr-20,"The Governor issued Emergency Order 23, which provides provisions to municipalities such as being relieved of complying from statutory or local deadlines, the postponement of town meetings, and guidelines on construction activities.",,,,,,,,,,,Y,
2-Apr-20,The Governor sent a letter to Secretary Mnuchin regarding the CARES Act and requested state guidance on the timeliness of funding.,,,,,,,,,,,Y,
3-Apr-20,"The Governor issued Executive Order 2020-05, renewing the Declaration of a State of Emergency, and Executive Order 24, which modified Emergency Order 4 regarding the temporary prohibition evictions and foreclosures. He additionally issued Executive Order 25 which provides temporary modification of interest penalty for late payment of property taxes. ",,,,,,,Y,,,,Y,
4-Apr-20,"The Governor issued Emergency Order 26 which is a continuation of Emergency Orders 2, 6, and 16. ",,,,,,,,,,,Y,
6-Apr-20,"The Governor responded to a letter form Congresswoman Kuster regarding the availability of substance use disorder services, including medication assisted treatment, across the state during this public health emergency. ",,,,,,Y,,,,,,
6-Apr-20,"The Governor signed Emergency Order 27, which restricts all lodging providers within the state to provide lodging only for vulnerable populations and essential workers. ",Y,,,,,,,,,,Y,
7-Apr-20,"The Governor sent a letter to state House and Senate leaders outlining the formation of the Governor's Office for Emergency Relief and Recovery, which will be charged with the investment and oversight of COVID-19 relief and stimulus funds provided by the federal government. ",,,,,,,,,,,Y,
9-Apr-20,"The Governor issued Emergency Order 28, 29 and 30 which provide non-congregate temporary housing for first responders and health care, provide temporary modification to executive branch deadlines and requirements, and provide temporary requirements for healthcare providers in alternative care settings. ",,,,,,,,,,,Y,
12-Apr-20,"The Governor announced approximately 91,000 pounds of personal protective equipment was delivered to the state and it will be distributed to the areas of greatest need across the state. ",,,,,,Y,,,,,,
14-Apr-20,The Governor signed Executive Order 2020-06 which established the Governor's Office for Emergency Relief and Recovery to assist with the management and expenditure of emergency relief funds. ,,,,,,,,,,,Y,
15-Apr-20,The Governor sent a letter to Leader McConnell and Speaker Pelosi regarding federal aid to independent restaurants in the wake of the COVID-19 pandemic and needed changes to the Paycheck Protection Program. ,,,,,,,,,,,Y,
15-Apr-20,"The Governor sent a letter to Attorney General approving a grant application for $600,000 submitted by the New Hampshire Coalition Against Domestic and Sexual Violence, which ensures the availability of resources for victims of domestic and sexual violence. ",,,,,,,,,,,Y,
16-Apr-20,"The Governor signed Emergency Order 31 which establishes the COVID-19 Long Term Care Stabilization Program for service provided by front line workers employed by certain Medicaid providers, and contracted facilities, to provide temporary stabilization funding to incentivize frontline workers to remain in or rejoin the workforce during this public health emergency. ",,,,,,Y,,,,,Y,
16-Apr-20,The Governor signed Emergency Order 32 which temporarily extends remote instruction and support for public K-12 school districts. ,Y,,,,Y,,,,,,,
17-Apr-20,The Governor issued Emergency Order #33 which activates the states Crisis Standards of Care Plan to guide development of clinical guidelines during COVID-19. ,,,,,,,,,,,Y,
21-Apr-20,The Governor announced that he sent a letter to leadership at the U.S. Department of Health and Human Services and the U.S. Department of Treasury requesting New Hampshire be granted a Section 1332 State Relief and Empowerment Waiver.,,,,,,,,,,,Y,
21-Apr-20,"The Governor announced the formation of the Governors Economic Re-Opening Task Force, which will develop a plan and oversee the state and private sector actions needed to reopen New Hampshires economy while minimizing the adverse impact on public health.",,,,,,,,,,,Y,
23-Apr-20,"The Governor issued Executive Order 2020-07, which allows for the appointment of additional members to the Governor's Office for Emergency Relief and Recovery Stakeholder Advisory Board. ",,,,,,,,,,,Y,
24-Apr-20,"The Governor issued Executive Order 2020-08, extending the State of Emergency. The Governor also signed a number of other Emergency Orders related to health insurance coverage, and workers compensation. ",,,,,,,,,,,Y,
1-May-20,"The Governor announced that he is implementing Stay at Home 2.0, which is in effect until May 31. Additionally, the Governor provided guidance to certain industries that can begin to phase-in services during the month of  May. ",Y,,,,,,,,,,,
1-May-20,The Governor issued Emergency Order #40 which extends and modifies the closure of non-essential businesses and requires residents to stay home. ,Y,,,,,,,,,,,
5-May-20,"The Governor issued  Emergency Order #41 which adds additional Medicaid eligibility for the uninsured, such as allowing for the coverage of COVID testing. ",,,,,,Y,,,,,Y,
7-May-20,The Governor announced this week as Teacher Appreciation Week.,,,,,Y,,,,,,,
8-May-20,The Governor issued Exhibits E and F to Emergency Order #29 which modifies certain deadlines of the Fire Standards and Training Commission and modifies certain statutory deadlines of the New Hampshire Insurance Department.,,,,,,,,,,,Y,
11-May-20,The Governor signed Emergency Order #42 which authorizes temporary health partners to assist in responding to the pandemic in long-term care facilities.,,,,,,Y,,,,,,
12-May-20,"The Governor announced a new testing site in Concord, as well as a one-day testing site offered through the volunteer medical corps and New Hampshire Fire Department.",,,,Y,,,,,,,,
13-May-20,"The Governor sent a letter to Attorney General Gordon MacDonald approving nine grant applications under the Coronavirus Emergency Supplemental Funding Program, totaling $575,701.49.",,,,,,,,,,,Y,
14-May-20,"The Governor issued Emergency Order #43, along with Exhibit G to Emergency Order #29, which temporarily modifies requirements for change of part affiliation.",,,,,,,,,,,Y,
15-May-20,The Governor announced $595 million in new funding commitments for areas and industries across New Hampshire affected by the pandemic.,,,,,,,,,,,Y,
19-May-20,"The Governor issued Exhibit H to Emergency Order #29 which provides changes for professional licenses through continuing education requirements, notarization requirements, electronic signatures, and other measures.",,,,,,Y,,,,,,
27-May-20,The Governor issued Emergency Order #48 which supports special education requirements to support remote instruction.,,,,,Y,,,,,,,
28-May-20,The Governor established the Governors COVID-19 Equity Response Team to develop a recommended strategy and plan to address the disproportionate impacts of the COVID-19 pandemic.,,,,,,,,,,,Y,
28-May-20,The Governor announced that the state plans to break down most clinical surge flex facilities across New Hampshire starting next week.,,,,,,Y,,,,,,
5-Jun-20,The Governor issued Executive Order 2020-10 which is the fourth extension declaring a state of emergency.,,,,,,,Y,,,,,
10-Jun-20,The Governor commented on the states current case count and provided a thorough list of all state actions taken during the pandemic.,,,,,,,,,,,Y,
11-Jun-20,"The Governor released additional reopening guidelines for activities such as youth sports, entertainment centers, libraries, and museums. He additionally announced the expiration of the state's stay at home order.",,Y,,,,,,,,,,
17-Jun-20,"The Governor issued Emergency Order #53 which is an amendment to Emergency Order #36, Ensuring Worker’s Compensation Coverage for New Hampshire First Responders Exposed to COVID-19.",,,,,,,,,,,Y,
18-Jun-20,"Using CARES Act funding, the Governor announced a Request for Proposals for the Connecting NH- Emergency Broadband Expansion Program, which is seeking proposals to provide high speed internet connectivity to as many unserved New Hampshire properties as possible at the least cost to the State.",,,,,,,,,,,Y,
26-Jun-20,"The Governor issued Executive Order 2020-14, along with Exhibit J to Emergency Order #29 which extends the state of emergency declaration and provides waivers for annual fees.",,,,,,,Y,,,,Y,
10-Jul-20," The Governor signed HB 1129, relative to notice requirements for certain municipal public hearings, providing for optional town meeting procedures during the state of emergency.",,,,,,,,,,,Y,
15-Jul-20,"The Governor wrote a letter to President Trump requesting an extension of Title 32 status for National Guard personnel through December 31, 2020.",,,,,,,,,,,Y,
17-Jul-20,"The Governor signed HB 1266 into law, making temporary modifications to the absentee voter registration, absentee ballot application, and absentee voting processes in response to the pandemic.",,,,,,,,,,,Y,
28-Jul-20,"The Governor signed Exhibit M to Emergency Order 29 in response to the pandemic, which allows for greater funding of the College Tuition Savings Plan UNIQUE Annual Allocation Scholarship Program for this upcoming academic year.",,,,,,,,,,,Y,
31-Jul-20,Governor Chris Sununu issued Emergency Order #61 extending previous restrictions,Y,,,,,,Y,,,,Y,
6-Aug-20,"Governor Chris Sununu issued Emergency Order #62, an order protecting pre-existing non-conforming use status for summer camps unable to operate due to COVID-19 during the summer of 2020",,,,,,,Y,,,,Y,
7-Aug-20,"Governor Chris Sununu issued Executive Order 2020-16, the seventh extension of the State of Emergency",,,,,,,Y,,,,,
11-Aug-20,"Governor Chris Sununu issued Emergency Order #63, an order requiring face coverings for certain scheduled gatherings of 100 or more individuals, as part of the state's efforts to respond to COVID-19.",,,,,,,Y,,,Y,,
13-Aug-20,Governor Chris Sununu issued three Emergency Orders,,,,,,,Y,,,,Y,
28-Aug-20,"Governor Chris Sununu issued Executive Order 2020-17, the eighth extension of the State of Emergency",,,,,,,Y,,,,Y,
31-Aug-20,Governor Chris Sununu issued Emergency Order #66 as part of the state's efforts to respond to COVID-19,,,,,,,Y,,,,Y,
3-Sep-20,Governor Chris Sununu issued Emergency Order #67 as part of the state's efforts to respond to COVID-19,,,,,,,Y,,,,Y,
9-Sep-20,Governor Chris Sununu issued Emergency Order #68 as part of the state's efforts to respond to COVID-19,,,,,,,Y,,,,Y,
18-Sep-20,Governor Chris Sununu issued the ninth extension of State of Emergency declared in Executive Order 2020-04 ,,,,,,,Y,,,,,
28-Sep-20,"Governor Sununu announced New Hampshire will receive supplies from US FDA to conduct 25,000 rapid antigen COVID-19 tests per week",,,,Y,,,,,,,,
30-Sep-20,"Governor Chris Sununu issued Emergency Order #70 which extends previous Orders until November 15, 2020",,,,,,,Y,,,,,
2-Oct-20,The State of New Hampshire released final guidance for the New Hampshire ski industry,,Y,,,,,,,,,,
9-Oct-20,Governor Sununu issued the tenth extension of the State of Emergency declared in Executive Order 2020-04,,,,,,,Y,,,,,
23-Oct-20,The State of New Hampshire released Hockey & Indoor Ice Arena Guidance which allows a return to play,,Y,,,,,,,,,,
30-Oct-20,Governor Sununu issued the eleventh extension of State of Emergency declared in Executive Order 2020-04,,,,,,,Y,,,,,
14-Nov-20,Governor Chris Sununu issued Emergency Order #72 which extends previous issued executive orders,,,,,,,Y,,,,,
16-Nov-20,"Governor Chris Sununu reactivated New Hampshire’s Long Term Care Stabilization Program, which will offer stipends to frontline health care workers at Medicaid Facilities",,,,,,Y,,,,,,
19-Nov-20,Governor Sununu issued Emergency Order #74 requiring persons to wear masks or cloth face coverings when in public spaces without physical distancing,Y,,,,,,,,,,,
14-Dec-20,"Governor Chris Sununu issued Emergency Order #75, authorizing certain nursing students to obtain temporary licensure.",,,,,,Y,,,,,,
14-Dec-20,"Governor Chris Sununu issued Executive Order 2020-24, the thirteenth extension of the state of emergency declared in Executive Order 2020-04, and issued Emergency Order #76 as part of the state's efforts to respond to COVID-19.",,,,,,,Y,,,,,
15-Dec-20,First COVID-19 Vaccine Administered in New Hampshire,,,,,,,,,,,,Y
28-Dec-20,"13 Vaccination Sites to Open for First Responders, Ambulatory Care Providers",,,,,,Y,,,,,,Y
30-Dec-20,"Governor Chris Sununu issued Emergency Order #78, an order authorizing certain military service members and emergency medical technicians to obtain temporary licensure as a licensed nursing assistant, as part of the state’s efforts to combat COVID-19.",,,,,,Y,,,,,Y,
1-Jan-21,"Governor Chris Sununu issued Executive Order 2020-25, the fourteenth extension of the State of Emergency declared in Executive Order 2020-04",Y,,,,,,Y,Y,,Y,,
5-Jan-21,Governor Chris Sununu issued Emergency Order #79: An order allowing registered and certified pharmacy technicians to administer COVID-19 vaccines under certain conditions ,,,,,,Y,,,,,,Y
5-Jan-21,"Governor Chris Sununu issued Emergency Order #80: Which provides Medicaid Disaster Relief for the COVID-19 National Emergency, COVID-19 Vaccine Administration ",,,,,,,,,,,,Y
22-Jan-21,"Governor Chris Sununu issued Executive Order 2021-1 , the fifteenth extension of the State of Emergency declared in Executive Order 2020-04 ",Y,,,,,,Y,Y,,Y,,
29-Jan-21,"Governor Chris Sununu announced an extension of the suspension of interstate youth hockey competitions for public and private schools and youth hockey leagues through at least March 31, 2021. The prohibition will not impact interstate collegiate, professional, or U.S. national team hockey activities, which will remain subject to existing health and safety protocols and/or restrictions.",,,,,Y,,,,,Y,,
12-Feb-21,"Governor Chris Sununu issued Executive Order 2021-02, the sixteenth extension of the State of Emergency declared in Executive Order 2020-04 ",,,,,,,Y,,,,,
5-Mar-21,"Governor Chris Sununu issued Executive Order 2021-04, the seventeenth extension of the State of Emergency declared in Executive Order 2020-04",,,,,,,Y,,,,,
16-Mar-21,"State of New Hampshire will launch the Vaccine & Immunization Network Interface (VINI), the state’s new COVID-19 vaccine scheduling and appointment management website, as Phase 2A scheduling begins for state-managed fixed sites. All staff working in New Hampshire in the following settings are eligible for vaccination under Phase 2A:, K-12 schools, Licensed child care settings, License-exempt settings enrolled with the NH DHHS – Bureau of Child Development, Municipal or other recreation programs providing before and/or after school, vacation, or summer youth programming, Head Start and Early Head Start Programs, Licensed youth camps",,,,,,,,,,,Y,Y
26-Mar-21,"Governor Chris Sununu issued Executive Order 2021-05, the eighteenth extension of the State of Emergency Declared in Executive Order 2020-04 ",,,,,,,Y,,,,,
,,,,,,,,,,,,,