﻿date,policy,Restrict/Close,Opening (State),Deferring to County,Testing,Education,Health/Medical,Emergency Level,Transportation,Budget,Social Distancing,Other,Vaccine
15-Mar-20,Governor Stitt declared an emergency.,,,,,,,Y,,,,,
17-Mar-20," The Governor signed an amended executive order declaring a state of emergency that: Allows health professionals licensed in states that are members of the Emergency Management Compact to practice, so long as they meet certain other conditions; and Allows state occupational licenses for health care professionals that are set to expire to be temporarily extended during the crisis. ",,,,,,,Y,,,,,
18-Mar-20, The Governor amended Executive Order 2020-07 to include provisions suspending certain state regulations that could limit state and community transmission of the virus.,,,,,,,,,,,Y,
18-Mar-20," The Governor issued Executive Order 2020-08 strongly recommending Oklahomans follow all CDC guidance to protect public health over the next 15 days, among other actions.",,,,,,Y,,,,,,
21-Mar-20, The Governor issued an amendment to Executive Order 2020-07 that: Allows University of Oklahoma and Oklahoma State University labs to perform diagnostic testing; Permits nurses with inactive licenses to quickly get recertified; Allows nurses to practice regardless of tax compliant status; and Limits prescriptions of chloroquine or hydroxychloroquine to ensure there is an adequate supply for patients who need it most.,,,,,,,,,,,Y,
24-Mar-20, The Oklahoma Department of Commerce is hosting teleconferences for Oklahoma businesses interested in the U.S. Small Business Administration Economic Injury Disaster Loan Program.,,,,,,,,,,,Y,
24-Mar-20," The Governor announced amendments to Executive Order 2020-07 providing for the following measures: Issues a statewide Safer at Home order for adults over the age of 65 and vulnerable individuals with serious underlying medical conditions; Limits gatherings to no more than 10 people; Prohibits visitation to nursing homes and long-term care facilities; Postpones all elective surgeries, minor medical procedures and non-emergency dental procedures until April 7; Requires restaurants to provide take-out and delivery options only and close all bars in Oklahoma counties; and, Closes all businesses not identified as being within a critical infrastructure sector through April 15. ",Y,,,,,,,,,,,
25-Mar-20,"The Centers for Medicare & Medicaid Services (CMS) approved Oklahomas request for a Section 1135 Medicaid waiver. The approved waiver enables Oklahoma to provide flexibilities in Medicaid provider screening and enrollment, forgo certain pre-admission screening and annual resident review assessments, lift prior authorization requirements, allow for reimbursement facility services in alternative settings, and extend fair hearing and appeals timelines.",,,,,,Y,,,,,,
27-Mar-20," The Governor announced that the Oklahoma State University is increasing its testing capability after procuring supplies sufficient to analyze approximately 10,000 test samples being taken by health professionals across the state.",,,,Y,,,,,,,,
27-Mar-20, The Governor issued a statement clarifying elective surgeries and procedures suspended under Executive Order 2020-07 (4th amended).,Y,,,,,,,,,,,
1-Apr-20, The Governor broadened testing criteria to include anyone with symptoms or those who have been in direct contact with someone who has been diagnosed.,,,,Y,,,,,,,,
1-Apr-20,"The Governor issued Executive Order 2020-07, extending all provisions of the stay at home order to all 77 counties and: Closing all businesses not identified as being within a critical infrastructure sector; Requiring restaurants to provide take-out and delivery options only and closing all bars through April 30; Postponing all elective surgeries, minor medical procedures, and non-emergency dental procedures; Issuing a statewide stay at home order for adults over the age of 65 and vulnerable individuals with serious underlying medical conditions; Prohibiting visitations to nursing homes and long-term care facilities; and Limiting gatherings to no more than 10 people.",Y,,,,,,,,,,,
2-Apr-20, The Governor signed an executive order ensuring support staff of Oklahoma public schools can be paid for the remainder of their current contract despite school buildings being closed.,,,,,,,,,,,Y,
2-Apr-20, The Governor signed an executive order declaring a health emergency in all 77 Oklahoma counties for the next 30 days and designating the Oklahoma State Commissioner of Health as the primary public health authority responding to the emergency.,,,,,,,Y,,,,,
3-Apr-20," The Governor announced that due to the governors declaration of an emergency, the legislature is authorized to access an additional 25 percent of the Rainy Day Fund, or $201 million, to shore up a budget shortfall for the remainder of fiscal year 2020 which ends June 30. ",,,,,,,,,,,Y,
6-Apr-20, The Governor approved an emergency rule that provides approval of temporary emergency waivers for the employment of nurse aide trainees in employer based nurse aide training programs. ,,,,,,Y,,,,,,
6-Apr-20, The Governor approved an emergency rule to provide hospitals with flexibilities to hire nurse aids  who are currently in employer-based training programs.,,,,,,Y,,,,,,
8-Apr-20," The Governor issued an executive order, ensuring first responders such as correctional officers, law enforcement and fire personnel who work for state agencies will receive guaranteed paid time off if they contract the virus. Additionally, the order: Removes barriers to allow more medical professionals  to practice in the state by encouraging licensing boards to ease requirements on physician assistants, nurse practitioners and retired       physicians; Encourages the boards to increase opportunities for students and recent graduates who are not yet fully licensed to practice; Allows closed health care facilities to be re-opened  and remove regulatory burdens that would create lag time in getting bed space to treat patients; and, Allows stretcher vans and stretcher aid vans to assist with emergencies and operate anywhere in the state.",,,,,,Y,,,,,Y,
9-Apr-20," The Governor signed SB 1053 and SB 617, fully funding the state government through the month of April. ",,,,,,,,,,,Y,
10-Apr-20," The Governor announced the creation of the Oklahoma Manufacturing Reboot Program which will address the negative effects the COVID-19 pandemic has had on Oklahoma businesses, specifically manufacturers. ",,,,,,,,,,,Y,
10-Apr-20," The Governor announced a comprehensive hospital surge plan in anticipation of peak cases in the coming weeks. Specifically, the plan has three components:The initial phase aims to increase existing hospitals capacities by 40 percent;The second phase includes OSU Medical Center in Tulsa and a hospital in the Oklahoma City metro areas to be used as flex sites; and, The third phase, if needed, will leverage additional facilities constructed by the U.S. Army Corps of Engineers with assistance from the Oklahoma National Guard. ",,,,,,Y,,,,,Y,
10-Apr-20, The Governor approved more than 450 offenders for commutations to decrease prison overcrowding and reduce the risk of community transmission upon reentry. ,,,,,,,,,,,Y,
15-Apr-20," The Governor announced the Safer at Home order has been extended through May 6 for adults over the age of 65 and vulnerable individuals with serious underlying medical conditions and all elective surgeries are able to resume starting April 24, 2020. ",Y,,,,,,,,,,,
16-Apr-20," The Governor issued an amendment to Executive Order 2020-13, which establishes guidelines for medical providers to determine which elective surgeries that the state can resume April 24. ",,,,,,Y,,,,,,
16-Apr-20, The Governor signed Executive Memorandum 2020-02 outlining an Elective Surgery Acuity Scale (ESAS) for medical providers to follow regarding when elective surgeries can be performed during the state of emergency. ,,,,,,Y,,,,,,
16-Apr-20," The Governor announced all non-life-threatening medical procedures that would have the potential for increasing morbidity or mortality can be performed beginning April 24; additionally, all minor medical procedures and non-emergency dental procedures that are non-life-threatening illnesses may resume May 1. ",,Y,,,,,,,,,,
20-Apr-20," The Board of Equalization declared a $416,883,273 revenue failure for FY2020, which allows the Legislature to access money from savings to fill the gap in the FY2020 budget. ",,,,,,,,,,,Y,
22-Apr-20," The Governor announced the Open Up and Recover Safely (OURS) plan, which is a three-phased approach to reopen the states economy. The statewide plan is: Based on scientific modeling from public health experts;Intended to mitigate risk of resurgence; Intended to protect Oklahomas most vulnerable citizens from the threat of COVID-19; and Intended for businesses and individuals to utilize in conjunction with guidance from the Oklahoma Department of Commerce, the Oklahoma State Health Department, and the Centers for Disease Control and Prevention (CDC). ",,,,,,,,,,,Y,
5-May-20," The Governor announced the Federal Emergency Management Agency (FEMA) approved the states request to make funding available for crisis counseling, which will help support mental health initiatives. ",,,,,,Y,,,,,Y,
12-May-20," The Governor issued a sixth amendment to Executive Order 2020-13 to allow the Oklahoma Department of Agriculture, Food and Forestry to assist with potential livestock processing facility disruptions.",,,,,,,,,,,Y,
12-May-20, The Governor announced a bipartisan legislative advisory group to work with the states administration to effectively distribute approximately $1.2 billion in federal funds provided to Oklahoma under the CARES Act.,,,,,,,,,,,Y,
20-May-20, The Governor announced the launch of an online platform that will help Oklahoma cities and counties apply for reimbursement through the $1.2 billion in federal funds provided to the state under the CARES Act.,,,,,,,,,,,Y,
21-May-20," The Governor signed HB 3350, providing a Cost of Living Adjustment to first responders, teachers and state employees. The increase applies to members of the Oklahoma Firefighters Pension and Retirement System, Oklahoma Police Pension and Retirement System, Uniform Retirement System for Justices and Judges, Teachers Retirement System of Oklahoma, and the Oklahoma Public Employees Retirement System.",,,,,,,,,,,Y,
22-May-20," The Governor announced that the state will receive a Battelle Critical Care Decontamination System, making it possible for hospitals, health care workers, and first responders to recycle their N95 masks. The Battelle Critical Care Contamination System is a self-contained, mobile system that uses high concentration, vapor phase hydrogen peroxide to decontaminate N95 masks.",,,,,,Y,,,,,Y,
29-May-20, The Governor announced the state will proceed to Phase 3 of the Open Up and Recover Safely Plan on June 1.,,Y,,,,,,,,,,
2-Jun-20," The Governor announced the Governors Solution Task Force and the Oklahoma State Department of Health tested more than 35,800 residents and staff at 265 nursing homes and long-term care facilities across Oklahoma during the month of May.",,,,Y,,,,,,,Y,
2-Jun-20, The Governor announced cities and counties have from June 1 through June 10 to submit their first round of applications to the States CARES FORWARD team to receive reimbursement funding for local government response expenses.,,,,,,,,,,,Y,
12-Jun-20, The Governor amended an executive order to allow visitation for long-term care facilities to resume in a phased approach effective June 15.,,Y,,,,,,,,,,
12-Jun-20, The Governor and State Superintendent of Public Instruction announced they have partnered to give eligible school districts an opportunity to apply for $16 million in emergency relief funds through the federal CARES Act.,,,,,Y,,,,,,Y,
17-Jun-20,"The Governor announced that the state has begun fulfilling reimbursement requests for CARES Act Coronavirus Relief Funds, fulfilling 30 percent of city and county requests in the first 7 days of receiving applications.",,,,,,,,,,,Y,
19-Jun-20,The Governor announced the state is dedicating $10 million towards an Eviction Mitigation grant program in partnership with local non-profits and is dedicating $100 million to the Oklahoma Business Relief Program in partnership with local financial institutions.,,,,,,,,,,,Y,
30-Jun-20,The Governor announced three new CARES Act grants to support efforts through the Oklahoma State Department of Health to address the COVID-19 pandemic. The three CARES Act grants announced are as follows: COVID-19 Testing and Monitoring Grant ($50 million); Mobile Health Units ($4.2 million); Long Term Care Facilities and Nursing Home Grants ($35 million).,,,,,,,,,,,Y,
10-Jul-20,The Governor announced that $4.2 million in CARES Act funds will be distributed to 18 city and county governments to offset expenses incurred due to impacts from the COVID-19 pandemic.,,,,,,,,,,,Y,
10-Jul-20,The Governor announced a $1 million grant through the CARES Act Governor’s Emergency Education Relief fund to Tri County Tech to launch its Skills to Rebuild initiative in partnership with several local employers.,,,,,,,,,,,Y,
4-Aug-20,The Oklahoma State Department of Health (OSDH) announced a one-month extension for long-term care facilities and nursing homes to apply for a CARES Act grant,,,,,,,,,,,Y,
7-Aug-20,The Oklahoma State Department of Health (OSDH) announced it is expanding ongoing contact tracing efforts in Oklahoma with the launch of a new COVID-19 contact tracing and case investigation call center.,,,,Y,,,,,,,Y,
13-Aug-20,"Interim Health Commissioner Lance Frye, M.D. announced a new statewide health advisory has been issued,  which included increased public and private testing capacity;  an enhanced data collection system; mask recommendations; limit to indoor gatherings; and recommended weekly testing for all staff at long-term care facilities.",Y,,,Y,,,,,,,,
21-Aug-20,"The Oklahoma State Department of Health (OSDH), in partnership with the Oklahoma State Department of Education (OSDE), has developed a plan that will provide for the optional monthly COVID-19 testing of Oklahoma teachers and support employees",,,,Y,Y,,,,,,,
1-Sep-20,"The Oklahoma State Department of Health (OSDH), in partnership with the Oklahoma State Department of Education (OSDE), has updated its ‘Return to Learn’ guidance supporting a safe return to in-person learning for Oklahoma schools.",,Y,,,Y,,,,,,,
9-Sep-20,The Oklahoma State Department of Health (OSDH) has released revised guidance to support long-term care facilities,,Y,,,,,,,,,,
7-Oct-20,"The Oklahoma State Department of Health, in partnership with Governor Kevin Stitt and federal, state and private industry leadership, announced the establishment of the Oklahoma Pandemic Center for Innovation and Excellence (OPCIE), the first center of its kind in the nation at the intersection of agriculture, animal and human medicine, food safety, public health testing and preparedness.",,,,,,,,,,,Y,
24-Nov-20,Oklahoma State Department of Health (OSDH) announced today the U.S. Department of Health and Human Services (HHS) – in a public-private partnership with eTrueNorth and state and local officials – will bring free COVID-19 testing to Oklahoma between Nov. 28 and Dec. 19,,,,Y,,,,,,,,
25-Nov-20,Oklahoma State Department of Health announced today an optional short-term policy change for schools with students who have been exposed to COVID-19.,,,,,Y,,,,,,,
1-Dec-20,"The Oklahoma State Department of Health (OSDH) today announced the soft launch of the MTX Case Investigation application, an automated text message system that will provide COVID-19 test results to Oklahomans. ",,,,Y,,,,,,,Y,
14-Dec-20,State announces first doses of COVID-19 vaccine arrive in Oklahoma,,,,,,,,,,,,Y
23-Dec-20,"Oklahoma State Department of Health reported today that all 66,200 of the initial expected doses of the Moderna COVID-19 vaccine arrived in the state",,,,,,,,,,,,Y
23-Dec-20,"Governor Kate Brown directed the Oregon Department of Education and the Oregon Health Authority to implement several new policy initiatives , with the goal of putting more school districts on track to return students to in-person instruction, especially elementary students, by February 15",,,,,Y,,,,,,,
5-Jan-21,The State Department of Health announced the launch of an online registration portal to help Oklahomans determine when they are eligible to receive the vaccine and how to schedule an appointment when it is their turn,,,,,,,,,,,,Y
14-Jan-21,Governor Parson Announces Activation of First Tier of Phase 1B of Missouri’s COVID-19 Vaccination Plan,,,,,,,,,,,,Y
14-Jan-21,"Dr. Randall Williams, director of the Missouri Department of Health and Senior Services (DHSS) signed the standing order for Pfizer-BioNTech COVID-19 vaccine administration",,,,,,Y,,,,,,Y
8-Mar-21,"State opens COVID-19 vaccine to Oklahomans in Phase 3 groups. Child care workers, higher and Career Tech education and critical business infrastructure among Oklahomans now available to schedule appointments .",,,,,,,,,,,,Y
9-Mar-21,State updates guidelines for enhanced long term care visitation. Visitors who complete essential care training will be able to safely visit their loved ones.,,,,,,Y,,,,,Y,
23-Mar-21,OSDH to open final phase of COVID-19 vaccine eligibility. The state’s allocation of doses will be available to all adult Oklahomans who want to receive the vaccine starting March 29,,,,,,,,,,,,Y
7-Apr-21,State to open COVID-19 vaccine to nonresidents,,,,,,,,,,,Y,Y
26-Apr-21,OSDH resumes administration of Johnson & Johnson COVID-19 vaccines in Oklahoma,,,,,,,,,,,,Y
3-May-21,Oklahoma State Department of Health (OSDH) announced the expiration of the state of emergency declared in Oklahoma at the start of the pandemic.,,,,,,,Y,,,,,
14-May-21,OSDH identifies B.1.617.2 COVID-19 variant in the state,,,,,,,,,,,Y,
2-Jun-21,OSDH to begin statewide text message campaign for COVID-19 vaccine,,,,,,,,,,,,Y
20-Nov-21,"FDA, CDC authorize Pfizer and Moderna COVID-19 booster doses for all adults",,,,,,,,,,,,Y
26-Jan-22,"The Oklahoma State Department of Health (OSDH), the Tulsa County Health Department (THD) and the Oklahoma City-County Health Department (OCCHD) are moving away from universal case investigation and contact tracing to focus on a more strategic approach of outbreak investigations and targeted case investigations.",,,,,,,,,,,Y,