﻿date,policy,Restrict/Close,Opening (State),Deferring to County,Testing,Education,Health/Medical,Emergency Level,Transportation,Budget,Social Distancing,Other,Vaccine
3-Mar-20,Governor Kate Brown wrote a letter to Vice President Pence requesting the release of additional PPE supplies from the federal governments strategic national stockpile.,,,,,,Y,,,,,Y,
5-Mar-20,"The State of Oregon reached an agreement with health insurance companies to waive cost-sharing for patients who testing for COVID-19. The agreement means that people with insurance and group health plans wont face co-payments, co-insurance, or deductibles for COVID-19 testing at in-network healthcare providers or emergency rooms. It will also cover immunization for covered people, when that becomes available.",,,,,,Y,,,,,Y,
8-Mar-20,"Governor Brown issued a state of emergency on Sunday, 9 March, 2020 as the states identified cases of novel coronavirus COVID-19 rise to 14.",,,,,,,Y,,,,,
10-Mar-20,Governor Brown issued a policy to limit transmission of COVID-19 in long-term care facilities. ,,,,,,,,,,,Y,
12-Mar-20,Governor Brown announced statewide school closures for K-12 schools in Oregon from March 16th through March 31st.,Y,,,,Y,,,,,,,
12-Mar-20,"Oregon is sending an Incident Management Team to Seattle-King Co., WA to support planners and public health officials through the Emergency Management Assistance Compact.",,,,,,,,,,,Y,
16-Mar-20,The Governor announced new statewide actions for The next four weeks regarding social distancing to reduce The spread of COVID-19,Y,,,,,,,,,Y,,
17-Mar-20," The Governor announced an extension of the statewide school closure to a total of six weeks, until April 28, and issued further guidance for Oregons public schools.",Y,,,,Y,,,,,,,
18-Mar-20," The Governor directed all Oregon hospitals, outpatient clinics, and health care providers, including veterinarians and dentists, to cease all non-emergency medical procedures to conserve personal protective equipment.",Y,,,,,Y,,,,,,
22-Mar-20," The Governor issued Executive Order 20-11, placing a 90-day moratorium on residential evictions for nonpayment.",,,,,,,,,,,Y,
23-Mar-20," The Governor issued Executive Order 20-12, directing Oregonians to stay at home to the maximum extent possible, outlining new guidance for child care facilities, and expanding the list of businesses that will be temporarily closed.",Y,,,,,,,,,,,
25-Mar-20," The Oregon Department of Consumer and Business Services issued a temporary emergency order requiring insurance companies to extend grace periods for premium payments, postpone policy cancellations and nonrenewals, and extend deadlines for reporting claims.",,,,,,,,,,,Y,
25-Mar-20," The Governor and the Oregon Department of Revenue announced an extension through July 15 for Oregon tax filing and payment deadlines for personal income taxes and some other taxes, such as corporate income and excise taxpayers.",,,,,,,,,,,Y,
25-Mar-20," The Governor called on the federal government to open a special enrollment period for Oregonians to buy health insurance and apply for federal subsidies through HealthCare.gov. Specifically, the Governor requested that the enrollment period open immediately and last at least 30 days.",,,,,,Y,,,,,Y,
25-Mar-20,"The Centers for Medicare & Medicaid Services (CMS) approved Oregons request for a Section 1135 Medicaid waiver. The approved waiver enables Oregon to provide flexibilities in Medicaid provider screening and enrollment, forgo certain pre-admission screening and annual resident review assessments, lift prior authorization requirements, allow for reimbursement facility services in alternative settings, extend fair hearing timelines, and waive public comment and tribal consultation requirements for certain changes to the Medicaid state plan.",,,,,,Y,,,,,,
26-Mar-20," The Governors office announced the Creation of the Small Business Stabilization Fund within the Oregon Community Foundation with an initial contribution of $700,000 from the Oregon Growth Fund. ",,,,,,,,,,,Y,
27-Mar-20," The Governor issued guidance on Executive Order 20-12, which directed Oregonians to Stay Home, Save Lives. Specifically, the guidance clarified: Social service agencies providing for basic food, water, shelter, and hygiene needs of any person who is unable to meet those same needs without the service providers should remain open; and, People experiencing unsheltered homelessness are not subject to enforcement under the executive order simply since they are in public and unable to stay at home. ",,,,,,,,,,,Y,
28-Mar-20, The Governor launched a statewide public awareness campaign to inform Oregonians about the urgent importance of staying home to save lives.,,,,,,,,,,,Y,
29-Mar-20," The Governor announced the states major disaster declaration was approved by the President, with funding that would provide for: Management, control and reduction of immediate threats to public health and safety;Emergency operation and coordination costs; Medical sheltering; and, Purchase and distribution of food, water, medicine and other consumable supplies, including personal protective equipment. ",,,,,,Y,,,,,Y,
31-Mar-20," The Governor announced a shipment of personal protective equipment was received from the Federal Emergency Management Agency (FEMA). The state will immediately begin processing and shipping those supplies to all 36 counties and 9 tribes, which should expect to receive shipments by or before April 6.",,,,,,Y,,,,,,
31-Mar-20, The Division of Financial Regulations highlighted three coronavirus scams for Oregonians to avoid: Scams claiming to have top-secret vaccine or miracle cure or claiming to offer government assistance or economic relief; Scams requiring downloads to view coronavirus maps; and Scams using the market downturn to convince consumers to invest in a product with a guaranteed or very high return including investments tied to COVID-19 such as medical supplies vaccines and other treatments.,,,,,,,,,,,Y,
1-Apr-20," The Governor issued Executive Order 20-13, placing a 90-day moratorium on commercial evictions for nonpayment due to business closures, specifically prohibiting landlords from charging tenants late fees for nonpayment of rent during the moratorium.",,,,,,,,,,,Y,
2-Apr-20, The Governor launched the Coronavirus Small Business Resource Navigator to connect small businesses to financial support and the information they need to ensure business sustainability.,,,,,,,,,,,Y,
4-Apr-20, The Governor offered New York 140 ventilators to assist with the states medical surge. ,,,,,,Y,,,,,,
7-Apr-20," The Governor convened the Oregon COVID-19 Medical Advisory Panel to begin developing recommendations to the Governor to address the needs of the health care system, provide advice and input, and serve as a resource to the Oregon Health Authority. ",,,,,,,,,,,Y,
7-Apr-20," The Governor issued an executive order aligning the effective date for the prohibition on dine-in food and drink consumption with that of their Stay Home, Save Lives order. ",Y,,,,,,,,,,,
8-Apr-20, The Governor extended school closures for the K-12 and post-secondary education systems through the end of the current academic term and school year. ,Y,,,,Y,,,,,,,
8-Apr-20," The Oregon Department of Education released Graduation Pathways 2020,  guidance detailing how Oregons high school seniors can earn their final set of high school credits and graduate on-time. ",,,,,Y,,,,,,,
9-Apr-20, The Oregon Department of Environmental Quality created an online emission test certification for vehicle owners in the Portland and Medford emission testing areas to renew their registrations and obtain their certification online. ,,,,,,,,,,,Y,
9-Apr-20, The Oregon Department of Revenue reminded businesses and individuals who pay their corporate or personal income tax quarterly that estimated payments for the first quarter 2020 are due April 15. ,,,,,,,,,,,Y,
9-Apr-20, The Governor announced the state has distributed its first Abbott ID NOW rapid testing instruments to three rural Oregon hospitals.,,,,Y,,,,,,,,
10-Apr-20," The Governor received 78 pallets of personal protective equipment (PPE) from the U.S. Agency for International Development (USAID), replenishing the states stockpiles of critically needed N95 masks and other PPE. ",,,,,,Y,,,,,,
11-Apr-20, The Department of Human Services and Oregon Health Authority launched a multi-agency support team to assess the needs of long-term care facilities experiencing increased cases and help them access resource to prevent further transmission among residents and staff. ,,,,,,,,,,,Y,
13-Apr-20," The Governor announced a regional partnership with California Governor Gavin Newsom and Washington Governor Jay Inslee to create a shared vision for reopening their economies and harmonize lifting social distancing measures. The Governors have centered on four overarching goals: Protect vulnerable populations at risk for severe disease if infected; Ensure an ability to care for those who may become sick with COVID-19 and other conditions; Mitigate the non-direct COVID-19 health impacts, particularly in disadvantaged communities; and, Protect the public by ensuring any successful lifting of interventions includes the development of a system of testing, tracking and isolating. ",,,,,,,,,,,Y,
13-Apr-20," The Governor announced that the Oregon Army National Guard facilitated transportation and distribution of medical personal protective equipment to all 36 counties, nine tribal nations, and two tribal health agencies in order to enhance needed supply inventories. ",,,,,,Y,,,,,,
13-Apr-20," The Governor announced the state is ramping up its enforcement activity. Specifically, Oregon OSHA will begin systematically conducting spot checks to verify that employers are complying with the requirements  including closures to the public. ",,,,,,,,,,,Y,
13-Apr-20,: The Employment Department announced that a glitch in the unemployment insurance system was telling people to start their claim process over from the beginning. They said that they were able to address many of these errors automatically and will have more information on their website as it becomes available.,,,,,,,,,,,Y,
14-Apr-20," The Governor introduced their framework for Reopening Oregon: a plan to restart public life and business while maintaining healthy communities. Once certain prerequisites are met, Oregon can begin to reopen by:Ramping up COVID-19 testing capacity in every region of Oregon;Developing robust contact tracing systems to track and contain COVID-19 cases; and,Establishing a quarantine and isolation program for new cases.",,,,,,,,,,,Y,
16-Apr-20, The Governor issued an executive order directing state and local governments to take necessary measures to facilitate public participation in decision-making  stressing the importance of civic engagement on the path to recovery. ,,,,,,,,,,,Y,
17-Apr-20, The Governor issued an executive order preventing creditors or debt collectors from garnishing federal CARES Act recovery rebate payments. ,,,,,,,,,,,Y,
20-Apr-20," The Governor announced that the Oregon National Guard will distribute approximately 395,000 pieces of personal protective equipment to all long-term care facilities in the state. ",,,,,,Y,,,,,,
21-Apr-20, The Oregon Department of Revenue issued a directive that expands relief and provides additional relief to certain affected taxpayers and extended the tax filing and payment deadline to July 15th. ,,,,,,,,,,,Y,
23-Apr-20," The Governor announced a framework to resume non-urgent procedures on May 1. Medical providers will need to demonstrate they can: Minimize the risk of coronavirus transmission to patients and healthcare workers; Maintain adequate hospital capacity in the event of a surge in COVID-19 cases; and,  Support the health care workforce in safely resuming activities.",,,,,,,,,,,Y,
23-Apr-20," The Governor launched the next phase of the states public awareness campaign to educate Oregonians about COVID-19. The campaign, Safe + Strong, focuses on community-centered outreach in 12 languages to connect people who are most at-risk of experiencing health disparities. ",,,,,,,,,,,Y,
24-Apr-20," The Governor announced that Walgreens opened one of its first testing sites in Oregon, to be overseen by on-site pharmacists. ",,,,Y,,,,,,,,
27-Apr-20," The Governor, along with California Governor Gavin Newsom and Washington Governor Jay Inslee, welcomed Colorado Governor Jared Polis and Nevada Governor Steve Sisolak to the Western States Pact  a working group of Western state governors with a shared vision for modifying stay at home and fighting COVID-19. ",,,,,,,,,,,Y,
28-Apr-20, The Oregon Occupational Safety and Health Administration adopted a temporary rule to increase protections for workers against the spread of coronavirus in employer-provided housing and in labor-intensive farm operations. ,,,,,,,,,,,Y,
1-May-20," The Governor introduced plans for COVID-19 testing and contact tracing. Key elements of the testing plan include: Voluntary, widespread testing in partnership with OHSU; Unified coordination between all hospital labs to optimize Oregons available testing capacity, acting as one statewide system which will allocate resources to meet the states testing needs in every region; and A focus on collecting data to serve at-risk communities.",,,,Y,,,,,,,Y,
4-May-20," The Governor announced a machine at the University of Oregon will be used to decontaminate N-95 respirators, allowing the critical personal protective equipment to be used up to 20 times by frontline health care workers. ",,,,,,Y,,,,,Y,
5-May-20," The Governor announced the limited opening of some state parks, outdoor recreation facilities and areas across Oregon for day use, with camping opportunities becoming available as federal, state, local, and private providers are able to prepare their facilities for visitors. ",,Y,,,,,,,,,,
5-May-20, The Oregon Department of Human Services and the Oregon Department of Education announced that Oregon families with children who are eligible for free or reduced-price school meals will get cash benefits for the meals they would have received at school even if they have been accessing meals from schools during the closure.,,,,,Y,,,,,,Y,
6-May-20," The Oregon Department of Consumer and Business Services issued an emergency order for health insurance companies, requiring them to:Provide at least a 60-day grace period to pay any past due premiums; Pay claims for any covered services during the first 30 days of the grace period; and, Extend all deadlines for reporting claims and other communications, and provide members with communication options to meet physical distancing standards.",,,,,,Y,,,,,,
7-May-20," The Governor announced additional details of the Reopening Oregon framework, including guidance for counties and businesses on the phased reopening process.",,,,,,,,,,,Y,
8-May-20,"The Centers for Medicare and Medicaid Services (CMS) approved Oregons second request for a Medicaid 1135 waiver. The waiver allows Oregon to waive consent requirements for Home and Community-Based Services(HCBS), forgo evaluation and assessment requirements for HCBS, reimburse for HCBS services provided at an entity that also provides case management services, allow for HCBS in additional settings, and to modify timelines for levels of care determinations.",,,,,,Y,,,,,,
11-May-20," The Governor, together with the Western Pact states, sent a letter to Congressional leadership requesting $1 trillion in direct and flexible relief to states and local governments to avoid deep cuts to services like public health, public safety, public education and help people get back to work.",,,,,,,,,,,Y,
14-May-20, The Governor announced 28 counties were approved to begin entering Phase 1 of reopening on May 15 under the states reopening framework.,,Y,,,,,,,,,,
15-May-20, The Governor released statewide guidance for jurisdictions and businesses across the state as they begin Phase 1 of reopening.,,,,,,,,,,,Y,
22-May-20, The Governor urged members of the public to stay local and to stay safe during the Memorial Day holiday weekend. She was joined by 26 mayors making this request of the public.,,,,,,,,,,,Y,
27-May-20, The Oregon Department of Environmental Quality shared examples of Oregonian food workers.,,,,,,,,,,,Y,
28-May-20, The Governor announced that Washington County can begin entering Phase 1 of reopening on June 1 under the states framework for a safe and strong reopening.,,,,,,,,,,,Y,
28-May-20," The Oregon Department of Consumer and Business Services Division of Financial Regulation issued emergency orders for property and casualty, long-term care, and life and disability insurance. This process provides two important protections for Oregonians:A sustainable way for insurance customers to keep up with premium payments without falling behind; and,Insurance protection for a specific number of days for customers that are in a grace period.",,,,,,,,,,,Y,
29-May-20, The Governor announced a $30 million investment to secure the states food supply chain and protect essential agricultural workers.,,,,,,,,,,,Y,
3-Jun-20," The Governor announced details about Phase 2 of reopening, with 31 counties progressing to Phase 2 on June 5. Counties approved to enter Phase 2 must continue to meet Phase 1 metrics, including:Declining disease prevalence;Having an adequate number of contact tracers, including people reflective of the communities they serve;Establishing adequate testing, isolation and quarantine facilities, sufficient hospital surge capacity, and sufficient personal protective equipment supply;Counties must also meet additional prerequisites, including:Demonstrating that they can trace new cases within 24 hours;As counties see new cases, they must be able to identify where they are coming from at least 70% of the time; and,Counties cannot be experiencing a significant increase in cases.",,,,,,,,,,,Y,
5-Jun-20, The Governor approved 3 counties to move to phase 2 reopening on June 6.,,Y,,,,,,,,,,
9-Jun-20," The Governor announced the state is implementing a comprehensive coronavirus testing plan to protect the residents and staff of long-term care facilities, prioritizing those facilities at greatest risk for outbreaks. Additionally, public health officials will be working with long-term care facilities to implement recommended best practices for ongoing monitoring, including:Conducting active daily screenings for fever and COVID-like symptoms for all residents and staff, providing testing for any residents or staff with even mild symptoms. Residents who test positive should be isolated;Providing testing for all staff every month on a staggered weekly basis, with the goal of having 25 percent of all staff tested each week over the course of a month;Providing testing for all residents and staff if there is a single new confirmed or suspected resident case or a confirmed staff case, and retesting weekly until at least 14 days pass without a new positive result. Residents who test positive and are symptomatic should be isolated; and,Testing all new residents prior to admission or readmission, including transfers from hospitals or other health care facilities. Even new residents who test negative should be quarantined for 14 days.",,,,Y,,,,,,,,
10-Jun-20," The Governor announced she will be convening a Health Schools Reopening Council to advise her and the Oregon Department of Education (ODE) during the Ready Schools, Safe Learners K-12 schools reopening process. The council will be charged with:Giving feedback on equitable policies and practices for a safe return to school;Informing additional guidance from ODE developed over the summer to help school districts implement their back-to-school plans;Receiving updates on school district plans and implementation; and,Reviewing COVID-19 status reports and evaluating outbreak management during the school year.",,,,,Y,Y,,,,,Y,
11-Jun-20, The Governor announced all county applications for further reopening are on hold for seven days while public health experts assess which factors are driving the spread of the virus and determine if the state should adjust its approach to reopening.,,,,,,,,,,,Y,
15-Jun-20, The Oregon Department of Environmental Quality announced it will reopen many of its vehicle inspection stations beginning this week.,,Y,,,,,,,,,,
16-Jun-20,The Governor announced she will convene a Special Session of the Oregon Legislature to take up proposed legislation to improve police accountability and address the COVID-19 pandemic on June 24.,,,,,,,,,,,Y,
17-Jun-20,"The Governor announced she will be instituting a requirement to wear face coverings while in indoor public spaces for the following counties: Multnomah, Washington, Clackamas, Hood River, Marion, Polk, and Lincoln. This mandate will take effect June 24.",Y,,,,,,,,,,,
17-Jun-20,"The Governor announced she is moving Marion, Polk, and Hood River Counties to Phase 2 beginning June 19.",,Y,,,,,,,,,,
17-Jun-20,The Governor announced she is moving Multnomah County to Phase 1 on June 19.,,Y,,,,,,,,,,
17-Jun-20,The Governor announced she will be grouping several counties together as regional units for future reopening decisions.,,,,,,,,,,,Y,
19-Jun-20,"The Governor issued updated guidance from the Oregon Health Authority regarding the use of face coverings in indoor public spaces for Mulnomah, Clackamas, Washington, Marion, Polk, Hood River, and Lincoln Counties, effective June 24.",Y,,,,,,,,,,,
23-Jun-20,"The Governor announced the state reached an agreement with 10 insurance companies to continue providing expanded telehealth options through at least December 31. Additionally, the Oregon Health Plan will continue to offer pay parity and other allowances for many telehealth services, offering the same rate as an in-person visit for physical health services, behavioral health services, and some dental and long-term care services.",,,,,,,,,,,Y,
26-Jun-20," The Governor announced that Clatsop County will require face coverings in indoor public spaces, effective July 1.",Y,,,,,,,,,,,
29-Jun-20," The Governor announced that Oregonians statewide will be required to wear face coverings in indoor public spaces, beginning July 1.",Y,,,,,,,,,,,
2-Jul-20,The Governor launched a statewide public awareness campaign to inform Oregonians about the urgent importance of wearing face coverings when out in public.,,,,,,,,,,,Y,
3-Jul-20,"The Governor announced new enforcement measures on face covering, physical distancing, and occupancy standards for businesses over the Fourth of July holiday weekend and thereafter.",Y,,,,,,,,,,,
7-Jul-20,The Governor’s Healthy Schools Reopening Council convened for its first remote meeting to advise the Governor and the Oregon Department of Education as school districts develop their plans for a safe return to school for Oregon’s students.  ,,,,,Y,,,,,,,
13-Jul-20,"The Governor announced new requirements for face coverings and limits on social gatherings, effective July 15.",Y,,,,,,,,,,,
23-Jul-20, The Governor announced the release of draft guidance for early learning and child care programs across the state to safely reopen in the fall.,,Y,,,Y,,,,,,,
28-Jul-20,"The Governor released metrics to guide school district decisions about when it is safe to resume in-person instruction, and when a transition to comprehensive distance learning is necessary.",,,,,Y,,,,,,Y,
30-Jul-20,Governor Kate Brown announced changes to county reopening status for Umatilla and Morrow Counties due to rapid spread of COVID-19,Y,,,,,,,,,,,
1-Aug-20,Governor Kate Brown announced launch of new programs to assist Oregon agricultural workers,,,,,,,,,,,Y,
13-Aug-20,Governor Kate Brown announced change to reopening status for Malheur County,Y,,,,,,,,,,,
19-Aug-20,Governor Kate Brown announced change to reopening status for Umatilla County,Y,,,,,,,,,,,
20-Aug-20,Governor Kate Brown announced that two counties—Marion and Wasco—have succeeded in reducing the spread of COVID-19 sufficiently enough to be removed from the County Watch List.,,Y,,,,,,,,,,
28-Aug-20,Governor Kate Brown announced that two counties—Hood River and Multnomah—have succeeded in reducing the spread of COVID-19 sufficiently enough to be removed from the County Watch List. ,,Y,,,,,,,,,,
31-Aug-20,Governor Kate Brown Extends Foreclosure Moratorium to Protect Oregon Homeowners and Business Owners until December 31,,,,,,,,,,,,
1-Sep-20,Governor Kate Brown extended COVID-19 State of Emergency for 60 days,,,,,,,Y,,,,,
3-Sep-20,Governor Kate Brown announced that Baker County has succeeded in reducing the spread of COVID-19 sufficiently enough to be removed from the County Watch List.,,Y,,,,,,,,,,
11-Sep-20,Governor Kate Brown announced that Jackson and Jefferson Counties have succeeded in reducing the spread of COVID-19 sufficiently enough to be removed from the County Watch List,,Y,,,,,,,,,,
18-Sep-20,"Governor Kate Brown announced updates to the county watch list, Morrow County approved for Phase 2",,Y,,,,,,,,,,
25-Sep-20,Governor Kate Brown announced Lincoln County moving to Phase 2 of reopening effective September 29,,Y,,,,,,,,,,
28-Sep-20,Governor Kate Brown issued new residential eviction ban to address housing needs during COVID-19 and wildfire response and recovery efforts,,,,,,,,,,,Y,
2-Oct-20,Governor Kate Brown announced that two counties—Benton and Clatsop—have been added to the County Watch List. This brings the total number of counties on the Watch List to three.,Y,,,,,,,,,,,
6-Oct-20,Governor Kate Brown announced new COVID-19 rapid testing strategy for Oregon,,,,Y,,,,,,,,
13-Oct-20,Oregon public awareness campaign on face coverings launched nationwide,,,,,,,,,,,Y,
16-Oct-20,"Governor Kate Brown announced that Lane County has been added to the County Watch List, bringing the total number of counties on the Watch List to five.",Y,,,,,,,,,,,
23-Oct-20,Governor Kate Brown extended COVID-19 housing protections for agricultural workers,,,,,,,,,,,Y,
23-Oct-20,Governor Kate Brown announced that Multnomah County has been added to the County Watch List.,,,Y,,,,,,,,,
27-Oct-20,Western States joined California’s Scientific Safety Review Workgroup to ensure safety of COVID-19 vaccine,,,,,,,,,,,,Y
6-Nov-20,Governor Kate Brown announced two-week pause on social activities to help stop rapid spread of COVID-19,Y,,,,,,,,,,,
13-Nov-20,"Governor Kate Brown, California Governor Gavin Newsom, and Washington Governor Jay Inslee issued travel advisories urging visitors entering their states or returning home from travel outside these states to self-quarantine to slow the spread of the virus",Y,,,,,,,,,,,
13-Nov-20,"Governor Kate Brown announced a statewide Two-Week Freeze, implementing new measures to limit gatherings such as limiting social gatherings, closing gyms, limit retail establishments to 75% capacity, closing venues, require businesses to mandate work-from-home, and prohibiting visiting in long-term care facilities",Y,,,,,,,,,,,
17-Nov-20,Governor Kate Brown announced $55 million in financial assistance to support Oregon businesses,,,,,,,,,Y,,Y,
17-Nov-20,Governor Kate Brown issued Executive Order on the temporary freeze to stop the rapid spread of COVID-19,Y,,,,,,,,,,,
19-Nov-20,Governor Kate Brown launched a statewide public awareness campaign to inform Oregonians about the urgent importance of limiting social gatherings and continuing to wear face coverings,,,,,,,,,,,Y,
1-Dec-20,Governor Kate Brown today announced updates to county risk levels under the state's new public health framework to reduce transmission and protect Oregonians from COVID-19,Y,,,,,,,,,,,
14-Dec-20,Governor Kate Brown today announced new measures the Oregon Department of Revenue will take to provide tax relief to Oregon small businesses suffering from the economic impacts of COVID-19.,,,,,,,,,,,Y,
15-Dec-20,Governor Kate Brown Announces Updates to County Risk Levels,Y,,,,,,,,,,,
16-Dec-20,Governor Kate Brown held a press conference today commemorating the administration of the first COVID-19 vaccinations in Oregon to frontline health care workers.,,,,,,,,,,,,Y
17-Dec-20,"The State of Oregon has reached an agreement with several health insurance companies to continue providing expanded telehealth options through at least June 30, 2021.",,,,,,Y,,,,,Y,
17-Dec-20,Governor Kate Brown Extends COVID-19 State of Emergency for 60 Days untill March 3,Y,,,,,,,,,,,
20-Dec-20,"Western States Scientific Safety Review Workgroup recommended Moderna Vaccine, confirmed it is safe and efficacious",,,,,,,,,,,,Y
29-Dec-20,"Governor Kate Brown today announced updates to county risk levels under the state's new public health framework to reduce transmission and protect Oregonians from COVID-19. The framework uses four different risk levels for counties based on COVID-19 spread—Extreme Risk, High Risk, Moderate Risk, and Lower Risk—and assigns health and safety measures for each level.",,,Y,,,,,,,,Y,
4-Jan-21,"Governor Kate Brown directed the Oregon Health Authority (OHA) to achieve the benchmark of 12,000 vaccinations administered in Oregon per day by the end of the next two weeks.",,,,,,,,,,,,Y
12-Jan-21,"Governor Kate Brown today announced updates to county risk levels under the state's new public health framework to reduce transmission and protect Oregonians from COVID-19. The framework uses four different risk levels for counties based on COVID-19 spread—Extreme Risk, High Risk, Moderate Risk, and Lower Risk—and assigns health and safety measures for each level.",,,Y,,,,,,,,Y,
26-Jan-21,"Governor Kate Brown today announced updates to county risk levels under the state's public health framework to reduce transmission and protect Oregonians from COVID-19.  The framework uses four different risk levels for counties based on COVID-19 spread—Extreme Risk, High Risk, Moderate Risk, and Lower Risk—and assigns health and safety measures for each level. Effective January 29 through February 11, there will be 25 counties in the Extreme Risk level, two at High Risk, two at Moderate Risk, and seven at Lower Risk",,,Y,,,,,,,,Y,
1-Feb-21,"Oregon OSHA is proposing a permanent rule that largely maintains – with some improvements – the risk-reducing measures required by the current temporary emergency rule. It would replace the temporary rule, which expires on May 4. the proposed permanent rule maintains such requirements as physical distancing; use of face coverings; regular sanitation; employee notification and training; maximization and maintenance of existing ventilation systems; and formal exposure risk assessment and infection control planning. The proposed permanent rule would allow employers to rely upon the risk assessments, infection control plans, and infection control training already completed. ",,,,,,,,,,Y,Y,
11-Feb-21,"Governor Kate Brown Announces Updates to Outdoor Sports Guidance. Resumption of outdoor contact school sports, with protocols in place, to be allowed in schools that have returned to classrooms for at least limited in-person instruction",,,,,Y,,,,,Y,,
25-Feb-21,Governor Kate Brown Extends COVID-19 State of Emergency for 60 Days,,,,,,,Y,,,,,
5-Mar-21,Governor Kate Brown announced today she will be issuing an executive order to return Oregon public school students to the classroom.  She directed all Oregon public schools to offer universal access to in-person instruction on or before the weeks of March 29 for K-5 students and April 19 for students in grades 6-12.,,,,,Y,,,,,,,
8-Mar-21,Governor Kate Brown Statement on Receiving $110 Million from FEMA to Support COVID-19 Vaccination Efforts,,,,,,,,,Y,,,Y
9-Mar-21,"Governor Kate Brown Announces Updates to County Risk Levels. Beginning this week and continuing until further notice, counties that reduced their COVID-19 spread enough to move down in risk level in the previous two-week period, but see their numbers go back up in the next two-week period, will be given a two-week caution period to bring COVID-19 case rates back down again.",,,Y,,,,,,,,,
12-Mar-21,"Governor Kate Brown today issued Executive Order 21-06 , requiring all Oregon public schools to offer universal access to hybrid or full in-person instruction by the weeks of March 29 for grades K-5, and April 19 for grades 6-12. The Governor announced she would be issuing the order in a letter to the Oregon Department of Education and the Oregon Health Authority last week.",,,,,Y,,,,,,,
2-Apr-21,"Governor Kate Brown Announces Expanded Eligibility for Family of Frontline Workers, People with Underlying Conditions",,,,,,,,,,,,Y
5-Apr-21,"Governor Kate Brown Announces all people in Phase 1B, Group 7 will become eligible for vaccination, two weeks earlier than previously planned.",,,,,,,,,,,,Y
28-Apr-21,"Governor Kate Brown today extended her declaration of a state of emergency for COVID-19 for 60 days, until June 28, 2021, unless earlier rescinded or extended.",,,,,,,Y,,,,,
4-Jun-21,"Governor Kate Brown Announces Steps to Lift COVID-19 Restrictions, Fully Reopen Oregon Economy",,Y,,,,,,,,,,
30-Jun-21,Governor Kate Brown announces that all remaining COVID-19 health and safety restrictions lifted in Oregon,,Y,,,,,,,,,,
29-Jul-21,Governor Kate Brown Directs State Agencies to Align K-12 Mask Guidance with CDC Recommendations to Prevent Disruptions to Return to In-Person Instruction,,,,,Y,,,,,,,
4-Aug-21,"Governor Kate Brown announced that she has directed the Oregon Health Authority (OHA) to issue a rule outlining new, required health and safety measures for personnel in health care settings. The rule requires weekly COVID-19 testing for personnel in health care settings to prevent the spread of COVID-19 in health care settings, which can be waived with a proof of vaccination.",,,,Y,,,,,,,,Y
11-Aug-21,Governor Kate Brown Announces Statewide Indoor Mask Requirements,,,,,,,,,,,Y,
13-Aug-21,"Governor Kate Brown Announces Deployment of Up to 1,500 Oregon National Guard Members to Support Frontline Hospital Workers During Delta Surge",,,,,,Y,,,,,,
19-Aug-21,"Governor Kate Brown announced two new vaccination measures to address Oregon’s hospital crisis, caused by the Delta variant surge, and to help keep Oregon students safe in the upcoming school year and minimize disruptions to in-person instruction: 1) Oregon’s vaccination requirement for health care workers will no longer have a testing alternative. Health care workers will be required to be fully vaccinated by October 18 or six weeks after full FDA approval, whichever is later. 2) All teachers, educators, support staff, and volunteers in K-12 schools will be required to be fully vaccinated by October 18 or six weeks after full FDA approval, whichever is later.",,,,,Y,Y,,,,,,Y
23-Aug-21,"Governor Kate Brown announced that health care facilities around the state—particularly those in hard-hit Central and Southern Oregon—will soon get a boost in nurses, paramedics, and other health professionals to help respond to the surge in COVID-19 hospitalizations fueled by the Delta variant",,,,,,Y,,,,,,
24-Aug-21,Governor Kate Brown Announces Statewide Outdoor Mask Requirements,,,,,,,,,,,Y,
21-Nov-21,"Western States Scientific Safety Review Workgroup Expands Eligibility for Pfizer-BioNTech, Moderna Vaccine Booster Shots to all 18 and older ",,,,,,,,,,,,Y
24-Feb-22,Governor Kate Brown to Lift COVID-19 Emergency Declaration,,Y,,,,,,,,,,
28-Feb-22,Oregon will be adopting new indoor mask policies and moving from mask requirements to mask recommendations in schools.,,,,,Y,,,,,,,