﻿date,policy,Restrict/Close,Opening (State),Deferring to County,Testing,Education,Health/Medical,Emergency Level,Transportation,Budget,Social Distancing,Other,Vaccine
6-Mar-20,"Governor Abbott issued a statement regarding price-gouging of medical supplies, pointing out that should there be extensive reports of price-gouging,The Governor can grant the Texas Attorney General broader powers to prosecute those cases.",,,,,,,,,,,Y,
11-Mar-20,"Governor Abbott and the Texas Department of Insurance requested insurersand HMOs to waive copayments, co-insurance, and deductibles for testing and telemedicine visits for the diagnosis of coronavirus, that is consistent with CDC guidance.",,,,,,Y,,,,,Y,
11-Mar-20,Governor Abbott and the Texas Department of State Health Service surged  Texans to take preventative measures,,,,,,,,,,,Y,
12-Mar-20,"Governor Abbott hosted a call with Texas legislators, mayors, and judges, reiterating state support in the form of resources and supplies, as well as encouragingl ocals to track expenses for potential federal reimbursement.",,,,,,,,,,,Y,
13-Mar-20,The Governor declared a state of disaster in Texas due to COVID-19.,,,,,,,Y,,,,,
16-Mar-20,"The Governor announced that he has waived the State of Texas Assessments of Academic Readiness testing requirements for the 2019-2020 school year. Additionally,The Governor is requesting that the Department of Education waive federal testing requirements for the 2019-2020 school year.",,,,,Y,,,,,,,
16-Mar-20,"The Governor announced that Texas is waiving certain rules relating to vehicle registration, parking placards for persons with disabilities, and titling to aid the states efforts to combat COVID-19.",,,,,,,,,,,,
16-Mar-20,The Governor granted the Office of the Attorney Generals request for suspension of certain open-meeting statutes. This temporary suspension will allow for telephonic or videoconference meetings of governmental bodies that are accessible to the public in an effort to reduce in-person meetings that assemble large groups of people.,,,,,,,,,,,Y,
17-Mar-20,The Texas Department of State Health Services confirmed the first death as a result of COVID-19.,,,,,,,,,,,Y,
17-Mar-20,The Governor activated the National Guard in preparation to assist with the COVID-19 response. The activation excludes first responders and health care workers so they may continue to serve in their respective fields.,,,,,,Y,,,,,Y,
17-Mar-20,The Governor granted waivers to allow hospitals to increase the total number of unused beds without having to apply or pay additional fees in addition to directing the Texas Department of Insurance to issue an emergency rule regarding telemedicine care for patients.,,,,,,Y,,,,,,
17-Mar-20,"The Governor requested designation from the Small Business Administration Economic Injury Disaster Declaration in order to access the Economic Injury Disaster Loan to provide long-term, low-interest loans to affected and qualified businesses across Texas.",,,,,,,,,,,Y,
18-Mar-20,"The Governor directed the Department of Public Safety to temporarily waive expiration dates on driver licenses, commercial driver licenses, and other forms of identification.",,,,,,,,,,,Y,
18-Mar-20,The Governor issued a proclamation suspending provisions of the Texas Election Code in order to allow political subdivisions to postpone 2020 local elections. Local government will have the ability to postpone May 2 elections until November 3.,,,Y,,,,,,,,,
18-Mar-20,"The Texas Education Agency (TEA) announced a collaboration with Local Education Agencies (LEA) on the Texas Students MealFinder Map launching March 20. The map, available on the TEA website, will allow parents to locate LEA facilities serving meals to the community.",,,,,,,,,,,Y,
18-Mar-20,"The Governor issued a waiver allowing restaurants to deliver alcoholic beverages with food purchases to patrons. He also directed the Texas Alcoholic Beverage Commission to waive certain provisions to allow manufacturers, wholesalers, and retailers of alcoholic beverages to repurchase or sell back unopened product.",,,,,,,,,,,Y,
18-Mar-20,The Governor announced immediate closure of all driver license offices across the state.,Y,,,,,,,,,,,
19-Mar-20,"The Governor issued a series of Executive Orders to accomplish the following: Order No. 1: Prohibiting public gatherings of 10 or more people; Order No. 2: Discouraging dine-in at restaurants and bars, or visitation of gyms and massage parlors; Order No. 3: Prohibiting visitation to nursing homes, retirement homes, or long-term care facilities; Order No. 4: Closing schools.",Y,,,,,,,,,,,
19-Mar-20,The Commissioner of the Texas Department of State Health Services declared a state of public health disaster for the state of Texas.,,,,,,Y,,,,,Y,
20-Mar-20,The Governor directed the Texas Department of Criminal Justice to temporarily suspend inmate fees for health care services related to COVID-19.,,,,,,Y,,,,,Y,
20-Mar-20,"The Texas Supreme Court issued an emergency order suspending residential eviction proceedings through April 19, 2020.",,,,,,,,,,,Y,
20-Mar-20,"The Governor announced that the U.S. Small Business Administration granted Texas access to the Economic Injury Disaster Loan Program, which will provide long-term, low-interest loans to qualifying businesses.",,,,,,,,,,,Y,
20-Mar-20,The Governor announced the temporary suspension of certain provisions of the Texas Alcoholic Beverage Code to allow for refunds of application fees to businesses who applied for temporary event permits for events that were later cancelled.,,,,,,,,,,,Y,
20-Mar-20,The Governor temporarily waived regulations to allow pharmacists to conduct telephonic consultations and removed regulations to enable pharmacies to operate at full strength.,,,,,,Y,,,,,,
20-Mar-20,"The Governor issued a proclamation, postponing the runoff primary election until July 14, 2020.",,,,,,,,,,,Y,
21-Mar-20,The Governor waived regulations to expand the Texas nursing workforce by: Allowing temporary permit extensions to practice for graduate nurses and vocational nurses that havent yet taken the licensing exam; Allowing students in their final year of nursing school to meet clinical objectives by exceeding the 50% limit on stimulated experiences; and Allowing nurses with inactive licenses or retired nurses to reactivate their licenses.,,,,,,,,,,,Y,
22-Mar-20,The Governor signed an Executive Order postponing non-immediate surgeries and procedures to expand hospital bed capacity.,Y,,,,,,,,,,,
22-Mar-20,"The Governor announced the creation of Supply Chain Strike Force, responsible for collaboration between public and private sectors to supply health care facilities with necessary supplies and resources.",,,,,,Y,,,,,Y,
23-Mar-20,The Governor announced that Texas received $36.9 million from the CDC as part of the initial allotment from the first emergency coronavirus bill passed by Congress. The Texas Department of State Health Services will distribute $19.5 million to 43 local health departments.,,,,,,Y,,,,,Y,
23-Mar-20,The Governor formally requested a major federal disaster declaration in Texas.,,,,,,,Y,,,,Y,
24-Mar-20,"The Governor announced that the Supply Chain Strike Force secured more that $83 million worth of purchase orders for essential supplies and will begin receiving 100,000 masks per day by the end of next week; and that the Texas Division of Emergency Management will begin receiving 1,000 masks per day by the end of the week.",,,,,,Y,,,,,,
24-Mar-20,The Governor issued an Executive Order to better track hospital bed capacity and COVID-19 test results across the state.,,,,,,Y,,,,,,
24-Mar-20,The Governor directed the State Department of Health to permit restaurants to sell bulk retail products from restaurant supply chain distributors directly to consumers.,,,,,,,,,,,Y,
25-Mar-20,The Governor announced the receipt of a $16.2 million grant from the Department of Health and Human Services Administration for Community Living to help provide meals for older adults.,,,,,,Y,,,,,Y,
25-Mar-20,The Governor and the Texas Health and Human Services Commission sent a letter to the U.S. Department of Agriculture requesting permission to allow Texas SNAP recipients to use their benefits at take out and drive thru restaurants.,,,,,,,,,,,Y,
25-Mar-20,The Governor announced the federal declaration of a major disaster for the state of Texas.,,,,,,,,,,,Y,
25-Mar-20,The Governor waived certain licensing renewal and subsequent fees for nurses in Texas and authorized a six-month grace period for nurses with expired licenses.,,,,,,Y,,,,,,
25-Mar-20,The Governor temporarily waived certain hospital licensing rules and the Texas Health and Human Services Commission adopted an emergency rule to increase hospital capacity.,,,,,,Y,,,,,,
26-Mar-20,The Governor requested access to interest-free federal loans to pay unemployment claims and accelerated the release of funds from the Texas account of the federal Unemployment Trust Fund.,,,,,,,,,,,Y,
26-Mar-20,The Texas Health and Human Service Commission submitted a Section 1135 Medicaid Waiver to the Center for Medicare and Medicaid.,,,,,,Y,,,,,,
26-Mar-20,"The Governor issued an Executive Order mandating a 14-day quarantine for travelers arriving in Texas from Tri-State airports in New York, New Jersey, or Connecticut, as well as from New Orleans, Louisiana.",Y,,,,,,,,,,,
27-Mar-20,The Governor waived certain Texas Workforce Commission regulations to preserve and extend childcare capacity for frontline workers.,,,,,,,,,,,Y,
27-Mar-20,The Governor announced the deployment of the National Guard Joint Task Force Brigades to manage drive through testing locations and support the states healthcare infrastructure.,,,,Y,,,,,,,,
28-Mar-20,"The Governor waived certain licensing renewal regulations for Texas pharmacists, pharmacy technicians, and pharmacy technician trainees, extending expiration dates for licenses and temporarily suspending continuing education requirements for pharmacists.",,,,,,Y,,,,,,
28-Mar-20,The Governor waived regulations to expedite licensing reactivation processes for Advanced Practice Registered Nurses.,,,,,,Y,,,,,,
28-Mar-20, The Department of Health and Human Services waived interview requirements for households applying for SNAP and continued benefits for existing households.,,,,,,,,,,,Y,
29-Mar-20, The Texas Health and Human Service Commission submitted a Section 1135 waiver.,,,,,,Y,,,,,Y,
29-Mar-20,"The Governor announced Executive Orders GA-12 and GA-13, mandating a 14-day quarantine for road travelers arriving from anywhere in Louisiana and expanding a previous Executive Order, mandating a 14-day quarantine for air travelers from New York Tri-State Area, California, Louisiana, Washington, Atlanta, GA, Chicago, IL, Detroit, MI, and Miami, FL.",Y,,,,,,,,,,,
30-Mar-20,The Governor issued an executive order prohibiting the release of individuals in custody with a history of offenses involving physical violence.,,,,,,,,,,,Y,
30-Mar-20,The Governor waived certain cost-sharing provisions so public safety employees who contract COVID-19 during the course of their employment will be reimbursed for medical expenses related to their treatment.,,,,,,,,,,,Y,
30-Mar-20,"The Centers for Medicare & Medicaid Services (CMS) approved Texas request for a Section 1135 Medicaid waiver. As announced byThe Governor, the approved waiver enables Texas to provide flexibilities in Medicaid provider screening and enrollment, forgo certain pre-admission screening and annual resident review assessments, lift prior authorization requirements, extend fair hearing timelines, and waive public comment and tribal consultation requirements for certain changes to the Medicaid state plan.",,,,,,Y,,,,,,
31-Mar-20,The Governor issued an executive order implementing Essential Services and Activities Protocols for the state.,,,,,,,,,,,Y,
31-Mar-20,The Governor announced the Comfort Food Care Package program to provide meals for at-risk youth and families.,,,,,,,,,,,Y,
31-Mar-20,The Texas Department of Health and Human Services automatically renewed all SNAP and TANF benefits,,,,,,,,,,,Y,
1-Apr-20,The Governor issued a statement regarding the latest stimulus package and the benefits that Texans affected by COVID-19 will see.,,,,,,,,,,,Y,
1-Apr-20,"The Governor and the Department of Housing and Community Affairs waived statutes related to the U.S. Department of Housing and Urban Developments HOME Investments Partnership program, granting flexible use of funds to help Texans pay their rent.",,,,,,,,,,,Y,
2-Apr-20,The Governor suspended regulations to increase the amount of Emergency Medical Services workers and first responders.The Governor also suspended certain skills testing requirements for EMS personnel in Texas and for out of state Advanced Emergency Medical Technicians seeking reciprocity to practice in Texas.,,,,,,Y,,,,,,
2-Apr-20,"The Governor issued an executive order, suspending parts of the Texas Election Code to allow the Fort Worth Crime Control and Prevention District to order its special election on July 14, and to allow early voting by personal appearance.",,,,,,,,,,,Y,
5-Apr-20,"The Governor temporarily waived licensure regulations to allow Physician Assistants (PA), Medical Physicists, Perfusionists, and Respiratory Care candidates to work under an emergency license and to provide greater flexibility between physicians and the PAs and the Advanced Practice Registered Nurses they supervise in provision of services.",,,,,,Y,,,,,,
6-Apr-20,"The Governor announced that Care.com is increasing home child care access for frontline workers, including 90 days of free, premium access to their services. Frontline workers looking for childcare as well as prospective caregivers can enroll here.      ",,,,,,,,,,,Y,
6-Apr-20,"The Governor announced that Texas received 2.5 million masks, and provided a region-by-region breakdown of supply distribution. ",,,,,,Y,,,,,,
7-Apr-20,The Governor directed the Texas Parks and Wildlife Department and the Texas Historical Commission to close all state parks and historic sites. ,Y,,,,,,,,,,,
7-Apr-20,The Texas Health and Human Services Commission adopted an emergency rule to provide flexibility in serving dialysis patients and to better enable end stage renal disease facilities to treat patients.,,,,,,Y,,,,,,
7-Apr-20,The Governor temporarily waived certain regulatory requirements to increase the job capacity of pharmacy technicians and pharmacy interns. ,,,,,,Y,,,,,Y,
8-Apr-20,The Governor announced  a new partnership between the Texas Military Department and Prestige Ameritech to increase the production of face masks for health care workers. ,,,,,,Y,,,,,Y,
8-Apr-20,The Governor announced that Texas Health and Human Services will provide more that $168 million in emergency Supplemental Nutrition Assistance Program (SNAP) food benefits. ,,,,,,,,,,,Y,
8-Apr-20,"The Governor issued a proclamation, suspending parts of the Texas Election Code to allow the City of Sundown to order its special election on July 14. ",,,,,,,,,,,Y,
8-Apr-20,The Governor announced the provision of one-time emergency waivers of required match  contributions required for the Victims of Crime Act and STOP Violence Against Woman Act grant funds. ,,,,,,,,,,,Y,
8-Apr-20,The Governor suspended certain statutes to allow appearances before a notary public to be done via videoconference. ,,,,,,,,,,,Y,
9-Apr-20,"The Governor waived regulations to expand telehealth options, allowing any audio-visual, real-time, or two-way interactive communication system to qualify as telecommunications technology to provide certain telehealth services. ",,,,,,,,,,,Y,
9-Apr-20,The Texas Health and Human Services Commission (HHSC) adopted an emergency rule to temporarily allow more nurse aides to serves as residents in long-term care facilities. ,,,,,,,,,,,Y,
10-Apr-20,The Governor announced a new online Frontline Child Care Website to help essential workers locate childcare and support childcare centers. ,,,,,,,,,,,Y,
11-Apr-20,The Governor waived certain regulations to ease restrictions on physicians-in-training to increase health care capacity. ,,,,,,Y,,,,,Y,
12-Apr-20,The Governor issued a proclamation extending the states disaster declaration. ,,,,,,,,,,,Y,
13-Apr-20,"The Governor announced that Goldman Sachs, the LiftFund, and other community development financial institutions are partnering to provide $50 million in loans to small businesses. ",,,,,,,,,,,Y,
13-Apr-20,The Governor announced his intention to slowly and strategically reopen parts of the states economy. ,,,,,,,,,,,Y,
15-Apr-20,The Governor announced that the Public Safety Office will provide $38 million in federal funds to local governments. ,,,,,,,,,,,Y,
15-Apr-20,The Governor and Harris County Judge announced a partnership with Walgreens to open two new drive-through testing sites. ,,,,Y,,,,,,,,
15-Apr-20,"The Governors Office of Economic Development and Tourism launchedThe Governors Small Business Webinar Series to provide Texas small business owners and entrepreneurs with timely, relevant and actionable information on COVID-19 recovery resources. The first webinar, tailored to Central Texas, was attended by over 3,000 Texans. The Webinar Series takes the place ofThe Governors Small Business Series events that were postponed due to COVID-19. ",,,,,,,,,,,Y,
17-Apr-20,"The Governor signed an Executive Order, establishing the Strike Force to Open Texas to adviseThe Governor on safely and strategically reopening the state of Texas.",,,,,,,,,,,Y,
17-Apr-20,"The Governor signed Executive Order GA-16, allowing retail outlets to reopen beginning on April 24 using a Retail-To-Go model. ",,Y,,,,,,,,,,
17-Apr-20,"The Governor signed Executive Order GA-15, loosening restrictions on surgeries. ",,Y,,,,,,,,,,
20-Apr-20,"The Governor announced that the Texas National Guard will mobilize more than 1,200 personnel as part of COVID-19 mobile testing teams. ",,,,Y,,,,,,,,
22-Apr-20,"The Governor temporarily waived certain testing requirements for advanced practice registered nurses (APRN), allowing new APRN graduates who have applied for APRN licensure to begin practicing under direct physician supervision. ",,,,,,Y,,,,,,
22-Apr-20,The Governor temporarily waived restrictions to allow Texas higher education institutions to transfer unexpended financial aid funds from the Texas College Work-Study program to other financial aid programs. ,,,,,,,,,,,Y,
23-Apr-20,The Governor announced that the Texas Health and Human Services Commission will receive nearly $54 million in federal funds to support older Texans and individuals with disabilities. ,,,,,,,,,,,Y,
23-Apr-20,"The Governor announced that the Texas A&M Agrilife Extension Service will provide a series of free online trainings to help local officials understand, acquire and administer federal assistance available to Texas. ",,,,,,,,,,,Y,
24-Apr-20,"The Governor and the Texas Department of Housing and Community Affairs announced that Texas will provide HOME Tenant Based Rental Assistance to Texans experiencing housing challenges, made possible by waived recently authorized by U.S. Department of Housing and Urban Development. ",,,,,,,,,,,Y,
24-Apr-20,The Governor announced that the Texas Division of Emergency Management and the Texas Department of State Health Services have launched an online COVID-19 test collection map to help Texans locate test collection sites in their communities. ,,,,Y,,,,,,,,
27-Apr-20,"The Governor announced Phase 1 of the states plan to reopen Texas, allowing certain services t open with limited occupancy, and following minimum standard health protocols provided by the Texas Department of State Health Services. ",,Y,,,,,,,,,,
28-Apr-20,"The Governor issued an executive order regarding reopening businesses that are not considered essential, providing guidance to retail services, dine-in restaurants, movie theaters, malls, museums and libraries, office workers, golf courses, local government operations, and additional services. ",,Y,,,,,,,,,,
28-Apr-20,"The Governor issued an executive order, to supersede previous orders, regarding hospital capacity reserved for COVID-19 patients. ",,,,,,Y,,,,,,
28-Apr-20,"The Governor issued an executive order to revoke Executive Orders GA-11 and GA-12, relating to mandatory self-quarantine for travelers from New York State, the City of New Orleans, and Louisiana State. The order maintains certain mandatory quarantine guidelines and restrictions to travelers whose point of origin is California, Connecticut, New York, New Jersey, Washington, the City of Atlanta, the City of Chicago, the City of Detroit, or the City of Miami. ",,Y,,,,,,,,,,
29-Apr-20,The Governor suspended certain statutes to temporarily allow for appearances before a notary public via videoconference when executing real-estate instruments such as mortgages.,,,,,,,,,,,Y,
29-Apr-20,The Governor and the Texas A&M AgriLife Extension Services announced a series of online trainings for child care providers and parents who either need or will provide care for the children of essential employees. ,,,,,,,,,,,Y,
30-Apr-20,The Governor announced that the Texas Workforce Commission issued new guidance to unemployment claimants concerning eligibility for benefits should they choose not to return to work due to COVID-19. ,,,,,,,,,,,Y,
5-May-20,The Governor issued an executive order to expand openings of certain businesses and activities. ,,Y,,,,,,,,,,
5-May-20,The Governor announced new guidance from the Texas Education Agency regrading graduation ceremonies.,,,,,Y,,,,,,,
5-May-20,"The Governor announced the creation of Surge Response Teams, led by TDEM and HHSC, to serve nursing homes and prisons, and other facilities that experience flare ups of COVID-19. ",,,,,,Y,,,,,Y,
6-May-20,The Governor announced that the Texas Health and Human Services Commission (HHSC) received $5.8 million in federal funding to provide crisis counseling services to Texans affected by COVID-19.,,,,,,Y,,,,,Y,
6-May-20,"The Governor and the OneStar Foundation announced the Texas COVID Relief Fund, to provide funding and resources to organizations working on the ground to support the economic recovery of local communities.",,,,,,,,,,,Y,
7-May-20,The Governor modified existing executive orders to eliminate confinement as a punishment for violation. The modifications will be applied retroactively.,,,,,,,,,,,Y,
8-May-20,"The Governor, the Texas Education Agency, and the Dallas Independent School District launched Operation Connectivity, a statewide initiative to deliver internet connectivity and device solutions for schools, families, and students in the transition to at-home digital learning.",,,,,Y,,,,,,Y,
8-May-20,The Governor announced that the Texas Division of Emergency Management applied for FEMA Category B assistance funding to support Texas network of food banks.,,,,,,,,,,,Y,
8-May-20,The Governor issued a disaster declaration to allow Midland County Hospital District to host its special election on July 14.,,,,,,,,,,,Y,
11-May-20,"The Governor directed the Texas Health and Human Services Commission, the Texas Division of Emergency Management, and the Texas Department of State Health Services to test all residents and staff in Texas nursing homes.",,,,Y,,,,,,,,
11-May-20,"The Governor issued a proclamation, suspending sections of the Texas Election Code to permit early, in-person voting, for July 14 elections, to begin on June 29.",,Y,,,,,,,,,Y,
12-May-20,The Governor announced that the Texas Health and Human Services Commission received approval from the U.S. Department of agriculture to provide more than $1 billion in food benefits through the Pandemic Electronic Benefit Transfer.,,,,,,,,,,,Y,
12-May-20,"The Governor, Lieutenant Governor, and House Speaker sent a letter to Congressional leaders asking for support of liability protections for Texas employers.",,,,,,,,,,,Y,
12-May-20,"The Governor issued a proclamation, extending the Disaster Declaration for all Texas counties.",,,,,,,,,,,Y,
13-May-20,"The Governor waived license renewal late fees accrued between March 13 and June 15, for occupation licenses issued by the Texas Department of Licensing and Regulation.",,,,,,,,,,,Y,
13-May-20,"The Governor announced that the Texas National Guard activated Facilities Disinfection Teams, in coordination with the Texas Health and Human Services Commission, to support Texans in nursing homes.",,,,,,,,,,,Y,
13-May-20, The Texas Division of Emergency Management announced that the federal government has extended seven community-based testing sites through June 30.,,,,Y,,,,,,,,
14-May-20,The Governor announced that the Texas Health and Human Services Commission received more than $3 million through the CARES Act to provide shelter and services to survivors of family and domestic violence.,,,,,,,,,,,Y,
15-May-20,The Governor and the Texas Division of Emergency Management announced that local fire departments in Texas are partnering with local public health authorities to provide testing in nursing homes.,,,,Y,,,,,,,,
16-May-20,"The Governor issued a statement, detailing the containment plan for the COVID-19 outbreak in Amarillo.",,,,,,,,,,,Y,
18-May-20,"The Governor announced Phase 2 of the states reopening plan. Under Phase 2, restaurants may increase occupancy to 50 percent. Additional activities may begin reopening with occupancy restrictions and adherence to minimum standard health protocols.",,Y,,,,,,,,,,
19-May-20,"The Governor urged local governments to reduce the property tax burden on Texans. He also urged the passage of legislation to protect business owners, healthcare facilities and employees, and first responders from being held liable for COVID-19 exposure claims when they adhere to relevant public health guidelines.",,,,,,,,,,,Y,
20-May-20,The Governor allowed Texas Alcoholic Beverage Commission license and permit renewals to occur after the current 30 day grace period after an expiration date without any late fees.,,,,,,,,,,,Y,
20-May-20,"The Governor, Lt. Governor, and House Speaker sent a letter to state agencies and institutions of higher education, directing them to each submit a plan identifying savings that will reduce respective general and general revenue related appropriations by five percent for the 2020-2021 biennium.",,,,,Y,,,,Y,,,
21-May-20,The Governor announced that CVS Health will open 44 new COVID-19 testing sites at select CVS Pharmacy drive-thru locations. The sites will utilize self-swab tests and will be available to individuals who meet the CDC criteria and age guidelines.,,,,Y,,,,,,,,
21-May-20,The Governor announced that the Texas Department of Public Safety will begin a phased reopening of driver license offices beginning May 26 with limited offerings.,,Y,,,,,,,,,,
21-May-20,The Governor issued Executive Order GA-24 terminating air travel restrictions related to COVID-19.,,Y,,,,,,,,,,
21-May-20,"The Governor directed the Texas Health and Human Services Commission to expand COVID-19 testing to all patients, residents, and staff at the 23 state-operated inpatient psychiatric hospitals and living centers throughout the state.",,,,Y,,,,,,,,
22-May-20,"The Governor released a public service announcement, Be A Good Neighbor. Be a Good Texan, encouraging Texans to do their part to protect themselves and others by following best practices including social distancing, wearing a face mask, and washing hands regularly.",,,,,,,,,,,Y,
22-May-20,The Governor issued an executive order suspending in-person visitations in all county and municipal jails in the state of Texas.,Y,,,,,,,,,,,
22-May-20,The Governor announced that the Texas Workforce Commission has extended payment deadlines for designated reimbursing employers that are required to pay a share of unemployment benefits.,,,,,,,,,,,Y,
27-May-20,"The Governor issued a proclamation, expanding services and activities permitted to reopen under Phase II of the states reopening plan. Water parks may reopen beginning May 29; recreational sports programs for adults may resume on May 31, with games and competitions beginning on June 15. Additionally, food-court dining areas within shopping malls can reopen immediately with limited occupancy and under health and safety regulations.",,Y,,,,,,,,,,
27-May-20,"The Governor and the Texas Health and Human Services Commission (HHSC) announced $3.6 million in funding for nursing facilities to purchase tablets, webcams, and headphones to connect residents with their loved ones during COVID-19. Nursing facility providers can submit applications to HHSC to receive up to $3,000 in federal funding per facility.",,,,,,,,,,,Y,
3-Jun-20,"The Governor signed an executive order implementing Phase III of the states reopening plan. The order stipulates:Occupancy limitations for reopening businesses;Maintains a prohibition on visitation of nursing homes, state supported living centers, assisted living facilities, and long term care facilities  unless as determined through guidance by the HHS; andPermits public schools to resume operations under minimum standard health protocols issued by the Texas Education Agency.",,Y,,,,,,,,,,
8-Jun-20,"The Governor announced that the Texas Division of Emergency Management, in coordination with local officials, public health officials, and emergency management offices, is working to identify and rapidly expand COVID-19 testing in underserved and minority communities disproportionately impacted.",,,,Y,,,,,,,,
9-Jun-20,The Governor announced that the Texas Department of State Health Services is distributing additional cases of the antiviral drug remdesivir to 85 hospitals across 34 counties in Texas.,,,,,,Y,,,,,,
10-Jun-20,"The Governor partnered with baseball Hall-Of-Famer, Nolan Ryan, to release a PSA titled Dont Be A Knucklehead, encouraging Texans to follow effective health and safety protocols.",,,,,,,,,,,Y,
11-Jun-20,The Governor renewed the states disaster declaration for COVID-19.,,,,,,,,,,,Y,
15-Jun-20,"The Governor partnered with Jaylon Smith of the Dallas Cowboys to release a new PSA entitled Wear A Mask On And Off The Field, urging Texans to wear masks and follow other health safety guidelines.",,,,,,,,,,,Y,
16-Jun-20,"The Governor and the Executive Vice Chancellor for Health Affairs of the University of Texas provided an update on Texas’ hospital capacity, stating that despite an uptick in cases, there continues to be abundant hospital capacity.The Governor also urged Texans to continue to look out for their own health and that of those around them.",,,,,,Y,,,,,Y,
23-Jun-20,The Governor expanded the authority of mayors and county judges to impose restrictions on outdoor gatherings of over 100 people.,,,Y,,,,,,,,,
23-Jun-20,The Governor directed the Health and Human Services Commission to enact emergency rules to provide strict health and safety standards and procedures for child care centers.,,,,,,Y,,,,,Y,
24-Jun-20,The Governor and the UT Southwestern Medical Center released a new Spanish-language public service announcement on how Texans can protect themselves from COVID-19.,,,,,,,,,,,Y,
24-Jun-20,"The Governor announced that the Texas Division of Emergency Management, in partnership with the Texas Military Department, will begin distributing 3-ply surgical masks to every Texan who undergoes COVID-19 testing at state-run mobile test collection sites.",,,,,,Y,,,,,,
25-Jun-20,"The Governor issued an Executive Order to ensure hospital bed availability for COVID-19 patients. The Order suspends elective surgeries at hospitals in Bexar, Dallas, Harris, and Travis counties.",Y,,,,,,,,,,,
25-Jun-20,The Governor announced that Texas will pause any further phases of reopening. Businesses permitted to open under previous phases may continue to operate at designated occupancy levels and minimum standard health protocols.,Y,,,,,,,,,,,
26-Jun-20," The Governor issued an Executive Order limiting certain businesses and services, including: Closing bars and similar establishments that receive more than 51% of their gross receipts from the sale of alcoholic beverages; Limiting capacity for dine-in service at restaurants; Closing rafting and tubing businesses; and Requiring outdoor gatherings of more than 100 people to be approved by local governments.",Y,,,,,,,,,,,
26-Jun-20,The Governor announced that the federal government granted his request to extend operations of Community Based Testing Sites across Texas.,,,,,,,,,,,Y,
29-Jun-20," The Governor announced that the Texas Health and Human Services Commission is extending the application deadline for the federal Pandemic-Electronic Benefit Transfer program, to July 31.",,,,,,,,,,,Y,
29-Jun-20," The Governor and University of Texas Head Football Coach Tom Herman released a PSA titled “The Power of Teamwork”, urging Texans to work together to mitigate the spread of COVID-19.",,,,,,,,,,,Y,
30-Jun-20,The Governor announced $9 million in federal funding for nursing facilities to implement infection control projects to protect residents and staff from the spread of COVID-19.,,,,,,,,,,,Y,
30-Jun-20,"The Governor issued a proclamation suspending elective surgeries at hospitals in Cameron, Hidalgo, Nueces, and Webb counties to help ensure hospital bed availability for COVID-19 patients in these communities.",Y,,,,,,,,,,,
30-Jun-20,The Governor extended the state’s disaster declaration.,,,,,,,,,,,Y,
2-Jul-20,The Governor issued an executive order requiring Texans to wear a face covering over the nose and mouth in public spaces in counties with 20 or more positive COVID-19 cases. The Governor also issued a proclamation giving mayors and county judges the ability to impose restrictions on some outdoor gatherings of 10 or more people.,Y,,,,,,,,,,,
2-Jul-20,"The Governor announced that the Texas Health and Human Services Commission will provide approximately $182 million in emergency Supplemental Nutrition Assistance Program benefits through July, in response to COVID-19.",,,,,,,,,,,Y,
2-Jul-20,The Governor and the Texas Health and Human Services Commission announced that $2.67 billion in federal funding was approved to support Texas hospitals that provide care to people receiving Medicaid.,,,,,,,,,,,Y,
2-Jul-20,The Governor extended the state’s disaster declaration in response to COVID-19.,,,,,,,,,,,Y,
4-Jul-20,The Governor announced that the Texas Department of State Health Services is distributing 448 cases of the antiviral drug remdesivir to 157 hospitals across the state.,,,,,,,,,,,Y,
7-Jul-20,"The Governor announced that the U.S. Department of Health and Human Services will provide free COVID-19 testing in Edinburg, Texas as part of the federal government’s surge testing efforts in hot spots. ",,,,Y,,,,,,,,
8-Jul-20,The Governor announced that the State of Texas will invest $57 million in federal funds to maintain the state’s need-based financial aid programs and keep students enrolled.  ,,,,,Y,,,,,,,
9-Jul-20,The Governor issued a proclamation to expand hospital capacity in 11 trauma service areas across the state.,,,,,,Y,,,,,,
10-Jul-20,The Governor renewed the state’s COVID-19 disaster declaration.,,,,,,,Y,,,,,
10-Jul-20,The Governor announced a partnership between the State of Texas and Omnicare to provide point-of-care testing for assisted living facilities and nursing homes.,,,,Y,,,,,,,,
13-Jul-20,The Governor announced that the U.S. Department of Defense has activated additional U.S. Army Urban Augmentation Medical Task Forces to assist the state’s efforts to combat COVID-19.,,,,,,Y,,,,,,
15-Jul-20,"The Governor announced that the Department of Defense will surge resources, including a U.S. Army Augmentation Medial Task Force, to the Rio Grande Valley to provide medical and support professionals to Rio Grande Valley hospitals. ",,,,,,Y,,,,,,
15-Jul-20,The Governor announced that the Public Safety Office will provide $41 million in federal funds to assist cities and counties in their COVID-19 response.,,,,,,,,,,,Y,
19-Jul-20,The Governor announced that the U.S. Department of Defense sent five U.S. Navy teams to four locations in South and Southwest Texas; one Navy Acute Care Team and four U.S. Navy Rural Rapid Response Teams will provide support to meet medical needs.,,,,,,Y,,,,,,
20-Jul-20,"The Governor and Dr. Francisco Cigarroa released a new Spanish-language public service announcement, urging Texans to work together to slow the spread of COVID-19.",,,,,,,,,,,Y,
23-Jul-20," The Governor and Dr. Guadalupe Zamora released a bilingual PSA, urging communities to work together to protect vulnerable Texans from COVID-19.",,,,,,,,,,,Y,
24-Jul-20," The Governor and the Texas Military Department announced Joint Task Force Texas, a newly formed partnership between the Texas National Guard and Active Duty and Reservists to strengthen the COVID-19 response in Texas.",Y,,,,,,,,,,,
24-Jul-20, The Governor announced that the Texas Health and Human Services Commission has received federal authority to extend certifications by six months for Supplemental Nutrition Assistance Program benefits.,,,,,,,,,,,Y,
27-Jul-20,"The Governor issued a proclamation extending the early voting period for the November 3 elections, allowing early voting by personal appearance to begin on Tuesday, October 13, and continue through Friday, October 30.",,,,,,,,,,,Y,
30-Jul-20,"Governor Abbott, HHSC extended flexibilities for Medicaid, CHIP providers during COVID-19 response",,,,,,Y,,,,,,
4-Aug-20,Governor Abbott announced White House Title 32 extension of Texas National Guard COVID-19 mission,,,,,,,,,,,Y,
7-Aug-20,"Governor Abbott, HHSC secured $1.1 billion In federal funding for nursing facilities",,,,,,,,,Y,,Y,
8-Aug-20,Governor Abbott extended State Disaster Declaration for COVID-19,Y,,,,,,Y,,,,,
7-Sep-20,Governor Abbott extended Statewide Disaster Declaration For COVID-19,Y,,,,,,Y,,,,,
17-Sep-20,Governor Greg Abbott issued executive order that increases hospital capacity in highly affected counties ,Y,,,,,Y,,,,,,
17-Sep-20,"Governor Abbott issued an executive order expanding occupancy levels and announced guidance for nursing home, long-term care visitations",,Y,,,,,,,,,,
25-Sep-20,Governor Abbott announced an agreement with health insurers to continue payment parity for telehealth,,,,,,Y,,,,,,
25-Sep-20,Governor Abbott announced over $171 million in CARES Act funding for rental assistance and the Texas Eviction Diversion Program,,,,,,,,,Y,,Y,
30-Sep-20,"Governor Abbott, HHSC announced extension of emergency SNAP benefits for October 2020",,,,,,,,,Y,,Y,
30-Sep-20,Governor Abbott announced federally funded COVID-19 testing sites in McLennan County,,,,Y,,,,,,,,
2-Oct-20,"Governor Abbott, HHSC announced $3.5 Million for nursing facility safety projects",,,,,,Y,,,,,,
7-Oct-20,Governor Abbott issued an Executive Order to open bars In qualifying counties,,Y,,,,,,,,,,
9-Oct-20,Governor Greg Abbott announced the Texas Health and Human Services Commission (HHSC) will receive more than $20 million in additional federal funding for disaster crisis counseling services for Texans impacted by the COVID-19 pandemic.,,,,,,Y,,,,,,
12-Oct-20,Governor Greg Abbott announced that the Texas Department of State Health Services (DSHS) and the Texas Division of Emergency Management (TDEM) have surged medical personnel and personal protective equipment (PPE) to El Paso to help combat COVID-19 and support hospitals in the region.,,,,,,Y,,,,,,
14-Oct-20,Governor Abbott announced COVID-19 Rapid Testing Pilot Program for Texas school systems,,,,Y,,,,,,,,
16-Oct-20,"Governor Abbott surged State resources such as medical personnel, medical supplies, and personal protective equipment (PPE) to Amarillo, Lubbock to support COVID-19 response",,,,,,Y,,,,,,
22-Oct-20,"Governor Abbott surged State resources such as medical personnel, medical supplies, and personal protective equipment (PPE) to el Paso to support COVID-19 response",,,,,,Y,,,,,,
25-Oct-20,State of Texas to establish alternate care site in El Paso to expand hospital capacity,,,,,,Y,,,,,,
5-Nov-20,Governor Abbott and HHSC announced extension of emergency SNAP benefits for November 2020,,,,,,,,,,,Y,
6-Nov-20,Governor Greg Abbott announced that the U.S. Department of Defense (DOD) has deployed three U.S. Air Force Medical Specialty Teams to assist the state's efforts to combat COVID-19 in El Paso,,,,,,Y,,,,,,
11-Nov-20,Governor Greg Abbott has deployed additional resources to El Paso and Lubbock to help combat COVID-19 in these communities,,,,,,Y,,,,,,
13-Nov-20,"Governor Greg Abbott announced that the Texas Department of State Health Services (DSHS) is allocating an initial shipment of bamlanivimab, the Eli Lilly & Company monoclonal antibody therapy, to be distributed as early as next week to acute care hospitals across every geographic region of the state",,,,,,Y,,,,,,
18-Nov-20,Governor Greg Abbott announced a $420 million reimbursement program to cover costs incurred by Texas public schools that purchased Wi-Fi hotspots and/or eLearning devices,,,,,Y,,,,,,,
23-Nov-20,Governor Greg Abbott and the Texas Department of State Health Services (DSHS) announced Texas COVID-19 Vaccine Distribution Plan,,,,,,,,,,,,Y
24-Nov-20,Governor Greg Abbott announced a bamlanivimab infusion wing at the state-run alternate care site (ACS) in El Paso to treat outpatient cases of COVID-19,,,,,,Y,,,,,,
6-Dec-20,Governor Abbott Extends State Disaster Declaration For COVID-19 in December 2020,Y,,,,,,,,,,,
7-Dec-20,"Governor Abbott, TDEM Launch COVID-19 Rapid Testing Pilot Program For Front Line Workers Of Small Businesses",,,,Y,,,,,,,,
11-Dec-20,"State Of Texas Activates Federal COVID-19 Vaccination Program For Long-Term Care Staff, Residents",,,,,,,,,,,,Y
17-Dec-20,"95,000 doses of COVID-19 vaccine have been delivered to 23 different sites throughout the state of Texas. An additional 129,675 doses will be delivered to 87 sites today — bringing the total number of doses to over 224,000 across 110 providers (hospitals and medical schools) in 34 counties.",,,,,,,,,,,,Y
17-Dec-20,Governor Greg Abbott announced that the Texas Division Of Emergency Management (TDEM) has established a COVID-19 therapeutic infusion center in Harlingen to treat outpatient cases of COVID-19. ,,,,,,Y,,,,,Y,
30-Dec-20,"Governor Greg Abbott announced that the Texas Division of Emergency Management (TDEM) has secured an extension of four Community Based Testing Sites (CBTS) in Houston and Harris County through January 31, 2021 or until the sites reach maximum capacity of conducting 50,000 COVID-19 tests.",,,,Y,,,,,,,,
4-Jan-21,"Governor Greg Abbott announced that the Texas Division Of Emergency Management (TDEM) has established a COVID-19 therapeutic infusion center in Austin to treat outpatient cases of COVID-19. The infusion center, which will begin accepting patients on Wednesday, has been provided with Regeneron to treat patients, who meet certain criteria, with a referral from a hospital or doctor.",,,,,,Y,,,,,,
5-Jan-21,Governor Abbott Renews COVID-19 Disaster Declaration certifying under Section 418.014 of the Texas Government Code that the novel coronavirus (COVID-19) poses an imminent threat of disaster for all counties in the State of Texas,,,,,,,Y,,,,Y,
22-Jan-21,"Governor Abbott, TDEM Expand COVID-19 Rapid Testing Program For Front Line Workers Of Small Businesses",,,,Y,,,,,,,,
25-Jan-21,Governor Greg Abbott announced that the Texas Division of Emergency Management (TDEM) has expanded the COVID-19 therapeutic infusion center in Austin,,,,,,y,,,,,Y,
2-Feb-21,Governor Greg Abbott announced that the Texas Health and Human Services Commission (HHSC) will provide approximately $300 million in emergency Supplemental Nutrition Assistance Program (SNAP) food benefits for the month of February as the state continues its response to the COVID-19 pandemic.,,,,,,,,,,,Y,
5-Feb-21,Governor Abbott Extends COVID-19 Disaster Declaration - February 2021,Y,,,,,,,,,,,
9-Feb-21,Governor Greg Abbott today announced that the Texas Department of Housing and Community Affairs (TDHCA) has launched the Texas Rent Relief Program — the first statewide rent and utility assistance program for qualifying households throughout Texas. This program has been created to administer the more than $1 billion allocated to Texas through the latest federal COVID-19 stimulus bill,,,,,,,,,Y,,Y,
25-Feb-21,Governor Abbott Announces “Save Our Seniors” Initiative To Vaccinate Homebound Seniors In Texas,,,,,,,,,,,,Y
1-Mar-21,Governor Abbott and TDEM Launch First Week Of Save Our Seniors Initiative In 26 Counties,,,,,,,,,,,,Y
2-Mar-21,"Governor Abbott Lifts Mask Mandate, Opens Texas 100 Percent",,Y,,,,,,,,,Y,
5-Mar-21,"Governor Greg Abbott and the Texas Education Agency (TEA) announced today that the State of Texas will provide a ""hold harmless"" to Texas school systems for the rest of the 2020-2021 academic school year only. This means funding will be made available to school systems in Texas that have seen enrollment and attendance declines because of the COVID-19 pandemic, as long as they maintain or increase current levels of on-campus attendance. Districts will be funded on attendance in line with projections made prior to the public health crisis. This will ensure that school systems in Texas can retain their teachers for the 2020-21 school year for whom they originally budgeted.",,,,,Y,,,,,,Y,
25-Mar-21,Governor Abbott Announces Outreach Partnership To Increase COVID-19 Vaccinations Among Seniors,,,,,,,,,,,,Y
30-Mar-21,"Governor Abbott, TDEM Announce COVID-19 Rapid Testing Program For Texas Youth Summer Camps",,,,Y,,,,,,,,
6-Apr-21,Governor Greg Abbott and the Texas Health and Human Services Commission (HHSC) will provide approximately $254 million in emergency Supplemental Nutrition Assistance Program (SNAP) food benefits for the month of April as the state continues its response to the COVID-19 pandemic.,,,,,,,,,Y,,Y,
6-Apr-21,"Governor Greg Abbott issued an Executive Order prohibiting state agencies or political subdivisions in Texas from creating a ""vaccine passport"" requirement, or otherwise conditioning receipt of services on an individual’s COVID-19 vaccination status. ",,,,,,,,,,,Y,Y
17-May-21,Governor Greg Abbott informed the U.S. Department of Labor that Texas will opt out of further federal unemployment compensation related to the COVID-19 pandemic,,,,,,,,,Y,,,
18-May-21,Governor Abbott Issues Executive Order 36 Prohibiting Government Entities From Mandating Masks,,,,,,,,,,,Y,
7-Jun-21,Governor Abbott Extends COVID-19 Disaster Declaration For June 2021,,,,,,,Y,,,,,
10-Aug-21,"The Texas Department of State Health Services (DSHS) will be utilizing staffing agencies to provide medical personnel from out-of-state to Texas health care facilities to assist in COVID-19 operations. The Governor has also sent a letter to the Texas Hospital Association asking hospitals to voluntarily postpone elective medical procedures, for which a delay will not result in loss of life or the deterioration of a patient's condition, in order to increase hospital capacity for COVID-19 patients.",,,,,,Y,,,,,,
16-Aug-21,Governor Greg Abbott announced that the Texas Department of State Health Services (DSHS) and the Texas Division of Emergency Management (TDEM) are launching nine COVID-19 antibody infusion centers throughout the state.,,,,,,Y,,,,,,
19-Aug-21,Governor Greg Abbott announced that the Texas Department of State Health Services (DSHS) and the Texas Division of Emergency Management (TDEM) will deploy additional medical personnel and launch more COVID-19 antibody infusion centers across the state over the next week.,,,,,,Y,,,,,,
26-Aug-21,"Governor Greg Abbott announced that the Texas Department of State Health Services (DSHS) will be deploying an additional 2,500 medical staff to support health care facilities in Texas, including hospitals and nursing homes.",,,,,,Y,,,,,,
15-Dec-21,Governor Greg Abbott today announced the Texas Health and Human Services Commission (HHSC) is providing $128 million in federal American Rescue Plan Act funding to rural hospitals and nursing facilities to support health care providers during the COVID-19 pandemic.,,,,,,Y,,,Y,,,