﻿date,policy,Restrict/Close,Opening (State),Deferring to County,Testing,Education,Health/Medical,Emergency Level,Transportation,Budget,Social Distancing,Other,Vaccine
13-Mar-20,"The Governor declared a state of emergency for the United States Virgin Islands. Among other actions, the declaration places a moratorium on permits for mass gatherings and cancels the upcoming St. Patricks Day parade on St. Croix.",Y,,,,,,Y,,,,,
13-Mar-20, Department of Licensing and Consumer Affairs Commissioner Richard Evangelista instituted a price freeze until further notice.,,,,,,,,,,,Y,
16-Mar-20,"The Governor announced the closure of all public schools through April 14. Under guidance from the Centers for Disease Control and Prevention and the Virgin Islands Department of Health, the Governor also banned gatherings of more than 50 people and postponed the USVI Carnival.",Y,,,,Y,,,,,,,
16-Mar-20,The Virgin Islands Department of Human Services asked all senior citizens to sign up for the Emergency Assistance Senior Registry.,,,,,,,,,,,Y,
17-Mar-20,"The Bureau of Motor Vehicles announced new procedures to help limit the spread of COVID-19, including limiting the number of customers permitted at any given time, and online vehicle registration.",,,,,,,,,,Y,Y,
18-Mar-20,"The Governor directed commissioners and directors to implement different telework, flexible work schedules and social distancing practices until further notice.",,,,,,,,,,Y,Y,
19-Mar-20,The Department of Labor clarified that employees who are unable to work due to COVID-19 will be eligible to file for unemployment benefits.,,,,,,,,,,,Y,
19-Mar-20,"The Governor, citing CDC guidelines, asked residents to restrict gatherings to 10 persons and practice social distancing. The Governor also asked bars and restaurants to limit service to take-out and pick-up and asks non-essential businesses to limit operations.",Y,,,,,,,,,,,
20-Mar-20,"The Governorrequested a Disaster Declaration from the Small Business Administration to mitigate COVID-19, which the Small Business Administration grants the following day.",,,,,,,,,,,Y,
20-Mar-20,The Governor sent proposed legislation down to the V.I. Legislature requesting emergency authorization to use public funds and issue bonds and revenue anticipation notes for up to $60 million to fight COVID-19 in the USVI.,,,,,,,,,,,Y,
21-Mar-20, Governor Bryan advised residents to stay at home and all non-essential businesses to close.,Y,,,,,,,,,,,
23-Mar-20,"The Governor issued a stay-at-home order and orders all non-essential business to remain closed, beginning March 25, 2020.The order also officially limits gatherings to 10 persons or fewer, closes all bars, prohibits restaurants from offering dining room service and limits taxis and safaris to half-capacity passenger loads.The order also limits the Government of the Virgin Islands to non-essential operations, suspends all landlord requests for rent and/or evictions and allows Government employee retirees to re-enter the workforce with having to sacrifice their retirement benefits.",Y,,,,,,,,,,,
24-Mar-20,The Virgin Islands Tourism Department announced its temporary closure.,Y,,,,,,,,,,,
25-Mar-20,"The Virgin Islands Department of Education announced it will begin distributing breakfast and lunch on March 26 to students attending all public, private and parochial schools in its No V.I. Child Goes Hungry feeding initiative.",,,,,,,,,,,Y,
26-Mar-20," Government of the Virgin Islands agencies and departments changed their operations to suspend in-person services, and instead direct residents to their websites to keep Government obligations and services active.",,,,,,,,,,Y,Y,
26-Mar-20,Governor Bryan hosted an informal town hall meeting with residents via social media; thousands of residents participate.,,,,,,,,,,,Y,
27-Mar-20,Governor Bryan issued a proclamation calling for a Day of Prayer in the USVI.,,,,,,,,,,,Y,
27-Mar-20,The Governor announced that 12 pallets of medical supplies related to COVID-19 containment have arrived in the Territory and says more are on the way.,,,,,,Y,,,,,,
28-Mar-20,"Governor Bryan and First Lady Yolanda Bryan hosteda Day of Prayer, Fasting and Reflection, with more than two dozen clergy involved and 5-minute prayers broadcast on radio stations throughout the Territory every hour for 24 hours.",,,,,,,,,,,Y,
30-Mar-20,"Governor Bryan issued a third executive order that extends the stay-at-home directive and the closure of non-essential businesses to April 30. Additionally, the new order requires closure of beach restaurants.",Y,,,,,,,,,,,
1-Apr-20,The Governor announced that the Territory received testing materials to do the tests locally and be able to have the results back in 24 hours or less. He also announced that a second shipment of medical supplies arrived.,,,,Y,,Y,,,,,,
2-Apr-20,"President Donald Trump approve da Major Disaster declaration for the U.S. Virgin Islands, which opens the door to getting federal assistance to mitigate the COVID-19 virus.",,,,,,,,,,,Y,
2-Apr-20,"The Law Enforcement Planning Commission announced $2.9 million in Coronavirus Emergency Supplemental Funding that is earmarked for supporting first responders with equipment and other needs, as well as provide health care for inmates at the Bureau of Corrections.",,,,,,,,,,,Y,
3-Apr-20," Governor Bryan urged local business owners to take advantage of the U.S. Small Business Associations Paycheck Protection Program, which will provide loans to businesses so they can keep their employees on the payroll.",,,,,,,,,,,Y,
5-Apr-20,The V.I. Health Department announces the Territorys first death from COVID-19: an 85-year-old male St. Thomas resident with underlying medical conditions who unknowingly came into contact with a confirmed COVID-19 case that traveled to the island from Anguilla.,,,,,,,,,,,Y,
6-Apr-20, Governor Bryan closed all beaches in the Territory through April 20.,Y,,,,,,,,,,,
6-Apr-20,"The Governor announced agency changes to normal operations, including: The suspension of in-person visitations at all correctional facilities; The extension of the 2019 income tax filing deadline until July 15; The closure of the Bureau of Motor Vehicles until May 4; The closure of all public schools through April 30; and The closure, adjusted hours, and minimized in-person services at various state offices. ",Y,,,,Y,,,,,,,
7-Apr-20,"The Centers for Medicare & Medicaid Services (CMS) approved the U.S. Virgin Islands request for a Section 1135 Medicaid waiver.The approved waiver enables U.S.V.I to provide flexibilities in Medicaid provider screening and enrollment, lift prior authorization requirements, and extend fair hearing timelines.",,,,,,Y,,,,,,
8-Apr-20,The Governor clarified for residents the powers and authorizations of sworn peace officers during a state of emergency.,,,,,,,,,,,Y,
9-Apr-20,"The Governor updated residents on the efforts of his Marine Task Force, an appointed group of stakeholders from the Marine industry, to track all boats moored in Territorial waters.The number of boaters moored in the USVI has increased dramatically as people try to flee COVID-19 in other jurisdictions.",,,,,,,,,,,Y,
9-Apr-20,The Attorney General reminded residents that willful violators of emergency executive orders can face criminal consequences.  ,,,,,,,,,,,Y,
9-Apr-20,The Department of Human Services announced that the Supplemental Nutrition Assistance Program (SNAP) will issue additional SNAP benefits during April and May. ,,,,,,,,,,,Y,
10-Apr-20,The Governor and the Anderson Stewart Family Foundation announced a $1 million grant given to the Department of Health for equipment and provision of services. ,,,,,,,,,,,Y,
13-Apr-20," Governor Bryan announced that the U.S. Department of the Interiors Office of Insular Affairs has given the U.S. Virgin Islands $7,863,776 in funding from the Coronavirus Aid, Relief, and Economic Security (CARES) Act federal COVID-19 stimulus bill.",,,,,,,,,,,Y,
13-Apr-20,"The Governor announced a $41 million award from the Federal Aviation Administration (FAA), as part of the CARES Act, to maintain the Territorys airports. ",,,,,,,,,,,Y,
14-Apr-20,The Governor signed into law legislation authorizing his Administration to issue Revenue Anticipation Notes up to $120 million to fight COVID-19.,,,,,,,,,,,Y,
15-Apr-20, Governor Bryan announced that the Government of the Virgin Islands will subsidize ratepayers of the Virgin Islands Water and Power Authority by providing credits to their accounts of $250 for individuals and $500 for businesses.,,,,,,,,,,,Y,
16-Apr-20," Governor Bryan sent a letterto House Speaker Nancy Pelosi, Senate Majority Leader Mitch McConnell; House Minority Leader Kevin McCarthy and Senate Minority Leader Charles Schumer requesting additional federal assistance to help offset the devastating loss of the U.S. Virgin Islands Tourism industry.",,,,,,,,,,,Y,
17-Apr-20,The Governor announced a plan to reopen the territorys beaches on April 20. ,,,,,,,,,,,Y,
17-Apr-20,"The Governor addressed transportation challenges facing disabled and elderly residents and said he is considering using the VITRAN public bus system, which has suspended services, and enlisting private taxi services to help those residents run their daily errands.The Governor also announced the second fatality in the Territory from COVID-19: 72-year-old St. Thomas woman with a history of diabetes and cardiovascular disease.",,,,,,,,,,,Y,
18-Apr-20,The Virgin Islands National Guard began construction at its Regional Training Institute on St. Croix to repurpose it as a quarantine center for COVID-19 patients.,,,,,,Y,,,,,,
20-Apr-20,The Governor issued a fifth supplemental Executive Order that will reopen the public beaches in the Territory.,,Y,,,,,,,,,,
20-Apr-20,"The Governor announced the third death from COVID-19, a 77-year-old man from St. Croix with an underlying history of health issues and who had recently travelled from Florida.",,,,,,,,,,,Y,
21-Apr-20,The Office of Management and Budget instituted the state-of-the-art grants management system eCivis across all agencies and departments in the Government of the Virgin Islands.The system tracks grants from inception to payout and closure.,,,,,,,,,,,Y,
22-Apr-20,"The Governor announced that his Administration received $75 million from the federal CARES Act, which will allow for the Government of the Virgin Islands to provide a subsidy for V.I. Water and Power Authority ratepayers, assist the passenger ferry operators, which have cut back their passenger loads for social distancing, and to offer transportation assistance for disabled and elderly residents.",,,,,,,,,,,Y,
23-Apr-20,"The Governor announced the beginning of a rent freeze, per his fifth supplemental executive order, to be in effect for the duration of the state of emergency.",,,,,,,,,,,Y,
24-Apr-20,"The Governor announced that his Administration will pursue several avenues to provide additional health care staffing and is in final negotiations with Doctors Without Borders, the Islamic Medical Association and other programs to bring physicians, nurses, respiratory therapists, infection specialists and others to bolster the Territorys team.",,,,,,Y,,,,,,
25-Apr-20,"The Virgin Islands Energy Office issued an advisory, telling residents how they can conserve power during the COVID-19 pandemic.",,,,,,,,,,,Y,
26-Apr-20,"The Governors administration announced continued efforts to stockpile resources and supplies to fight the spread of the virus.The Governor also announced that the Territory is awaiting the delivery of additional ventilators Personal Protective Equipment, including overalls, face-shields, 60,000 regular masks and 50,000 N-95 masks.",,,,,,,,,,,Y,
27-Apr-20,"The Governor announced the Your Energy Stimulus (YES) Program to grant $250 and $500 credits to the V.I. Water and Power Authority accounts of residents and businesses, respectively, during the state of emergency. ",,,,,,,,,,,Y,
28-Apr-20,"The Governor announced the resumption of applications for the U.S. Small Business Administrations Paycheck Protection Program (PPP), which offers businesses loans that will be forgiven if the company keeps all employees on the payroll for eight weeks and the money is used for rent, mortgage interest or utilities. To date, 240 Virgin Islands businesses have received more than $62 million under the PPP.",,,,,,,,,,,Y,
29-Apr-20,"The Governor issued an executive order approving administrative leave for non-essential government employees to commemorate Carnival on St. Thomas, which was cancelled this year due to COVID-19.",,,,,,,,,,,Y,
29-Apr-20,"The Governor issued a Safer at Home order to go into effect on May 4.The order, which will transition the territory from its Stay-At-Home order, provides guidance regarding face masks, gatherings, and recreation facilities, among others. ",,,,,,,,,,,Y,
1-May-20,The Governor announced that the USVI reached a milestone of having 1 percent of its residents tested for COVID-19.,,,,Y,,,,,,,Y,
2-May-20,"The Governor announced graphic versions of the color-coded phases available to residents and businesses, showing the Governors path to a New Normal.",,,,,,,,,,,Y,
3-May-20,"The Governor launched a No Mask, No Service order, requiring all patrons of businesses to wear masks and all employees interacting with the public to also wear masks.",,,,,,,,,,,Y,
4-May-20,"The Governor announced the beginning of the territory's Safer-at-Home phase, allowing non-essential businesses to reopen and outlining requirements for masks and social distancing. ",,Y,,,,,,,,,,
6-May-20,The Governor announced a collaboration with Google to ensure Virgin Islands have access to reliable and timely information related to COVID-19.,,,,,,,,,,,Y,
6-May-20,The Government of the Virgin Islands received $84.7 million from the Internal Revenue Service and began the rollout of federal stimulus checks to eligible residents.,,,,,,,,,,,Y,
7-May-20,"The Governor announced eased restrictions during the territory's Safer at Home phase of reopening. Under this phase, hotels can take reservations for residents and business travel, and dive shops, day sails, and excursions can operate under the same conditions as other non-essential businesses.",,Y,,,,,,,,,,
7-May-20,"The Governor announced that the Territory has received the money from the IRS for residents stimulus checks, which will begin rolling out the following week.",,,,,,,,,,,Y,
7-May-20,"The 33rd Legislature unanimously approved Governor Bryan's request for a 60-day extension to the State of Emergency, extending the expiration date until July 12.",,,,,,,Y,,,,Y,
8-May-20,The Governor announced that the U.S. Department of Labor awarded the Virgin Islands a $1.5 million National Dislocated Worker Grant to provide disaster relief employment.,,,,,,,,,,,Y,
8-May-20,The Governor announced close coordination with Limetree Bay to enforce protocols to ensure that contract workers and workers returning to St. Croix from the U.S. Mainland are adequately screened and monitored.,,,,,,,,,,,Y,
8-May-20,"The Governors COVID-19 task force, led by Health Commissioner Justa Encarnacion, announced that it is working closely with Limetree Bay Terminals to enforce protocols in place to ensure new contract workers and contract workers returning to St. Croix from the U.S. Mainland are adequately screened and monitored for COVID-19.The protocols set for returning contractors include a pre-approval for travel by Limetree and a requirement to provide the Department of Health with their on-island address and flight itinerary prior to arrival.",,,,,,,,,,,Y,
9-May-20,"The Governors COVID-19 Task Force announced that an individual suffering respiratory distress aboard a vessel at sea is one of the territory's latest COVID positive patients.The individual, who was brought to St. Thomas and immediately placed under quarantine at Schneider Regional Medical Center in critical condition was admitted after the vessel that individual was aboard was denied entry into Puerto Rico.",,,,,,,,,,,Y,
10-May-20,"The Governor announced the receipt of $485,000 from the U.S. Department of Health and Human Services for two clinics in the Territory to expand testing capabilities.The Frederiksted Health Clinic on St. Croix received $275,719 and the East End Medical Center on St. Thomas received $209,149.",,,,Y,,,,,,,,
11-May-20,"The Governor announced that the Territory will receive a case of the COVID-19 drug, Remdesivir.",,,,,,Y,,,,,,
11-May-20,The Governor announced that the first round of stimulus checks  between $8 million and $10 million  are being mailed out.,,,,,,,,,,,Y,
12-May-20,The Governor announced that the VA Caribbean Healthcare System will begin testing Veteran's residing in the Virgin Islands.,,,,Y,,,,,,,,
12-May-20,The V.I. Department of Health announced the sixth fatality from COVID-19: the 45-year-old son of the husband and wife who were the fourth and fifth victims to die of Coronavirus.,,,,,,,,,,,Y,
12-May-20,"The V.I. Veterans Affairs Office began testing veterans for COVID-19 in the Territory through the VA Caribbean Healthcare System, with 50 veterans on St. Croix being tested on the first day.",,,,Y,,,,,,,,
13-May-20, Governor Bryan announced that he has signed into law the 60-day extension to the State of Emergency order that was approved by the 33rd Legislature and a bill allowing all eligible voters in the Territory to vote by absentee ballot to avoid possible contact with persons infected with COVID-19.,,,,,,,,,,,Y,
14-May-20,The V.I. Office of Veterans Affairs announced that the Methodist Training and Outreach Center was awarded additional funding from the U.S. Department of Veterans Affairs for the Supportive Services for Veteran Families program to serve homeless veterans through the CARES Act. This funding is to be used to immediately meet the needs of homeless veterans or those veterans who may be facing homelessness through the loss of current housing.,,,,,,,,,,,Y,
15-May-20," BMV said it will reopen and provide all services, except road tests and written tests for the learners permit. Residents can drop off all required paperwork in a lock box and the BMV will call them when their documents or stickers are ready to be picked up.",,,,,,,,,,,Y,
16-May-20,"The Virgin Islands Finance Department issued two sets of stimulus checks during the week.The 6,271 checks total $9.9 million dollars.",,,,,,,,,,,Y,
17-May-20,The Virgin Islands Judiciary System announced it will expand the types of cases that will be eligible for remote hearings beyond matters that are emergencies or that have been expedited.,,,,,,,,,,,Y,
18-May-20,The Governor announced that the Social Security Administration reaches an agreement with the U.S. Virgin Islands to provide data about Social Security recipients that will enable the Territory to distribute stimulus checks to the beneficiaries without their having to file a 2018 income tax return for informational purposes.,,,,,,,,,,,Y,
19-May-20,The Governor resubmitted the amended Cannabis Use Act and urged the 33rd Legislature to act expeditiously on it so the Territory can begin tapping into a new revenue stream that will help restart the economy in the USVI and shore up its Government Employees Retirement System.,,,,,,,,,,,Y,
20-May-20,"Schneider Regional Medical Center on St. Thomas partially reopened and began scheduling non-high risk patients for elective procedures while keeping in place strict social distancing and safety protocols, such as screening all who enter the facility for COVID-19 and requiring the use of cloth face masks.",,Y,,,,,,,,,,
21-May-20,"The Governor eased restrictions on bars and restaurants, permitting dine-in patrons and bars to reopen on May 26, under certain conditions.",,Y,,,,,,,,,,
28-May-20,The Government announced that the territory will be reopening to tourism on June 1st.,,Y,,,,,,,,,,
1-Jun-20,"The Governor announced the beginning of the Open Doors phase of the Territory's recovery plan. Under this phase, restrictions against leisure travel are lifted; guidance has been developed for the safe operation of restaurants, bars, hotels, taxis, and safaris; and thermal scanners are being installed at airports, among other measure to track visitors and their health.",,,,,,,,,,,Y,
1-Jul-20,"The Governor ordered that all beaches be closed at 4pm for the duration of the July 4 weekend, and for all bars and alcohol sales Territory-wide to end at 11pm until further notice.",Y,,,,,,,,,,,
6-Jul-20,"The Governor requested a 60-day extension to the Territory’s State of Emergency, currently set to expire on July 11.",,,,,,,Y,,,,,
7-Jul-20,"The Governor announced that, beginning July 13, individuals who are residents of, or whose travel originates in Arizona, Florida, or Texas, must present test results proving that they are negative for COVID-19, or positive for COVID-19 antibodies, upon their arrival into the territory.",Y,,,,,,,,,,,
13-Jul-20,The Governor delayed the reopening of the Territory’s schools until at least September 8.,Y,,,,Y,,,,,,,
28-Jul-20, The Governor announced the activation of the Department of Tourism online portal for passengers arriving in the Territory. Visitors will be required to upload their travel health screenings and COVID-19 test results prior to traveling.,Y,,,,,,,,,,,
28-Jul-20,"The Governor announced the release of an online portal allowing visitors, especially those arriving from COVID-19 “hot spots” on the mainland, to upload their travel health screenings and COVID-19 test results before they travel.",,,,,,,,,,,Y,
11-Aug-20,"Governor Albert Bryan Jr. issued new mandates including limiting funerals to groups of 10, closure of restaurants that don’t comply with the executive orders, confiscating of boats that engage in “rafting” or tying up together and fines for those caught not wearing a mask in places where it is required.",Y,,,,,,,,,,,
13-Aug-20,Governor Albert Bryan Jr. has ordered the Territory to return to “Stay at Home” status,Y,,,,,,,,,,,
31-Aug-20,Governor Bryan extended ‘Stay-at-Home’ Order,Y,,,,,,,,,,,
8-Sep-20,Governor Albert Bryan Jr. issueed an executive order moving the territory to the Safer at Home phase of its COVID-19 reopening strategy,,Y,,,,,,,,,,
19-Sep-20,Governor Albert Bryan Jr. announced the Territory will reopens to leisure travel visitors,,Y,,,,,,,,,,
21-Sep-20,Governor Albert Bryan Jr. announced that the pilot phase for COVID testing at the territory’s airports will begin,,,,Y,,,,,,,,
6-Oct-20,Senate approved Governor Bryan’s request to extend State of Emergency,,,,,,,Y,,,,,
23-Oct-20,Governor Bryan signed bill extending State of Emergency,,,,,,,Y,,,,,
6-Nov-20,Governor Bryan announced reopening of bars and nightclubs,,Y,,,,,,,,,,
16-Nov-20,Government House Communications Director Richard Motta Jr. asked residents to gather safely and responsibly for the holidays and to limit gatherings to 10 or fewer people if possible,,,,,,,,,,,Y,
30-Nov-20,Territorial Epidemiologist Dr. Esther Ellis provided some details on the distribution drill the Department of Health is conducting this week in advance of the expected arrival of a COVID-19 vaccine.,,,,,,,,,,,,Y
2-Dec-20,Office of Management and Budget held its fall Revenue Estimating Conference on Wednesday where 18 of the government’s revenue-generating agencies provided a revenue outlook for Fiscal Year 2021.,,,,,,,,,,,Y,
14-Dec-20,The U.S. Virgin Islands Department of Health has joined the rest of the nation in embarking on the historic event of the receipt and distribution of the first shipment of the COVID-19 vaccine from Pfizer.,,,,,,,,,,,,Y
17-Dec-20,"Governor Albert Bryan Jr. on Monday said he is closing nightclubs – beginning at 5 p.m. Thursday, December 17. Governor Bryan also said that all bars are to close from Christmas Day until at least January 8",Y,,,,,,,,,,,
17-Dec-20,First COVID-19 Vaccines Administered in the Territory,,,,,,,,,,,,Y
18-Dec-20,"Lieutenant Governor Tregenza A. Roach, Esq., who also serves as the Virgin Islands Commissioner of Insurance, announces that health insurance companies authorized to conduct business in the Territory are required to waive any cost sharing for COVID-19 vaccinations- including deductibles, co-insurance, and co-payments.",,,,,,Y,,,,,,Y
4-Jan-21,The Virgin Islands Department of Health has advanced its phasebased COVID-19 vaccination plan from 1A to 1B.,,,,,,,,,,,,Y
1-Feb-21,VITEMA Announces Vaccination Hotline; Health Operating Pop-Up Sites for Free COVID-19 Testing,,,,Y,,,,,,,Y,y
2-Feb-21,"Governor Albert Bryan Jr. sent a letter to Senate President Donna Frett Gregory on Monday requesting that the 34th Legislature approve a 30-day extension to the State of Emergency, which is set to expire on Saturday, February 6. The Governor has asked that current State of Emergency be extended until March 8, 2021. Under Title 23, Chapter 10, Section 1005 of the V.I. Code, the Legislature has 5 days to act on a request to extend a State of Emergency and the measure automatically ratified if no legislative action is taken.",,,,,,,Y,,,,,
1-Mar-21,"Governor Bryan Eases Some COVID-19 Restrictions For Restaurants, Taxicabs and Beaches. Beginning next week, beaches can remain open until 5 p.m. on weekends and holidays, and taxis can transport more than the 50 percent capacity limit if all the passengers are part of the same family or group. In addition, restaurants can now seat up to 75 percent of their approved seating capacity, and they can seat more than six people at the same table if they are all in the same party.",,Y,,,,,,,,Y,,
21-May-21,"Governor Bryan Ends Beach Curfew, Eases COVID-19 Restrictions for Restaurants",,Y,,,,,,,,Y,,
26-May-21,"Governor Bryan has issued a 24th Supplemental Executive Order that eases restrictions put into place because of the COVID-19 pandemic, including suspending some evictions until July 30, raising the passenger limits on taxis and allowing patrons to sit at the bar in restaurants and clubs.",,Y,,,,,,,,Y,,
1-Jul-21,"The Department of Health launched PolarisKey - a digital health pass available to individuals vaccinated in the Virgin Islands. The digital vaccination record will make it easy for individuals to securely share their COVID-19 vaccination status, while maintaining their privacy, with a growing network of local organizations, as we look to safely return to normal activities.",,,,,,Y,,,,,Y,Y
19-Jul-21,Health Department Suspects Delta Variant Present in the Territory,,,,,,,,,,,Y,
11-Aug-21,"Acting Governor Roach Modifies COVID-19 Restrictions: Among the changes in Acting Governor Roach’s new executive order. Beaches will go back to closing at 4 p.m. on weekends and holidays . The limit on mass gatherings is reduced from 100 persons to a maximum of 50 persons and the Virgin Islands Department of Health may approve events up to 100 persons if they are all vaccinated. (ALL  gatherings or events of less than 50 persons still need approval from the Department of Health.)  The Positive Antibody test will no longer be an option for the travel portal, and persons arriving to the Territory will need to show proof of vaccination received in the USVI or provide a negative PCR or Among the changes in Acting Governor Roach’s new executive order. Beaches will go back to closing at 4 p.m. on weekends and holidays . The limit on mass gatherings is reduced from 100 persons to a maximum of 50 persons and the Virgin Islands Department of Health may approve events up to 100 persons if they are all vaccinated. (ALL  gatherings or events of less than 50 persons still need approval from the Department of Health.)  The Positive Antibody test will no longer be an option for the travel portal, and persons arriving to the Territory will need to show proof of vaccination received in the USVI or provide a negative PCR or antigen test taken within 5 days of their date of travel. (NOTE: Travelers arriving from the British Virgin Islands are required to present test results taken within 2 days of their arrival.)",Y,,,,,,,,,Y,,
29-Oct-21,Governor Albert Bryan Jr. relaxed and modified several COVID-19 restrictions as the number of active cases in the territory continues to decline.,,Y,,,,,,,,,,
5-Apr-22,The VI Department of Health (VIDOH) has received confirmation that seven (7) cases of the COVID-19 Omicron subvariant BA.2 have been identified in the territory. There were five (5) cases identified on St. Croix and two (2) on St. Thomas.,,,,,,,,,,,Y,